timestamp,collected_at,seconds,up_mid,up_best_bid,up_best_ask,down_mid,down_best_bid,down_best_ask,up_best_bid_size,up_best_ask_size,down_best_bid_size,down_best_ask_size,up_bid_2,up_bid_2_size,up_ask_2,up_ask_2_size,up_bid_3,up_bid_3_size,up_ask_3,up_ask_3_size,up_bid_4,up_bid_4_size,up_ask_4,up_ask_4_size,up_bid_5,up_bid_5_size,up_ask_5,up_ask_5_size,up_bid_6,up_bid_6_size,up_ask_6,up_ask_6_size,down_bid_2,down_bid_2_size,down_ask_2,down_ask_2_size,down_bid_3,down_bid_3_size,down_ask_3,down_ask_3_size,down_bid_4,down_bid_4_size,down_ask_4,down_ask_4_size,down_bid_5,down_bid_5_size,down_ask_5,down_ask_5_size,down_bid_6,down_bid_6_size,down_ask_6,down_ask_6_size
2026-01-07 11:00:00.593000+00:00,2026-01-07 10:59:58.265598+00:00,0.593,0.99,0.99,,0.01,,0.01,21463.63,,,54038.63,0.98,321.66,,,0.97,468.77,,,0.96,45.19,,,0.95,147.18,,,0.94,347.8,,,,,0.02,321.66,,,0.03,468.77,,,0.04,45.19,,,0.05,147.18,,,0.06,347.8
2026-01-07 11:00:01.534000+00:00,2026-01-07 10:59:59.271650+00:00,1.534,0.99,0.99,,0.01,,0.01,200764.23,,,200764.23,0.98,321.66,,,0.97,468.77,,,0.96,45.19,,,0.95,147.18,,,0.94,347.8,,,,,0.02,321.66,,,0.03,468.77,,,0.04,45.19,,,0.05,147.18,,,0.06,347.8
2026-01-07 11:00:02.747000+00:00,2026-01-07 11:00:00.292479+00:00,2.747,0.46499999999999997,0.46,0.47,0.535,0.53,0.54,101.0,686.46,686.46,34.25,0.45,56.0,0.48,2495.9,0.44,240.48,0.49,244.94,0.43,194.16,0.5,1806.88,0.42,314.0,0.51,328.81,0.41,383.0,0.52,183.0,0.52,2495.9,0.55,56.0,0.51,274.94,0.56,240.48,0.5,1806.88,0.57,194.16,0.49,328.81,0.58,314.0,0.48,183.0,0.59,383.0
2026-01-07 11:00:03.735000+00:00,2026-01-07 11:00:01.302044+00:00,3.735,0.455,0.45,0.46,0.545,0.54,0.55,15.0,5.0,20.0,15.0,0.44,140.87,0.47,686.46,0.43,194.16,0.48,2485.9,0.42,314.0,0.49,244.94,0.41,322.0,0.5,1806.88,0.4,254.0,0.51,358.81,0.53,686.46,0.56,140.87,0.52,2485.9,0.57,224.16,0.51,284.94,0.58,314.0,0.5,1806.88,0.59,322.0,0.49,328.81,0.6,254.0
2026-01-07 11:00:04.744000+00:00,2026-01-07 11:00:02.321399+00:00,4.744,0.455,0.45,0.46,0.545,0.54,0.55,62.92,5.0,5.0,62.92,0.44,140.87,0.47,686.46,0.43,239.16,0.48,2510.9,0.42,314.0,0.49,304.94,0.41,322.0,0.5,1836.88,0.4,201.0,0.51,343.81,0.53,686.46,0.56,150.87,0.52,2510.9,0.57,239.16,0.51,319.94,0.58,314.0,0.5,1836.88,0.59,322.0,0.49,343.81,0.6,264.0
2026-01-07 11:00:05.755000+00:00,2026-01-07 11:00:03.323504+00:00,5.755,0.46499999999999997,0.46,0.47,0.535,0.53,0.54,100.0,541.46,541.46,100.0,0.45,52.92,0.48,2550.9,0.44,170.87,0.49,284.94,0.43,234.16,0.5,1836.88,0.42,349.0,0.51,393.81,0.41,322.0,0.52,193.0,0.52,2550.9,0.55,52.92,0.51,284.94,0.56,170.87,0.5,1836.88,0.57,234.16,0.49,393.81,0.58,349.0,0.48,193.0,0.59,322.0
2026-01-07 11:00:06.747000+00:00,2026-01-07 11:00:04.330038+00:00,6.747,0.46499999999999997,0.46,0.47,0.535,0.53,0.54,86.0,436.46,436.46,101.0,0.45,52.92,0.48,2535.9,0.44,170.87,0.49,284.94,0.43,234.16,0.5,1851.88,0.42,349.0,0.51,378.81,0.41,322.0,0.52,193.0,0.52,2535.9,0.55,52.92,0.51,284.94,0.56,170.87,0.5,1851.88,0.57,234.16,0.49,378.81,0.58,349.0,0.48,193.0,0.59,322.0
2026-01-07 11:00:07.761000+00:00,2026-01-07 11:00:05.334256+00:00,7.761,0.46499999999999997,0.46,0.47,0.535,0.53,0.54,91.29,417.31,372.31,72.03,0.45,52.35,0.48,2470.9,0.44,170.87,0.49,284.94,0.43,292.16,0.5,1836.88,0.42,349.0,0.51,343.81,0.41,322.0,0.52,223.0,0.52,2470.9,0.55,37.35,0.51,319.94,0.56,170.87,0.5,1836.88,0.57,322.16,0.49,393.81,0.58,349.0,0.48,223.0,0.59,322.0
2026-01-07 11:00:08.771000+00:00,2026-01-07 11:00:06.355442+00:00,8.771,0.46499999999999997,0.46,0.47,0.535,0.53,0.54,32.85,372.31,372.31,52.85,0.45,52.35,0.48,2470.9,0.44,170.87,0.49,319.94,0.43,322.16,0.5,1836.88,0.42,349.0,0.51,393.81,0.41,322.0,0.52,223.0,0.52,2470.9,0.55,107.35,0.51,339.94,0.56,240.87,0.5,1941.88,0.57,334.16,0.49,413.81,0.58,419.0,0.48,283.0,0.59,392.0
2026-01-07 11:00:09.806000+00:00,2026-01-07 11:00:07.364154+00:00,9.806,0.475,0.47,0.48,0.525,0.52,0.53,65.0,2424.1,2429.1,65.0,0.46,171.85,0.49,254.94,0.45,167.35,0.5,1871.88,0.44,240.87,0.51,175.81,0.43,304.16,0.52,15.0,0.42,384.0,0.53,288.0,0.51,254.94,0.54,117.85,0.5,1871.88,0.55,223.35,0.49,175.81,0.56,240.87,0.48,15.0,0.57,304.16,0.47,288.0,0.58,384.0
2026-01-07 11:00:10.807000+00:00,2026-01-07 11:00:08.370769+00:00,10.807,0.445,0.44,0.45,0.555,0.55,0.56,3.63,55.0,58.8,3.63,0.43,199.16,0.46,125.0,0.42,379.0,0.47,100.0,0.41,352.0,0.48,2746.1,0.4,439.0,0.49,467.94,0.39,458.0,0.5,2089.88,0.54,125.0,0.57,16.16,0.53,130.0,0.58,196.0,0.52,2807.1,0.59,352.0,0.51,537.94,0.6,469.0,0.5,2089.88,0.61,354.0
2026-01-07 11:00:11.821000+00:00,2026-01-07 11:00:09.379403+00:00,11.821,0.435,0.43,0.44,0.565,0.56,0.57,56.16,85.0,85.0,50.86,0.42,75.0,0.45,8.8,0.41,372.0,0.46,100.0,0.4,484.0,0.47,313.0,0.39,364.0,0.48,2707.1,0.38,381.0,0.49,537.94,0.55,8.8,0.58,85.0,0.54,100.0,0.59,407.0,0.53,348.0,0.6,519.0,0.52,2717.1,0.61,364.0,0.51,572.94,0.62,381.0
2026-01-07 11:00:12.833000+00:00,2026-01-07 11:00:10.399645+00:00,12.833,0.435,0.43,0.44,0.575,0.57,0.58,15.86,242.0,90.0,50.0,0.42,50.0,0.45,326.8,0.41,33.0,0.46,278.0,0.4,195.0,0.47,318.0,0.39,236.0,0.48,2863.1,0.38,365.0,0.49,693.94,0.56,248.0,0.59,28.0,0.55,326.8,0.6,120.0,0.54,278.0,0.61,311.0,0.53,318.0,0.62,350.0,0.52,2863.1,0.63,340.0
2026-01-07 11:00:13.813000+00:00,2026-01-07 11:00:11.408493+00:00,13.813,0.415,0.41,0.42,0.585,0.58,0.59,18.0,115.0,115.0,18.0,0.4,120.0,0.43,140.0,0.39,291.0,0.44,313.0,0.38,350.0,0.45,326.8,0.37,450.0,0.46,308.0,0.36,369.0,0.47,318.0,0.57,140.0,0.6,120.0,0.56,313.0,0.61,291.0,0.55,326.8,0.62,350.0,0.54,308.0,0.63,450.0,0.53,318.0,0.64,439.0
2026-01-07 11:00:14.844000+00:00,2026-01-07 11:00:12.413005+00:00,14.844,0.445,0.44,0.45,0.555,0.55,0.56,65.0,35.0,35.0,95.0,0.43,50.0,0.46,80.0,0.42,80.0,0.47,333.0,0.41,316.0,0.48,2807.1,0.4,549.0,0.49,733.94,0.39,454.0,0.5,2220.88,0.54,80.0,0.57,50.0,0.53,333.0,0.58,80.0,0.52,2802.1,0.59,316.0,0.51,733.94,0.6,549.0,0.5,2220.88,0.61,454.0
2026-01-07 11:00:15.855000+00:00,2026-01-07 11:00:13.415713+00:00,15.855,0.44,0.43,0.45,0.555,0.55,0.56,175.0,90.0,5.0,65.0,0.42,75.0,0.46,50.0,0.41,336.0,0.47,353.0,0.4,549.0,0.48,2782.1,0.39,518.0,0.49,693.94,0.38,390.0,0.5,2210.88,0.54,175.0,0.57,120.0,0.53,308.0,0.58,95.0,0.52,2782.1,0.59,336.0,0.51,693.94,0.6,549.0,0.5,2245.88,0.61,518.0
2026-01-07 11:00:16.830000+00:00,2026-01-07 11:00:14.436065+00:00,16.83,0.445,0.44,0.45,0.555,0.55,0.56,65.0,5.0,5.0,65.0,0.43,100.0,0.46,175.0,0.42,95.0,0.47,308.0,0.41,336.0,0.48,2782.1,0.4,549.0,0.49,693.94,0.39,454.0,0.5,2245.88,0.54,175.0,0.57,100.0,0.53,308.0,0.58,95.0,0.52,2782.1,0.59,336.0,0.51,693.94,0.6,549.0,0.5,2245.88,0.61,454.0
2026-01-07 11:00:17.868000+00:00,2026-01-07 11:00:15.439015+00:00,17.868,0.445,0.44,0.45,0.555,0.55,0.56,50.0,5.0,5.0,50.0,0.43,100.0,0.46,190.0,0.42,165.0,0.47,308.0,0.41,336.0,0.48,2772.1,0.4,549.0,0.49,693.94,0.39,454.0,0.5,2166.51,0.54,190.0,0.57,110.0,0.53,318.0,0.58,165.0,0.52,2772.1,0.59,336.0,0.51,693.94,0.6,549.0,0.5,2166.51,0.61,454.0
2026-01-07 11:00:18.722000+00:00,2026-01-07 11:00:16.445519+00:00,18.722,0.445,0.44,0.45,0.555,0.55,0.56,50.0,2.55,24.88,50.0,0.43,215.0,0.46,270.0,0.42,155.0,0.47,308.0,0.41,336.0,0.48,2772.1,0.4,549.0,0.49,693.94,0.39,454.0,0.5,2166.51,0.54,240.3,0.57,180.0,0.53,333.0,0.58,180.0,0.52,2772.1,0.59,311.0,0.51,693.94,0.6,549.0,0.5,2131.51,0.61,454.0
2026-01-07 11:00:19.863000+00:00,2026-01-07 11:00:17.452084+00:00,19.863,0.455,0.45,0.46,0.545,0.54,0.55,5.0,260.3,260.3,5.0,0.44,70.0,0.47,308.0,0.43,205.0,0.48,2772.1,0.42,145.0,0.49,693.94,0.41,336.0,0.5,2166.51,0.4,549.0,0.51,549.81,0.53,308.0,0.56,70.0,0.52,2772.1,0.57,205.0,0.51,693.94,0.58,145.0,0.5,2166.51,0.59,336.0,0.49,549.81,0.6,549.0
2026-01-07 11:00:20.753000+00:00,2026-01-07 11:00:18.457528+00:00,20.753,0.455,0.45,0.46,0.545,0.54,0.55,5.0,372.3,347.3,5.0,0.43,140.0,0.47,293.0,0.42,200.0,0.48,2772.1,0.41,371.0,0.49,693.94,0.4,519.0,0.5,2166.51,0.39,518.0,0.51,549.81,0.53,293.0,0.57,140.0,0.52,2772.1,0.58,200.0,0.51,693.94,0.59,371.0,0.5,2166.51,0.6,519.0,0.49,549.81,0.61,518.0
2026-01-07 11:00:21.898000+00:00,2026-01-07 11:00:19.464756+00:00,21.898,0.435,0.43,0.44,0.565,0.56,0.57,25.0,128.92,88.92,25.0,0.42,175.0,0.45,75.0,0.41,183.0,0.46,333.3,0.4,564.0,0.47,318.0,0.39,518.0,0.48,2732.87,0.38,455.0,0.49,693.94,0.55,100.0,0.58,220.0,0.54,318.3,0.59,183.0,0.53,318.0,0.6,519.0,0.52,2732.87,0.61,518.0,0.51,693.94,0.62,455.0
2026-01-07 11:00:22.759000+00:00,2026-01-07 11:00:20.468667+00:00,22.759,0.435,0.43,0.44,0.565,0.56,0.57,35.0,78.92,78.92,40.0,0.42,240.0,0.45,95.0,0.41,153.0,0.46,333.3,0.4,519.0,0.47,348.0,0.39,548.0,0.48,2732.87,0.38,425.0,0.49,693.94,0.55,90.0,0.58,235.0,0.54,333.3,0.59,153.0,0.53,348.0,0.6,519.0,0.52,2732.87,0.61,548.0,0.51,693.94,0.62,425.0
2026-01-07 11:00:23.962000+00:00,2026-01-07 11:00:21.475874+00:00,23.962,0.435,0.43,0.44,0.565,0.56,0.57,50.0,113.92,113.92,39.57,0.42,230.0,0.45,75.0,0.41,153.0,0.46,358.3,0.4,519.0,0.47,348.0,0.39,548.0,0.48,2732.87,0.38,425.0,0.49,658.94,0.55,75.0,0.58,230.0,0.54,358.3,0.59,153.0,0.53,348.0,0.6,582.0,0.52,2732.87,0.61,484.0,0.51,658.94,0.62,425.0
2026-01-07 11:00:24.811000+00:00,2026-01-07 11:00:22.482525+00:00,24.811,0.435,0.43,0.44,0.565,0.56,0.57,19.57,113.92,113.92,19.57,0.42,240.0,0.45,155.0,0.41,163.0,0.46,343.3,0.4,519.0,0.47,348.0,0.39,543.0,0.48,2732.87,0.38,425.0,0.49,658.94,0.55,155.0,0.58,240.0,0.54,343.3,0.59,163.0,0.53,348.0,0.6,519.0,0.52,2732.87,0.61,543.0,0.51,658.94,0.62,425.0
2026-01-07 11:00:25.816000+00:00,2026-01-07 11:00:23.499526+00:00,25.816,0.435,0.43,0.44,0.565,0.56,0.57,19.57,113.92,113.92,19.57,0.42,260.0,0.45,175.0,0.41,192.0,0.46,358.3,0.4,519.0,0.47,348.0,0.39,548.0,0.48,2732.87,0.38,425.0,0.49,658.94,0.55,175.0,0.58,260.0,0.54,358.3,0.59,192.0,0.53,348.0,0.6,519.0,0.52,2732.87,0.61,548.0,0.51,658.94,0.62,425.0
2026-01-07 11:00:26.875000+00:00,2026-01-07 11:00:24.506508+00:00,26.875,0.435,0.43,0.44,0.565,0.56,0.57,14.57,113.92,113.92,14.57,0.42,240.0,0.45,185.0,0.41,212.0,0.46,348.3,0.4,519.0,0.47,348.0,0.39,548.0,0.48,2732.87,0.38,425.0,0.49,658.94,0.55,185.0,0.58,240.0,0.54,348.3,0.59,212.0,0.53,348.0,0.6,519.0,0.52,2732.87,0.61,548.0,0.51,658.94,0.62,425.0
2026-01-07 11:00:27.968000+00:00,2026-01-07 11:00:25.529737+00:00,27.968,0.435,0.43,0.44,0.56,0.55,0.57,527.79,37.81,120.0,672.79,0.42,185.0,0.45,120.0,0.41,187.0,0.46,368.3,0.4,519.0,0.47,363.0,0.39,548.0,0.48,2732.87,0.38,425.0,0.49,658.94,0.54,363.3,0.58,140.0,0.53,363.0,0.59,167.0,0.52,2732.87,0.6,547.0,0.51,658.94,0.61,484.0,0.5,2210.88,0.62,390.0
2026-01-07 11:00:28.967000+00:00,2026-01-07 11:00:26.536463+00:00,28.967,0.445,0.44,0.45,0.555,0.55,0.56,35.0,37.69,37.69,35.0,0.43,402.79,0.46,185.0,0.42,444.0,0.47,238.0,0.41,387.0,0.48,2732.87,0.4,549.0,0.49,572.94,0.39,523.0,0.5,2694.88,0.54,185.0,0.57,402.79,0.53,238.0,0.58,444.0,0.52,2762.87,0.59,387.0,0.51,572.94,0.6,549.0,0.5,2694.88,0.61,523.0
2026-01-07 11:00:29.978000+00:00,2026-01-07 11:00:27.557504+00:00,29.978,0.445,0.44,0.45,0.555,0.55,0.56,30.0,46.78,18.18,65.0,0.43,118.79,0.46,185.0,0.42,120.0,0.47,308.0,0.41,387.0,0.48,2762.87,0.4,549.0,0.49,572.94,0.39,523.0,0.5,2694.88,0.54,205.0,0.57,104.57,0.53,308.0,0.58,120.0,0.52,2762.87,0.59,387.0,0.51,572.94,0.6,549.0,0.5,2694.88,0.61,523.0
2026-01-07 11:00:30.879000+00:00,2026-01-07 11:00:28.562005+00:00,30.879,0.445,0.44,0.45,0.555,0.55,0.56,45.35,16.34,16.34,45.35,0.43,144.57,0.46,225.0,0.42,80.0,0.47,308.0,0.41,414.2,0.48,2762.87,0.4,549.0,0.49,572.94,0.39,523.0,0.5,2694.88,0.54,225.0,0.57,144.57,0.53,308.0,0.58,80.0,0.52,2762.87,0.59,414.2,0.51,572.94,0.6,549.0,0.5,2694.88,0.61,523.0
2026-01-07 11:00:31.970000+00:00,2026-01-07 11:00:29.583036+00:00,31.97,0.445,0.44,0.45,0.555,0.55,0.56,44.22,16.34,16.34,44.22,0.43,93.92,0.46,225.0,0.42,80.0,0.47,308.0,0.41,414.2,0.48,2762.87,0.4,549.0,0.49,572.94,0.39,523.0,0.5,2694.88,0.54,225.0,0.57,93.92,0.53,308.0,0.58,80.0,0.52,2762.87,0.59,414.2,0.51,572.94,0.6,549.0,0.5,2694.88,0.61,523.0
2026-01-07 11:00:32.696000+00:00,2026-01-07 11:00:30.607749+00:00,32.696,0.445,0.44,0.45,0.555,0.55,0.56,483.22,16.34,136.34,453.22,0.43,163.92,0.46,295.0,0.42,150.0,0.47,308.0,0.41,484.2,0.48,2762.87,0.4,549.0,0.49,572.94,0.39,523.0,0.5,2694.88,0.54,230.0,0.57,213.92,0.53,313.0,0.58,135.0,0.52,2762.87,0.59,499.2,0.51,572.94,0.6,519.0,0.5,2694.88,0.61,459.0
2026-01-07 11:00:33.822000+00:00,2026-01-07 11:00:31.610907+00:00,33.822,0.445,0.44,0.45,0.555,0.55,0.56,422.68,101.34,101.34,422.68,0.43,173.92,0.46,255.0,0.42,175.0,0.47,323.0,0.41,499.2,0.48,2732.87,0.4,519.0,0.49,572.94,0.39,489.0,0.5,2694.88,0.54,255.0,0.57,173.92,0.53,323.0,0.58,175.0,0.52,2732.87,0.59,499.2,0.51,572.94,0.6,519.0,0.5,2694.88,0.61,489.0
2026-01-07 11:00:34.638000+00:00,2026-01-07 11:00:32.616429+00:00,34.638,0.445,0.44,0.45,0.555,0.55,0.56,422.68,69.67,69.67,422.68,0.43,188.92,0.46,285.0,0.42,175.0,0.47,293.0,0.41,499.2,0.48,2732.87,0.4,519.0,0.49,572.94,0.39,489.0,0.5,2694.88,0.54,285.0,0.57,193.92,0.53,293.0,0.58,175.0,0.52,2732.87,0.59,499.2,0.51,572.94,0.6,519.0,0.5,2694.88,0.61,489.0
2026-01-07 11:00:36.039000+00:00,2026-01-07 11:00:33.652545+00:00,36.039,0.445,0.44,0.45,0.555,0.55,0.56,425.5,69.67,69.67,425.5,0.43,228.92,0.46,265.0,0.42,135.0,0.47,313.0,0.41,499.2,0.48,2732.87,0.4,519.0,0.49,572.94,0.39,459.0,0.5,2694.88,0.54,265.0,0.57,228.92,0.53,313.0,0.58,135.0,0.52,2732.87,0.59,499.2,0.51,572.94,0.6,519.0,0.5,2694.88,0.61,454.0
2026-01-07 11:00:37.065000+00:00,2026-01-07 11:00:34.657710+00:00,37.065,0.445,0.44,0.45,0.555,0.55,0.56,285.2,485.28,490.28,285.2,0.42,115.0,0.46,313.0,0.41,242.99,0.47,318.0,0.4,230.0,0.48,2853.87,0.39,449.0,0.49,693.94,0.38,486.0,0.5,2210.88,0.54,313.0,0.58,115.0,0.53,318.0,0.59,242.99,0.52,2853.87,0.6,230.0,0.51,693.94,0.61,449.0,0.5,2210.88,0.62,491.0
2026-01-07 11:00:38.080000+00:00,2026-01-07 11:00:35.661347+00:00,38.08,0.445,0.44,0.45,0.555,0.55,0.56,285.2,490.28,490.28,285.2,0.42,115.0,0.46,313.0,0.41,242.99,0.47,318.0,0.4,230.0,0.48,2853.87,0.39,449.0,0.49,693.94,0.38,491.0,0.5,2210.88,0.54,313.0,0.58,135.0,0.53,318.0,0.59,212.99,0.52,2853.87,0.6,230.0,0.51,693.94,0.61,449.0,0.5,2210.88,0.62,491.0
2026-01-07 11:00:39.047000+00:00,2026-01-07 11:00:36.685610+00:00,39.047,0.445,0.44,0.45,0.555,0.55,0.56,285.2,417.65,417.65,285.2,0.43,65.0,0.46,398.0,0.42,130.0,0.47,318.0,0.41,162.99,0.48,2853.87,0.4,230.0,0.49,693.94,0.39,475.7,0.5,2210.88,0.54,398.0,0.57,65.0,0.53,318.0,0.58,130.0,0.52,2853.87,0.59,162.99,0.51,693.94,0.6,230.0,0.5,2210.88,0.61,475.7
2026-01-07 11:00:40.114000+00:00,2026-01-07 11:00:37.692275+00:00,40.114,0.445,0.44,0.45,0.555,0.55,0.56,285.2,404.91,404.91,285.2,0.43,146.62,0.46,398.0,0.42,130.0,0.47,318.0,0.41,162.99,0.48,2853.87,0.4,230.0,0.49,693.94,0.39,475.7,0.5,2210.88,0.54,398.0,0.57,146.62,0.53,318.0,0.58,130.0,0.52,2853.87,0.59,162.99,0.51,693.94,0.6,230.0,0.5,2210.88,0.61,475.7
2026-01-07 11:00:41.159000+00:00,2026-01-07 11:00:38.694513+00:00,41.159,0.445,0.44,0.45,0.555,0.55,0.56,285.2,402.68,402.68,285.2,0.43,146.62,0.46,398.0,0.42,130.0,0.47,318.0,0.41,162.99,0.48,2853.87,0.4,230.0,0.49,1142.94,0.39,475.7,0.5,2210.88,0.54,333.0,0.57,81.62,0.53,318.0,0.58,110.0,0.52,2853.87,0.59,133.0,0.51,1142.94,0.6,230.0,0.5,2225.88,0.61,490.7
2026-01-07 11:00:42.088000+00:00,2026-01-07 11:00:39.686749+00:00,42.088,0.435,0.43,0.44,0.565,0.56,0.57,11.62,262.0,323.0,11.62,0.42,40.0,0.45,226.09,0.41,63.0,0.46,318.0,0.4,250.0,0.47,369.0,0.39,267.7,0.48,2853.87,0.38,440.0,0.49,707.94,0.55,161.09,0.58,5.0,0.54,419.0,0.59,482.0,0.53,369.0,0.6,100.0,0.52,2853.87,0.61,51.7,0.51,707.94,0.62,419.99
2026-01-07 11:00:43.221000+00:00,2026-01-07 11:00:40.706685+00:00,43.221,0.415,0.41,0.42,0.595,0.59,0.6,33.0,594.0,207.0,56.0,0.4,80.0,0.43,344.0,0.39,10.0,0.44,599.0,0.38,36.0,0.45,442.09,0.37,46.0,0.46,459.0,0.36,75.0,0.47,453.0,0.58,564.0,0.61,10.0,0.57,334.0,0.62,41.0,0.56,494.0,0.63,101.0,0.55,442.09,0.64,45.0,0.54,424.0,0.65,35.0
2026-01-07 11:00:44.169000+00:00,2026-01-07 11:00:41.732516+00:00,44.169,0.355,0.35,0.36,0.645,0.64,0.65,65.0,35.0,35.0,65.0,0.34,90.0,0.37,149.0,0.33,42.0,0.38,227.0,0.32,206.0,0.39,253.0,0.31,355.0,0.4,281.0,0.3,391.0,0.41,354.0,0.63,149.0,0.66,90.0,0.62,232.0,0.67,42.0,0.61,258.0,0.68,206.0,0.6,276.0,0.69,355.0,0.59,384.0,0.7,391.0
2026-01-07 11:00:45.168000+00:00,2026-01-07 11:00:42.738951+00:00,45.168,0.355,0.35,0.36,0.645,0.64,0.65,78.4,35.0,35.0,78.4,0.34,90.0,0.37,149.0,0.33,42.0,0.38,232.0,0.32,206.0,0.39,308.0,0.31,355.0,0.4,236.0,0.3,391.0,0.41,364.0,0.63,84.0,0.66,90.0,0.62,267.0,0.67,42.0,0.61,308.0,0.68,206.0,0.6,246.0,0.69,355.0,0.59,364.0,0.7,391.0
2026-01-07 11:00:46.193000+00:00,2026-01-07 11:00:43.744646+00:00,46.193,0.375,0.37,0.38,0.625,0.62,0.63,70.0,40.0,37.36,120.0,0.36,519.0,0.39,258.0,0.35,73.46,0.4,216.0,0.34,93.3,0.41,369.0,0.33,371.0,0.42,364.0,0.32,359.0,0.43,369.0,0.61,268.0,0.64,525.52,0.6,216.0,0.65,143.46,0.59,409.0,0.66,215.3,0.58,459.0,0.67,441.0,0.57,369.0,0.68,507.0
2026-01-07 11:00:47.954000+00:00,2026-01-07 11:00:45.737056+00:00,47.954,0.385,0.38,0.39,0.615,0.61,0.62,5.0,112.0,112.0,5.0,0.37,86.77,0.4,256.0,0.36,644.0,0.41,283.0,0.35,195.46,0.42,369.0,0.34,328.0,0.43,504.0,0.33,441.0,0.44,404.0,0.6,256.0,0.63,86.77,0.59,263.0,0.64,609.0,0.58,369.0,0.65,185.46,0.57,504.0,0.66,328.0,0.56,404.0,0.67,406.0
2026-01-07 11:00:49.187000+00:00,2026-01-07 11:00:46.744421+00:00,49.187,0.385,0.38,0.39,0.615,0.61,0.62,40.0,84.0,109.0,40.0,0.37,81.77,0.4,241.0,0.36,644.0,0.41,263.0,0.35,220.46,0.42,344.0,0.34,328.0,0.43,504.0,0.33,406.0,0.44,439.0,0.6,221.0,0.63,151.77,0.59,263.0,0.64,644.0,0.58,374.0,0.65,220.46,0.57,479.0,0.66,328.0,0.56,439.0,0.67,406.0
2026-01-07 11:00:50.165000+00:00,2026-01-07 11:00:47.749264+00:00,50.165,0.385,0.38,0.39,0.615,0.61,0.62,118.0,76.9,71.9,110.0,0.37,608.87,0.4,256.0,0.36,185.0,0.41,273.0,0.35,193.46,0.42,344.0,0.34,338.0,0.43,928.0,0.33,434.5,0.44,484.0,0.6,241.0,0.63,608.87,0.59,263.0,0.64,185.0,0.58,344.0,0.65,203.46,0.57,958.0,0.66,338.0,0.56,484.0,0.67,434.5
2026-01-07 11:00:51.196000+00:00,2026-01-07 11:00:48.755320+00:00,51.196,0.385,0.38,0.39,0.615,0.61,0.62,118.15,160.9,160.9,94.15,0.37,613.87,0.4,196.0,0.36,140.0,0.41,253.67,0.35,238.46,0.42,374.0,0.34,348.0,0.43,928.0,0.33,434.5,0.44,483.0,0.6,196.0,0.63,613.87,0.59,253.67,0.64,140.0,0.58,374.0,0.65,238.46,0.57,928.0,0.66,348.0,0.56,483.0,0.67,434.5
2026-01-07 11:00:52.184000+00:00,2026-01-07 11:00:49.774470+00:00,52.184,0.385,0.38,0.39,0.615,0.61,0.62,99.15,72.16,72.16,99.15,0.37,621.49,0.4,301.0,0.36,180.0,0.41,228.67,0.35,208.46,0.42,399.0,0.34,338.0,0.43,928.0,0.33,434.5,0.44,484.0,0.6,301.0,0.63,621.49,0.59,228.67,0.64,180.0,0.58,399.0,0.65,208.46,0.57,928.0,0.66,338.0,0.56,484.0,0.67,434.5
2026-01-07 11:00:53.215000+00:00,2026-01-07 11:00:50.786826+00:00,53.215,0.385,0.38,0.39,0.615,0.61,0.62,99.15,91.43,91.43,99.15,0.37,621.49,0.4,301.0,0.36,180.0,0.41,228.67,0.35,198.46,0.42,399.0,0.34,338.0,0.43,928.0,0.33,434.5,0.44,484.0,0.6,301.0,0.63,621.49,0.59,228.67,0.64,190.0,0.58,399.0,0.65,198.46,0.57,928.0,0.66,338.0,0.56,484.0,0.67,434.5
2026-01-07 11:00:54.217000+00:00,2026-01-07 11:00:51.809359+00:00,54.217,0.385,0.38,0.39,0.615,0.61,0.62,94.15,66.19,106.19,88.15,0.37,660.0,0.4,286.0,0.36,180.0,0.41,243.67,0.35,183.46,0.42,399.0,0.34,338.0,0.43,928.0,0.33,469.5,0.44,484.0,0.6,301.0,0.63,610.13,0.59,228.67,0.64,205.0,0.58,399.0,0.65,168.46,0.57,928.0,0.66,338.0,0.56,484.0,0.67,469.5
2026-01-07 11:00:55.246000+00:00,2026-01-07 11:00:52.815487+00:00,55.246,0.385,0.38,0.39,0.615,0.61,0.62,33.15,298.19,359.19,13.15,0.37,580.13,0.4,216.0,0.36,175.0,0.41,228.67,0.35,153.46,0.42,369.0,0.34,383.0,0.43,928.0,0.33,519.5,0.44,484.0,0.6,216.0,0.63,580.13,0.59,328.67,0.64,175.0,0.58,439.0,0.65,153.46,0.57,928.0,0.66,200.0,0.56,484.0,0.67,519.5
2026-01-07 11:00:56.087000+00:00,2026-01-07 11:00:53.828300+00:00,56.087,0.375,0.37,0.38,0.625,0.62,0.63,535.13,58.0,58.0,535.13,0.36,175.0,0.39,324.19,0.35,163.46,0.4,216.0,0.34,190.0,0.41,328.67,0.33,519.5,0.42,439.0,0.32,394.0,0.43,928.0,0.61,324.19,0.64,175.0,0.6,216.0,0.65,163.46,0.59,328.67,0.66,190.0,0.58,439.0,0.67,519.5,0.57,928.0,0.68,394.0
2026-01-07 11:00:57.196000+00:00,2026-01-07 11:00:54.835446+00:00,57.196,0.375,0.37,0.38,0.625,0.62,0.63,535.13,47.36,57.36,535.13,0.36,175.0,0.39,329.19,0.35,163.46,0.4,216.0,0.34,190.0,0.41,298.67,0.33,519.5,0.42,439.0,0.32,394.0,0.43,928.0,0.61,329.19,0.64,175.0,0.6,216.0,0.65,163.46,0.59,298.67,0.66,190.0,0.58,469.0,0.67,519.5,0.57,928.0,0.68,394.0
2026-01-07 11:00:58.950000+00:00,2026-01-07 11:00:56.835668+00:00,58.95,0.375,0.37,0.38,0.625,0.62,0.63,403.28,225.09,225.09,403.28,0.36,50.0,0.39,434.19,0.35,178.46,0.4,261.0,0.34,200.0,0.41,323.67,0.33,519.5,0.42,469.0,0.32,429.0,0.43,479.0,0.61,434.19,0.64,50.0,0.6,261.0,0.65,178.46,0.59,323.67,0.66,200.0,0.58,469.0,0.67,519.5,0.57,479.0,0.68,429.0
2026-01-07 11:01:00.237000+00:00,2026-01-07 11:00:57.842446+00:00,60.237,0.375,0.37,0.38,0.625,0.62,0.63,403.28,225.09,225.09,403.28,0.36,130.0,0.39,434.19,0.35,128.46,0.4,261.0,0.34,200.0,0.41,444.67,0.33,519.5,0.42,469.0,0.32,429.0,0.43,474.0,0.61,434.19,0.64,130.0,0.6,261.0,0.65,128.46,0.59,444.67,0.66,200.0,0.58,469.0,0.67,514.5,0.57,474.0,0.68,429.0
2026-01-07 11:01:01.231000+00:00,2026-01-07 11:00:58.848763+00:00,61.231,0.375,0.37,0.38,0.625,0.62,0.63,403.28,225.09,225.09,403.28,0.36,130.0,0.39,434.19,0.35,128.46,0.4,261.0,0.34,200.0,0.41,450.92,0.33,215.5,0.42,469.0,0.32,429.0,0.43,474.0,0.61,434.19,0.64,200.0,0.6,261.0,0.65,128.46,0.59,450.92,0.66,200.0,0.58,469.0,0.67,215.5,0.57,474.0,0.68,429.0
2026-01-07 11:01:02.266000+00:00,2026-01-07 11:00:59.871336+00:00,62.266,0.375,0.37,0.38,0.625,0.62,0.63,403.28,245.09,245.09,403.28,0.36,200.0,0.39,434.19,0.35,128.46,0.4,261.0,0.34,200.0,0.41,450.92,0.33,215.5,0.42,918.0,0.32,429.0,0.43,474.0,0.61,434.19,0.64,200.0,0.6,261.0,0.65,128.46,0.59,450.92,0.66,200.0,0.58,918.0,0.67,215.5,0.57,474.0,0.68,429.0
2026-01-07 11:01:03.064000+00:00,2026-01-07 11:01:00.873258+00:00,63.064,0.375,0.37,0.38,0.625,0.62,0.63,425.66,130.09,130.09,425.66,0.36,195.0,0.39,434.19,0.35,153.46,0.4,261.0,0.34,200.0,0.41,450.92,0.33,215.5,0.42,918.0,0.32,394.0,0.43,474.0,0.61,434.19,0.64,195.0,0.6,261.0,0.65,153.46,0.59,450.92,0.66,200.0,0.58,918.0,0.67,215.5,0.57,474.0,0.68,394.0
2026-01-07 11:01:04.028000+00:00,2026-01-07 11:01:01.878696+00:00,64.028,0.375,0.37,0.38,0.625,0.62,0.63,425.66,130.09,130.09,425.66,0.36,205.0,0.39,434.19,0.35,183.46,0.4,261.0,0.34,180.0,0.41,450.92,0.33,195.5,0.42,918.0,0.32,394.0,0.43,474.0,0.61,434.19,0.64,205.0,0.6,261.0,0.65,183.46,0.59,450.92,0.66,180.0,0.58,918.0,0.67,195.5,0.57,474.0,0.68,394.0
2026-01-07 11:01:05.218000+00:00,2026-01-07 11:01:02.896577+00:00,65.218,0.375,0.37,0.38,0.625,0.62,0.63,425.66,116.93,116.93,425.66,0.36,200.0,0.39,434.19,0.35,183.46,0.4,261.0,0.34,180.0,0.41,450.92,0.33,195.5,0.42,918.0,0.32,394.0,0.43,474.0,0.61,434.19,0.64,200.0,0.6,261.0,0.65,183.46,0.59,450.92,0.66,180.0,0.58,918.0,0.67,195.5,0.57,474.0,0.68,394.0
2026-01-07 11:01:06.323000+00:00,2026-01-07 11:01:03.902280+00:00,66.323,0.375,0.37,0.38,0.625,0.62,0.63,563.57,81.93,81.93,548.57,0.36,135.0,0.39,374.19,0.35,188.46,0.4,341.0,0.34,200.0,0.41,450.92,0.33,165.5,0.42,918.0,0.32,394.0,0.43,474.0,0.61,374.19,0.64,150.0,0.6,346.0,0.65,173.46,0.59,450.92,0.66,200.0,0.58,918.0,0.67,165.5,0.57,474.0,0.68,394.0
2026-01-07 11:01:07.348000+00:00,2026-01-07 11:01:04.912925+00:00,67.348,0.405,0.4,0.41,0.595,0.59,0.6,30.0,11.92,11.92,121.0,0.39,160.0,0.42,5.0,0.38,548.0,0.43,35.0,0.37,500.42,0.45,9.09,0.36,424.0,0.47,233.0,0.35,407.46,0.48,2403.87,0.58,5.0,0.61,343.0,0.57,35.0,0.62,580.0,0.55,9.09,0.63,500.42,0.53,233.0,0.64,424.0,0.52,2483.87,0.65,407.46
2026-01-07 11:01:08.462000+00:00,2026-01-07 11:01:05.920744+00:00,68.462,0.46499999999999997,0.46,0.47,0.535,0.53,0.54,21.81,253.0,248.0,101.8,0.45,10.0,0.48,2297.87,0.44,196.0,0.49,535.94,0.43,188.0,0.5,2150.88,0.42,399.0,0.51,538.81,0.41,372.08,0.52,339.0,0.52,2317.87,0.55,45.0,0.51,500.94,0.56,181.0,0.5,2155.88,0.57,203.0,0.49,538.81,0.58,429.0,0.48,304.0,0.59,403.08
2026-01-07 11:01:09.345000+00:00,2026-01-07 11:01:06.912077+00:00,69.345,0.475,0.47,0.48,0.525,0.52,0.53,298.0,2024.87,1994.87,298.0,0.46,298.0,0.49,166.94,0.45,394.0,0.5,1806.88,0.44,247.0,0.51,324.81,0.43,322.9,0.52,50.0,0.42,419.0,0.53,647.0,0.51,166.94,0.54,298.0,0.5,1806.88,0.55,394.0,0.49,324.81,0.56,247.0,0.48,50.0,0.57,322.9,0.47,647.0,0.58,359.0
2026-01-07 11:01:10.348000+00:00,2026-01-07 11:01:07.919369+00:00,70.348,0.475,0.47,0.48,0.525,0.52,0.53,298.0,1923.13,1908.13,298.0,0.46,268.0,0.49,206.94,0.45,384.0,0.5,1876.88,0.44,297.0,0.51,244.81,0.43,324.0,0.52,35.0,0.42,419.0,0.53,677.0,0.51,206.94,0.54,268.0,0.5,1876.88,0.55,384.0,0.49,244.81,0.56,297.0,0.48,35.0,0.57,324.0,0.47,677.0,0.58,419.0
2026-01-07 11:01:11.004000+00:00,2026-01-07 11:01:08.927378+00:00,71.004,0.475,0.47,0.48,0.525,0.52,0.53,288.0,1908.13,1913.13,288.0,0.46,268.0,0.49,221.94,0.45,359.0,0.5,1856.88,0.44,310.0,0.51,244.81,0.43,334.0,0.52,35.0,0.42,419.0,0.53,677.0,0.51,216.94,0.54,338.0,0.5,1926.88,0.55,439.0,0.49,314.81,0.56,380.0,0.48,227.0,0.57,404.0,0.47,747.0,0.58,489.0
2026-01-07 11:01:12.351000+00:00,2026-01-07 11:01:09.933055+00:00,72.351,0.475,0.47,0.48,0.525,0.52,0.53,115.0,1913.13,1888.13,145.0,0.46,343.0,0.49,216.94,0.45,459.0,0.5,1926.88,0.44,445.7,0.51,314.81,0.43,394.0,0.52,288.0,0.42,429.0,0.53,747.0,0.51,206.94,0.54,323.0,0.5,1876.88,0.55,449.0,0.49,319.81,0.56,415.7,0.48,303.0,0.57,394.0,0.47,747.0,0.58,429.0
2026-01-07 11:01:13.305000+00:00,2026-01-07 11:01:10.971859+00:00,73.305,0.475,0.47,0.48,0.525,0.52,0.53,1018.0,1304.37,1296.41,1018.0,0.46,552.7,0.49,171.94,0.45,419.0,0.5,1836.88,0.44,337.0,0.51,254.81,0.43,374.0,0.52,135.0,0.42,444.0,0.53,105.0,0.51,171.94,0.54,552.7,0.5,1836.88,0.55,419.0,0.49,254.81,0.56,337.0,0.48,135.0,0.57,374.0,0.47,105.0,0.58,444.0
2026-01-07 11:01:14.413000+00:00,2026-01-07 11:01:11.978255+00:00,74.413,0.475,0.47,0.48,0.525,0.52,0.53,599.0,533.82,533.82,599.0,0.46,537.7,0.49,171.94,0.45,399.0,0.5,1806.88,0.44,337.0,0.51,199.81,0.43,374.0,0.52,85.0,0.42,449.0,0.53,5.0,0.51,171.94,0.54,537.7,0.5,1806.88,0.55,399.0,0.49,199.81,0.56,337.0,0.48,85.0,0.57,374.0,0.47,5.0,0.58,449.0
2026-01-07 11:01:15.429000+00:00,2026-01-07 11:01:13.000965+00:00,75.429,0.475,0.47,0.48,0.525,0.52,0.53,599.0,406.44,406.44,599.0,0.46,530.0,0.49,171.94,0.45,399.0,0.5,1806.88,0.44,337.0,0.51,199.81,0.43,374.0,0.52,85.0,0.42,444.0,0.53,5.0,0.51,171.94,0.54,530.0,0.5,1806.88,0.55,399.0,0.49,199.81,0.56,337.0,0.48,75.0,0.57,379.0,0.47,5.0,0.58,444.0
2026-01-07 11:01:16.356000+00:00,2026-01-07 11:01:14.005469+00:00,76.356,0.475,0.47,0.48,0.525,0.52,0.53,527.84,352.33,352.33,527.84,0.46,510.0,0.49,256.94,0.45,449.0,0.5,1876.88,0.44,357.0,0.51,269.81,0.43,374.0,0.52,70.0,0.42,449.0,0.53,75.0,0.51,256.94,0.54,510.0,0.5,1876.88,0.55,449.0,0.49,269.81,0.56,357.0,0.48,70.0,0.57,374.0,0.47,75.0,0.58,449.0
2026-01-07 11:01:17.453000+00:00,2026-01-07 11:01:15.012300+00:00,77.453,0.475,0.47,0.48,0.525,0.52,0.53,527.84,350.24,350.24,527.84,0.46,515.0,0.49,256.94,0.45,449.0,0.5,1876.88,0.44,357.0,0.51,269.81,0.43,389.0,0.52,70.0,0.42,444.0,0.53,75.0,0.51,256.94,0.54,515.0,0.5,1876.88,0.55,449.0,0.49,269.81,0.56,357.0,0.48,70.0,0.57,389.0,0.47,75.0,0.58,444.0
2026-01-07 11:01:18.454000+00:00,2026-01-07 11:01:16.019815+00:00,78.454,0.475,0.47,0.48,0.525,0.52,0.53,527.84,321.4,321.4,542.84,0.46,510.0,0.49,256.94,0.45,449.0,0.5,1876.88,0.44,357.0,0.51,269.81,0.43,389.0,0.52,70.0,0.42,444.0,0.53,75.0,0.51,226.94,0.54,520.0,0.5,1906.88,0.55,439.0,0.49,269.81,0.56,367.0,0.48,70.0,0.57,379.0,0.47,75.0,0.58,444.0
2026-01-07 11:01:19.520000+00:00,2026-01-07 11:01:17.043407+00:00,79.52,0.485,0.48,0.49,0.515,0.51,0.52,65.0,186.94,186.94,80.0,0.47,537.84,0.5,1906.88,0.46,507.0,0.51,269.81,0.45,464.0,0.52,70.0,0.44,367.0,0.53,75.0,0.43,344.0,0.54,182.6,0.5,1876.88,0.53,537.84,0.49,199.81,0.54,454.0,0.47,124.99,0.55,464.0,0.46,102.6,0.56,367.0,0.45,330.04,0.57,344.0
2026-01-07 11:01:20.499000+00:00,2026-01-07 11:01:18.064808+00:00,80.499,0.495,0.49,0.5,0.505,0.5,0.51,30.0,1876.88,1876.88,166.0,0.48,583.9,0.51,219.81,0.47,497.84,0.53,75.0,0.46,489.0,0.54,102.6,0.45,419.0,0.55,197.04,0.44,302.0,0.56,135.0,0.49,219.81,0.52,504.0,0.47,5.0,0.53,532.84,0.46,102.6,0.54,489.0,0.45,117.05,0.55,454.0,0.44,149.99,0.56,302.0
2026-01-07 11:01:21.461000+00:00,2026-01-07 11:01:19.071479+00:00,81.461,0.495,0.49,0.5,0.505,0.5,0.51,201.02,240.98,179.98,150.02,0.48,80.0,0.51,199.81,0.47,492.84,0.53,50.0,0.46,404.0,0.54,52.6,0.45,389.0,0.55,47.05,0.44,287.0,0.57,114.99,0.49,199.81,0.52,80.0,0.47,90.0,0.53,492.84,0.46,32.6,0.54,404.0,0.45,47.05,0.55,389.0,0.43,114.99,0.56,287.0
2026-01-07 11:01:22.390000+00:00,2026-01-07 11:01:20.076089+00:00,82.39,0.505,0.5,0.51,0.495,0.49,0.5,160.0,148.79,148.79,145.0,0.49,120.02,0.52,65.0,0.48,120.0,0.53,25.0,0.47,457.84,0.54,32.6,0.46,419.0,0.55,47.05,0.45,389.0,0.57,114.99,0.48,65.0,0.51,120.02,0.47,25.0,0.52,120.0,0.46,32.6,0.53,457.84,0.45,47.05,0.54,419.0,0.43,114.99,0.55,389.0
2026-01-07 11:01:23.517000+00:00,2026-01-07 11:01:21.078701+00:00,83.517,0.515,0.51,0.52,0.485,0.48,0.49,20.75,70.0,70.0,165.75,0.5,288.0,0.53,5.0,0.49,419.52,0.54,32.6,0.48,211.41,0.55,47.05,0.47,437.84,0.56,45.0,0.46,409.0,0.57,100.0,0.47,5.0,0.5,248.0,0.46,32.6,0.51,459.52,0.45,47.05,0.52,211.41,0.44,80.0,0.53,437.84,0.43,65.0,0.54,409.0
2026-01-07 11:01:24.523000+00:00,2026-01-07 11:01:22.086115+00:00,84.523,0.525,0.52,0.53,0.475,0.47,0.48,612.0,5.0,5.0,587.0,0.51,231.75,0.54,102.6,0.5,253.0,0.55,117.05,0.49,499.52,0.57,30.0,0.48,323.41,0.58,105.0,0.47,427.84,0.59,101.14,0.46,32.6,0.49,231.75,0.45,47.05,0.5,263.0,0.44,20.0,0.51,509.52,0.43,60.0,0.52,323.41,0.42,70.0,0.53,427.84
2026-01-07 11:01:25.539000+00:00,2026-01-07 11:01:23.106928+00:00,85.539,0.575,0.57,0.58,0.425,0.42,0.43,35.0,115.0,115.0,25.0,0.56,43.07,0.59,135.0,0.55,99.0,0.6,247.72,0.54,35.0,0.61,896.85,0.53,82.0,0.62,409.0,0.52,519.0,0.63,409.0,0.41,135.0,0.44,43.07,0.4,247.72,0.45,99.0,0.39,896.85,0.46,35.0,0.38,409.0,0.47,82.0,0.37,409.0,0.48,519.0
2026-01-07 11:01:26.557000+00:00,2026-01-07 11:01:24.114728+00:00,86.557,0.565,0.56,0.57,0.43,0.42,0.44,48.07,5.0,124.76,63.07,0.55,94.0,0.58,112.82,0.54,278.0,0.59,140.0,0.53,290.0,0.6,247.72,0.52,793.0,0.61,775.85,0.51,277.75,0.62,409.0,0.41,145.0,0.45,94.0,0.4,247.72,0.46,278.0,0.39,775.85,0.47,300.0,0.38,409.0,0.48,793.0,0.37,409.0,0.49,272.75
2026-01-07 11:01:27.555000+00:00,2026-01-07 11:01:25.116957+00:00,87.555,0.5700000000000001,0.56,0.58,0.43,0.42,0.44,63.29,86.79,121.79,63.29,0.55,144.0,0.59,159.99,0.54,283.0,0.6,247.72,0.53,260.0,0.61,775.85,0.52,783.0,0.62,458.0,0.51,272.75,0.63,409.0,0.41,134.99,0.45,144.0,0.4,272.72,0.46,248.0,0.39,775.85,0.47,260.0,0.38,458.0,0.48,783.0,0.37,374.0,0.49,272.75
2026-01-07 11:01:28.542000+00:00,2026-01-07 11:01:26.111254+00:00,88.542,0.575,0.57,0.58,0.425,0.42,0.43,67.65,55.0,170.0,22.03,0.56,70.0,0.59,264.97,0.55,219.0,0.6,272.72,0.54,343.0,0.61,775.85,0.53,330.0,0.62,458.0,0.52,404.0,0.63,374.0,0.41,180.0,0.44,70.0,0.4,257.72,0.45,219.0,0.39,775.85,0.46,343.0,0.38,458.0,0.47,330.0,0.37,374.0,0.48,404.0
2026-01-07 11:01:29.518000+00:00,2026-01-07 11:01:27.114371+00:00,89.518,0.575,0.57,0.58,0.425,0.42,0.43,2.03,152.82,152.82,2.03,0.56,70.0,0.59,194.99,0.55,184.0,0.6,460.72,0.54,150.0,0.61,775.85,0.53,330.0,0.62,458.0,0.52,283.0,0.63,374.0,0.41,194.99,0.44,105.0,0.4,460.72,0.45,194.0,0.39,775.85,0.46,150.0,0.38,458.0,0.47,330.0,0.37,374.0,0.48,283.0
2026-01-07 11:01:30.551000+00:00,2026-01-07 11:01:28.121480+00:00,90.551,0.565,0.56,0.57,0.445,0.44,0.45,5.0,40.0,15.0,54.0,0.55,54.0,0.58,378.0,0.54,5.0,0.59,414.0,0.53,60.0,0.6,990.72,0.52,175.0,0.61,417.85,0.51,220.75,0.62,463.0,0.43,65.0,0.46,5.0,0.42,363.0,0.47,45.0,0.41,479.0,0.48,175.0,0.4,995.72,0.49,220.75,0.39,417.85,0.5,437.5
2026-01-07 11:01:31.538000+00:00,2026-01-07 11:01:29.127132+00:00,91.538,0.54,0.53,0.55,0.45999999999999996,0.45,0.47,65.0,144.99,144.99,65.0,0.52,169.0,0.56,189.99,0.51,110.75,0.57,253.0,0.5,368.0,0.58,369.0,0.49,358.0,0.59,479.0,0.48,469.82,0.6,1009.72,0.44,179.99,0.48,169.0,0.43,253.0,0.49,120.75,0.42,369.0,0.5,358.0,0.41,479.0,0.51,358.0,0.4,1009.72,0.52,469.82
2026-01-07 11:01:32.291000+00:00,2026-01-07 11:01:30.132422+00:00,92.291,0.535,0.53,0.54,0.46499999999999997,0.46,0.47,65.0,7.47,7.47,65.0,0.52,169.0,0.55,189.99,0.51,120.75,0.56,149.99,0.5,358.0,0.57,253.0,0.49,358.0,0.58,369.0,0.48,469.82,0.59,474.0,0.45,189.99,0.48,169.0,0.44,149.99,0.49,120.75,0.43,253.0,0.5,358.0,0.42,369.0,0.51,358.0,0.41,474.0,0.52,480.72
2026-01-07 11:01:33.460000+00:00,2026-01-07 11:01:31.141473+00:00,93.46,0.535,0.53,0.54,0.46499999999999997,0.46,0.47,65.0,7.47,7.47,65.0,0.52,169.0,0.55,189.99,0.51,120.75,0.56,119.99,0.5,358.0,0.57,283.0,0.49,358.0,0.58,369.0,0.48,480.72,0.59,474.0,0.45,189.99,0.48,169.0,0.44,119.99,0.49,120.75,0.43,283.0,0.5,358.0,0.42,369.0,0.51,358.0,0.41,474.0,0.52,480.72
2026-01-07 11:01:34.568000+00:00,2026-01-07 11:01:32.132802+00:00,94.568,0.535,0.53,0.54,0.46499999999999997,0.46,0.47,140.0,7.47,7.47,277.0,0.52,139.0,0.55,40.0,0.51,638.75,0.56,120.0,0.5,278.0,0.57,393.0,0.49,358.0,0.58,468.99,0.48,480.72,0.59,459.0,0.45,5.0,0.48,703.0,0.43,218.0,0.49,363.75,0.42,354.0,0.5,399.0,0.41,469.0,0.51,479.0,0.4,590.72,0.52,480.72
2026-01-07 11:01:35.573000+00:00,2026-01-07 11:01:33.140309+00:00,95.573,0.565,0.56,0.57,0.435,0.43,0.44,5.18,125.0,190.0,5.18,0.55,30.0,0.58,129.99,0.54,110.0,0.59,165.0,0.53,378.0,0.6,595.72,0.52,774.0,0.61,417.85,0.51,394.75,0.62,409.0,0.42,109.99,0.46,70.0,0.41,115.0,0.47,408.0,0.4,595.72,0.48,804.0,0.39,417.85,0.49,394.75,0.38,409.0,0.5,399.0
2026-01-07 11:01:36.571000+00:00,2026-01-07 11:01:34.146050+00:00,96.571,0.565,0.56,0.57,0.44,0.43,0.45,0.7,113.08,95.0,30.52,0.55,35.0,0.58,95.0,0.54,125.0,0.59,115.0,0.53,308.0,0.6,595.72,0.52,809.0,0.61,447.85,0.51,444.75,0.62,409.0,0.42,95.0,0.46,125.0,0.41,115.0,0.47,308.0,0.4,595.72,0.48,809.0,0.39,447.85,0.49,444.75,0.38,409.0,0.5,419.0
2026-01-07 11:01:37.499000+00:00,2026-01-07 11:01:35.151085+00:00,97.499,0.555,0.55,0.56,0.445,0.44,0.45,50.0,24.98,24.98,50.0,0.54,150.0,0.57,155.0,0.53,363.0,0.58,89.99,0.52,814.0,0.59,140.0,0.51,394.75,0.6,595.72,0.5,399.0,0.61,447.85,0.43,155.0,0.46,150.0,0.42,89.99,0.47,363.0,0.41,140.0,0.48,814.0,0.4,595.72,0.49,394.75,0.39,447.85,0.5,399.0
2026-01-07 11:01:38.447000+00:00,2026-01-07 11:01:36.155771+00:00,98.447,0.555,0.55,0.56,0.445,0.44,0.45,70.0,25.98,15.98,70.0,0.54,175.0,0.57,140.0,0.53,323.0,0.58,99.99,0.52,794.0,0.59,165.0,0.51,394.75,0.6,625.72,0.5,399.0,0.61,417.85,0.43,155.0,0.46,175.0,0.42,119.99,0.47,323.0,0.41,165.0,0.48,345.0,0.4,625.72,0.49,394.75,0.39,866.85,0.5,399.0
2026-01-07 11:01:39.376000+00:00,2026-01-07 11:01:37.159193+00:00,99.376,0.555,0.55,0.56,0.445,0.44,0.45,65.0,15.98,45.98,35.0,0.54,175.0,0.57,145.0,0.53,323.0,0.58,194.99,0.52,345.0,0.59,165.0,0.51,394.75,0.6,625.72,0.5,399.0,0.61,866.85,0.43,145.0,0.46,175.0,0.42,194.99,0.47,323.0,0.41,140.0,0.48,345.0,0.4,625.72,0.49,394.75,0.39,866.85,0.5,399.0
2026-01-07 11:01:40.524000+00:00,2026-01-07 11:01:38.164974+00:00,100.524,0.555,0.55,0.56,0.445,0.44,0.45,50.0,10.62,10.62,50.0,0.54,185.0,0.57,235.0,0.53,333.0,0.58,189.99,0.52,345.0,0.59,140.0,0.51,394.75,0.6,625.72,0.5,399.0,0.61,866.85,0.43,235.0,0.46,185.0,0.42,189.99,0.47,333.0,0.41,140.0,0.48,345.0,0.4,625.72,0.49,394.75,0.39,866.85,0.5,399.0
2026-01-07 11:01:41.621000+00:00,2026-01-07 11:01:39.186156+00:00,101.621,0.565,0.56,0.57,0.435,0.43,0.44,105.0,117.23,117.23,142.04,0.55,50.0,0.58,180.0,0.54,201.0,0.59,210.0,0.53,313.0,0.6,655.72,0.52,297.0,0.61,866.85,0.51,394.75,0.62,374.0,0.42,170.0,0.45,40.0,0.41,195.0,0.46,181.0,0.4,675.72,0.47,313.0,0.39,866.85,0.48,297.0,0.38,374.0,0.49,394.75
2026-01-07 11:01:42.639000+00:00,2026-01-07 11:01:40.192607+00:00,102.639,0.545,0.54,0.55,0.455,0.45,0.46,434.0,23.96,23.96,419.64,0.53,313.0,0.56,5.0,0.52,267.0,0.57,33.07,0.51,394.75,0.58,180.0,0.5,399.0,0.59,140.0,0.49,479.0,0.6,297.71,0.44,15.0,0.47,762.0,0.43,93.07,0.48,267.0,0.42,185.0,0.49,394.75,0.41,155.0,0.5,399.0,0.4,272.72,0.51,479.0
2026-01-07 11:01:43.638000+00:00,2026-01-07 11:01:41.211921+00:00,103.638,0.545,0.54,0.55,0.455,0.45,0.46,345.48,4.16,4.16,330.48,0.53,809.0,0.56,15.0,0.52,267.0,0.57,103.07,0.51,394.75,0.58,185.0,0.5,399.0,0.59,155.0,0.49,479.0,0.6,252.72,0.44,15.0,0.47,809.0,0.43,103.07,0.48,267.0,0.42,185.0,0.49,394.75,0.41,155.0,0.5,399.0,0.4,252.72,0.51,479.0
2026-01-07 11:01:44.651000+00:00,2026-01-07 11:01:42.217522+00:00,104.651,0.545,0.54,0.55,0.445,0.44,0.45,367.21,2.16,13.04,30.0,0.53,809.0,0.56,15.0,0.52,267.0,0.57,103.07,0.51,400.85,0.58,185.0,0.5,399.0,0.59,155.0,0.49,479.0,0.6,252.72,0.43,103.07,0.46,367.21,0.42,185.0,0.47,809.0,0.41,155.0,0.48,267.0,0.4,252.72,0.49,400.85,0.39,745.85,0.5,399.0
2026-01-07 11:01:45.552000+00:00,2026-01-07 11:01:43.226357+00:00,105.552,0.555,0.55,0.56,0.445,0.44,0.45,110.0,10.0,10.0,110.0,0.54,322.21,0.57,113.07,0.53,829.0,0.58,185.0,0.52,297.0,0.59,155.0,0.51,400.85,0.6,252.72,0.5,419.0,0.61,745.85,0.43,113.07,0.46,322.21,0.42,185.0,0.47,829.0,0.41,155.0,0.48,297.0,0.4,252.72,0.49,400.85,0.39,745.85,0.5,419.0
2026-01-07 11:01:46.705000+00:00,2026-01-07 11:01:44.230479+00:00,106.705,0.555,0.55,0.56,0.445,0.44,0.45,69.89,5.0,5.0,84.89,0.54,322.21,0.57,118.07,0.53,829.0,0.58,185.0,0.52,297.0,0.59,175.0,0.51,400.85,0.6,252.72,0.5,419.0,0.61,745.85,0.43,118.07,0.46,322.21,0.42,185.0,0.47,829.0,0.41,175.0,0.48,297.0,0.4,252.72,0.49,400.85,0.39,745.85,0.5,419.0
2026-01-07 11:01:47.557000+00:00,2026-01-07 11:01:45.231291+00:00,107.557,0.555,0.55,0.56,0.445,0.44,0.45,64.89,27.72,27.72,64.89,0.54,292.21,0.57,85.0,0.53,410.0,0.58,210.0,0.52,297.0,0.59,150.0,0.51,400.85,0.6,252.72,0.5,419.0,0.61,745.85,0.43,85.0,0.46,292.21,0.42,210.0,0.47,410.0,0.41,150.0,0.48,297.0,0.4,252.72,0.49,400.85,0.39,745.85,0.5,419.0
2026-01-07 11:01:48.648000+00:00,2026-01-07 11:01:46.240203+00:00,108.648,0.555,0.55,0.56,0.445,0.44,0.45,30.0,32.72,32.72,30.0,0.54,317.21,0.57,215.0,0.53,400.0,0.58,110.0,0.52,297.0,0.59,205.0,0.51,420.85,0.6,222.72,0.5,419.0,0.61,745.85,0.43,200.0,0.46,317.21,0.42,110.0,0.47,400.0,0.41,205.0,0.48,297.0,0.4,222.72,0.49,420.85,0.39,745.85,0.5,419.0
2026-01-07 11:01:49.501000+00:00,2026-01-07 11:01:47.243441+00:00,109.501,0.555,0.55,0.56,0.445,0.44,0.45,30.0,29.74,28.55,30.0,0.54,317.21,0.57,226.62,0.53,400.0,0.58,124.99,0.52,297.0,0.59,239.0,0.51,414.75,0.6,222.72,0.5,419.0,0.61,745.85,0.43,226.62,0.46,317.21,0.42,124.99,0.47,353.0,0.41,239.0,0.48,345.0,0.4,222.72,0.49,414.75,0.39,745.85,0.5,419.0
2026-01-07 11:01:50.682000+00:00,2026-01-07 11:01:48.250432+00:00,110.682,0.525,0.52,0.53,0.475,0.47,0.48,30.0,18.81,83.81,30.0,0.51,469.75,0.54,45.0,0.5,248.0,0.55,224.99,0.49,426.64,0.56,330.55,0.48,525.23,0.57,334.62,0.47,546.64,0.58,918.0,0.46,135.0,0.49,469.75,0.45,204.99,0.5,248.0,0.44,416.55,0.51,436.64,0.43,334.62,0.52,505.23,0.42,853.0,0.53,536.64
2026-01-07 11:01:51.701000+00:00,2026-01-07 11:01:49.270536+00:00,111.701,0.535,0.53,0.54,0.46499999999999997,0.46,0.47,63.0,40.0,40.0,45.0,0.52,184.0,0.55,70.0,0.51,266.75,0.56,164.91,0.5,238.0,0.57,374.61,0.49,534.28,0.58,918.0,0.48,410.23,0.59,409.0,0.45,60.0,0.48,157.0,0.44,204.91,0.49,266.75,0.43,374.61,0.5,238.0,0.42,888.0,0.51,554.28,0.41,409.0,0.52,410.23
2026-01-07 11:01:52.720000+00:00,2026-01-07 11:01:50.277035+00:00,112.72,0.535,0.53,0.54,0.455,0.45,0.46,44.43,35.0,5.0,30.0,0.52,263.0,0.55,60.0,0.51,322.75,0.56,214.91,0.5,228.0,0.57,141.61,0.49,600.68,0.58,584.0,0.48,480.23,0.59,439.0,0.44,199.91,0.47,44.43,0.43,96.62,0.48,263.0,0.42,559.0,0.49,392.75,0.41,369.0,0.5,298.0,0.4,491.72,0.51,600.68
2026-01-07 11:01:53.719000+00:00,2026-01-07 11:01:51.285682+00:00,113.719,0.545,0.54,0.55,0.455,0.45,0.46,35.0,35.0,35.0,35.0,0.53,302.43,0.56,219.91,0.52,827.0,0.57,121.61,0.51,362.75,0.58,95.0,0.5,287.1,0.59,404.0,0.49,594.28,0.6,491.72,0.44,219.91,0.47,302.43,0.43,121.61,0.48,827.0,0.42,95.0,0.49,362.75,0.41,404.0,0.5,287.1,0.4,491.72,0.51,594.28
2026-01-07 11:01:54.733000+00:00,2026-01-07 11:01:52.305640+00:00,114.733,0.545,0.54,0.55,0.455,0.45,0.46,70.0,8.98,8.98,70.0,0.53,312.43,0.56,209.91,0.52,792.0,0.57,96.61,0.51,293.75,0.58,95.0,0.5,337.1,0.59,404.0,0.49,594.28,0.6,491.72,0.44,234.91,0.47,312.43,0.43,96.61,0.48,792.0,0.42,95.0,0.49,293.75,0.41,404.0,0.5,337.1,0.4,526.72,0.51,584.28
2026-01-07 11:01:55.745000+00:00,2026-01-07 11:01:53.314198+00:00,115.745,0.54,0.53,0.55,0.45999999999999996,0.45,0.47,188.17,196.7,162.78,188.17,0.52,807.0,0.56,144.91,0.51,333.75,0.57,161.61,0.5,337.1,0.58,135.0,0.49,594.28,0.59,474.0,0.48,480.23,0.6,491.72,0.44,189.91,0.48,807.0,0.43,116.62,0.49,333.75,0.42,135.0,0.5,287.1,0.41,474.0,0.51,594.28,0.4,491.72,0.52,480.23
2026-01-07 11:01:56.752000+00:00,2026-01-07 11:01:54.323353+00:00,116.752,0.545,0.54,0.55,0.455,0.45,0.46,30.0,36.7,36.7,30.0,0.53,124.43,0.56,234.91,0.52,614.0,0.57,211.61,0.51,362.75,0.58,135.0,0.5,278.0,0.59,474.0,0.49,603.28,0.6,491.72,0.44,234.91,0.47,124.43,0.43,211.61,0.48,644.0,0.42,135.0,0.49,362.75,0.41,474.0,0.5,278.0,0.4,491.72,0.51,603.28
2026-01-07 11:01:57.768000+00:00,2026-01-07 11:01:55.328501+00:00,117.768,0.545,0.54,0.55,0.455,0.45,0.46,30.0,36.7,36.7,55.0,0.53,129.43,0.56,214.91,0.52,195.0,0.57,231.61,0.51,362.75,0.58,135.0,0.5,278.0,0.59,474.0,0.49,603.28,0.6,940.72,0.44,214.91,0.47,129.43,0.43,231.61,0.48,195.0,0.42,135.0,0.49,362.75,0.41,474.0,0.5,278.0,0.4,940.72,0.51,603.28
2026-01-07 11:01:58.726000+00:00,2026-01-07 11:01:56.332474+00:00,118.726,0.545,0.54,0.55,0.455,0.45,0.46,30.0,27.61,27.61,30.0,0.53,129.43,0.56,234.91,0.52,205.0,0.57,211.61,0.51,352.75,0.58,135.0,0.5,278.0,0.59,444.0,0.49,603.28,0.6,970.72,0.44,234.91,0.47,129.43,0.43,211.61,0.48,205.0,0.42,135.0,0.49,352.75,0.41,444.0,0.5,278.0,0.4,970.72,0.51,603.28
2026-01-07 11:01:59.594000+00:00,2026-01-07 11:01:57.356958+00:00,119.594,0.54,0.53,0.55,0.45999999999999996,0.45,0.47,129.43,170.79,170.79,129.43,0.52,624.0,0.56,119.91,0.51,362.75,0.57,211.61,0.5,308.7,0.58,135.0,0.49,594.28,0.59,444.0,0.48,480.23,0.6,970.72,0.44,119.91,0.48,624.0,0.43,211.61,0.49,362.75,0.42,135.0,0.5,308.7,0.41,444.0,0.51,594.28,0.4,940.72,0.52,480.23
2026-01-07 11:02:00.795000+00:00,2026-01-07 11:01:58.361541+00:00,120.795,0.545,0.54,0.55,0.455,0.45,0.46,30.0,45.79,35.79,30.0,0.53,144.43,0.56,169.91,0.52,624.0,0.57,236.62,0.51,342.75,0.58,135.0,0.5,278.0,0.59,489.0,0.49,594.28,0.6,989.72,0.44,194.91,0.47,144.43,0.43,236.62,0.48,644.0,0.42,135.0,0.49,313.75,0.41,489.0,0.5,278.0,0.4,989.72,0.51,594.28
2026-01-07 11:02:01.756000+00:00,2026-01-07 11:01:59.366805+00:00,121.756,0.545,0.54,0.55,0.455,0.45,0.46,30.0,133.97,133.97,30.0,0.53,139.43,0.56,214.91,0.52,589.0,0.57,211.62,0.51,343.75,0.58,318.0,0.5,348.0,0.59,444.0,0.49,584.28,0.6,989.72,0.44,214.91,0.47,139.43,0.43,211.62,0.48,589.0,0.42,318.0,0.49,343.75,0.41,474.0,0.5,348.0,0.4,989.72,0.51,584.28
2026-01-07 11:02:02.822000+00:00,2026-01-07 11:02:00.385844+00:00,122.822,0.545,0.54,0.55,0.455,0.45,0.46,30.0,83.97,23.97,30.0,0.53,142.3,0.56,144.91,0.52,584.0,0.57,216.62,0.51,333.75,0.58,332.99,0.5,278.0,0.59,504.0,0.49,574.28,0.6,989.72,0.44,219.91,0.47,147.3,0.43,216.62,0.48,672.0,0.42,332.99,0.49,333.75,0.41,504.0,0.5,278.0,0.4,989.72,0.51,594.28
2026-01-07 11:02:03.794000+00:00,2026-01-07 11:02:01.393348+00:00,123.794,0.555,0.55,0.56,0.445,0.44,0.45,218.0,89.91,89.91,218.0,0.54,222.25,0.57,36.62,0.53,400.3,0.58,219.99,0.52,464.0,0.59,170.0,0.51,443.75,0.6,720.72,0.5,419.0,0.61,382.85,0.43,36.62,0.46,222.25,0.42,219.99,0.47,400.3,0.41,170.0,0.48,464.0,0.4,720.72,0.49,443.75,0.39,412.85,0.5,419.0
2026-01-07 11:02:04.782000+00:00,2026-01-07 11:02:02.398306+00:00,124.782,0.555,0.55,0.56,0.445,0.44,0.45,259.1,32.73,32.73,254.65,0.54,726.25,0.57,66.62,0.53,437.3,0.58,94.99,0.52,414.0,0.59,140.0,0.51,414.75,0.6,671.72,0.5,404.6,0.61,447.85,0.43,66.62,0.46,726.25,0.42,94.99,0.47,437.3,0.41,140.0,0.48,414.0,0.4,671.72,0.49,414.75,0.39,447.85,0.5,404.6
2026-01-07 11:02:05.837000+00:00,2026-01-07 11:02:03.400394+00:00,125.837,0.555,0.55,0.56,0.445,0.44,0.45,314.65,32.73,32.73,379.65,0.54,322.25,0.57,16.62,0.53,498.3,0.58,49.99,0.52,414.0,0.59,75.0,0.51,394.75,0.6,182.72,0.5,404.6,0.61,108.84,0.43,16.62,0.46,368.25,0.42,49.99,0.47,451.3,0.41,75.0,0.48,414.0,0.4,197.72,0.49,394.75,0.39,108.84,0.5,404.6
2026-01-07 11:02:06.811000+00:00,2026-01-07 11:02:04.403843+00:00,126.811,0.565,0.56,0.57,0.435,0.43,0.44,220.27,9.86,9.86,220.27,0.55,324.65,0.58,54.99,0.54,368.25,0.59,70.0,0.53,461.3,0.6,222.72,0.52,424.0,0.61,143.85,0.51,394.75,0.62,184.0,0.42,54.99,0.45,324.65,0.41,100.0,0.46,368.25,0.4,222.72,0.47,461.3,0.39,143.85,0.48,424.0,0.38,184.0,0.49,394.75
2026-01-07 11:02:07.819000+00:00,2026-01-07 11:02:05.407499+00:00,127.819,0.565,0.56,0.57,0.435,0.43,0.44,218.27,9.86,9.86,218.27,0.55,364.65,0.58,69.99,0.54,322.25,0.59,85.0,0.53,461.3,0.6,157.72,0.52,424.0,0.61,178.85,0.51,405.55,0.62,165.0,0.42,69.99,0.45,364.65,0.41,85.0,0.46,322.25,0.4,157.72,0.47,461.3,0.39,178.85,0.48,424.0,0.38,165.0,0.49,405.55
2026-01-07 11:02:08.430000+00:00,2026-01-07 11:02:06.427341+00:00,128.43,0.565,0.56,0.57,0.435,0.43,0.44,217.65,9.86,7.86,217.55,0.55,364.65,0.58,69.99,0.54,322.25,0.59,155.0,0.53,461.3,0.6,227.72,0.52,424.0,0.61,178.85,0.51,405.55,0.62,165.0,0.42,69.99,0.45,319.65,0.41,155.0,0.46,322.25,0.4,227.72,0.47,461.3,0.39,178.85,0.48,424.0,0.38,135.0,0.49,405.55
2026-01-07 11:02:09.785000+00:00,2026-01-07 11:02:07.447847+00:00,129.785,0.565,0.56,0.57,0.435,0.43,0.44,227.55,11.36,11.36,227.55,0.55,798.65,0.58,69.99,0.54,332.25,0.59,155.0,0.53,461.3,0.6,227.72,0.52,424.0,0.61,178.85,0.51,394.75,0.62,135.0,0.42,69.99,0.45,798.65,0.41,155.0,0.46,332.25,0.4,227.72,0.47,461.3,0.39,178.85,0.48,424.0,0.38,135.0,0.49,394.75
2026-01-07 11:02:10.871000+00:00,2026-01-07 11:02:08.457746+00:00,130.871,0.565,0.56,0.57,0.415,0.41,0.42,402.55,2.56,110.0,164.01,0.55,279.65,0.58,19.99,0.54,433.25,0.59,110.0,0.53,448.8,0.6,202.72,0.52,404.0,0.61,168.85,0.51,394.75,0.62,105.0,0.4,212.72,0.43,149.44,0.39,153.85,0.44,371.55,0.38,105.0,0.45,299.65,0.37,618.99,0.46,423.25,0.36,251.0,0.47,448.8
2026-01-07 11:02:11.754000+00:00,2026-01-07 11:02:09.476613+00:00,131.754,0.585,0.58,0.59,0.415,0.41,0.42,243.01,95.0,95.0,243.01,0.57,215.44,0.6,177.72,0.56,267.55,0.61,113.85,0.55,354.65,0.62,205.0,0.54,448.25,0.63,614.0,0.53,448.8,0.64,221.0,0.4,182.72,0.43,220.44,0.39,113.85,0.44,267.55,0.38,205.0,0.45,354.65,0.37,614.0,0.46,448.25,0.36,221.0,0.47,448.8
2026-01-07 11:02:12.912000+00:00,2026-01-07 11:02:10.498541+00:00,132.912,0.585,0.58,0.59,0.415,0.41,0.42,228.4,60.0,60.0,228.4,0.57,230.44,0.6,207.72,0.56,267.55,0.61,113.85,0.55,364.65,0.62,205.0,0.54,418.25,0.63,584.0,0.53,441.3,0.64,270.0,0.4,207.72,0.43,230.44,0.39,113.85,0.44,267.55,0.38,205.0,0.45,374.65,0.37,584.0,0.46,418.25,0.36,270.0,0.47,441.3
2026-01-07 11:02:13.932000+00:00,2026-01-07 11:02:11.505840+00:00,133.932,0.585,0.58,0.59,0.415,0.41,0.42,208.4,155.0,165.0,208.4,0.57,290.44,0.6,187.72,0.56,287.55,0.61,213.85,0.55,329.65,0.62,214.0,0.54,438.25,0.63,614.0,0.53,421.3,0.64,191.0,0.4,257.72,0.43,290.44,0.39,158.85,0.44,331.55,0.38,214.0,0.45,299.65,0.37,614.0,0.46,438.25,0.36,191.0,0.47,421.3
2026-01-07 11:02:14.940000+00:00,2026-01-07 11:02:12.527889+00:00,134.94,0.585,0.58,0.59,0.415,0.41,0.42,208.4,150.0,55.0,208.4,0.57,295.44,0.6,272.72,0.56,726.55,0.61,143.85,0.55,289.65,0.62,244.0,0.54,514.25,0.63,827.0,0.53,441.3,0.64,313.0,0.4,207.72,0.43,300.44,0.39,213.85,0.44,736.55,0.38,244.0,0.45,289.65,0.37,827.0,0.46,494.25,0.36,313.0,0.47,441.3
2026-01-07 11:02:15.851000+00:00,2026-01-07 11:02:13.533895+00:00,135.851,0.585,0.58,0.59,0.415,0.41,0.42,60.39,40.0,40.0,60.39,0.57,115.0,0.6,257.72,0.56,746.55,0.61,213.85,0.55,344.65,0.62,195.0,0.54,327.25,0.63,957.0,0.53,441.3,0.64,374.0,0.4,257.72,0.43,115.0,0.39,213.85,0.44,746.55,0.38,195.0,0.45,299.65,0.37,957.0,0.46,373.25,0.36,374.0,0.47,441.3
2026-01-07 11:02:16.881000+00:00,2026-01-07 11:02:14.538228+00:00,136.881,0.585,0.58,0.59,0.415,0.41,0.42,40.39,55.0,55.0,40.39,0.57,298.0,0.6,357.72,0.56,746.55,0.61,143.85,0.55,299.65,0.62,195.0,0.54,368.25,0.63,653.0,0.53,441.3,0.64,374.0,0.4,357.72,0.43,298.0,0.39,143.85,0.44,746.55,0.38,195.0,0.45,299.65,0.37,653.0,0.46,368.25,0.36,374.0,0.47,441.3
2026-01-07 11:02:17.971000+00:00,2026-01-07 11:02:15.559044+00:00,137.971,0.585,0.58,0.59,0.415,0.41,0.42,33.49,40.0,40.0,33.49,0.57,308.0,0.6,172.72,0.56,746.55,0.61,298.85,0.55,324.65,0.62,184.0,0.54,312.25,0.63,664.0,0.53,421.3,0.64,374.0,0.4,172.72,0.43,308.0,0.39,298.85,0.44,746.55,0.38,184.0,0.45,354.65,0.37,664.0,0.46,312.25,0.36,374.0,0.47,421.3
2026-01-07 11:02:18.922000+00:00,2026-01-07 11:02:16.562736+00:00,138.922,0.585,0.58,0.59,0.415,0.41,0.42,53.62,30.0,30.0,53.62,0.57,381.0,0.6,172.72,0.56,731.55,0.61,113.85,0.55,279.65,0.62,250.0,0.54,292.25,0.63,678.99,0.53,421.3,0.64,404.0,0.4,172.72,0.43,338.0,0.39,113.85,0.44,776.55,0.38,260.0,0.45,279.65,0.37,678.99,0.46,292.25,0.36,404.0,0.47,421.3
2026-01-07 11:02:19.897000+00:00,2026-01-07 11:02:17.552530+00:00,139.897,0.585,0.58,0.59,0.415,0.41,0.42,26.39,110.0,110.0,26.39,0.57,333.0,0.6,297.56,0.56,691.55,0.61,143.85,0.55,299.65,0.62,165.0,0.54,388.25,0.63,649.0,0.53,421.3,0.64,374.0,0.4,297.56,0.43,333.0,0.39,143.85,0.44,691.55,0.38,165.0,0.45,299.65,0.37,649.0,0.46,388.25,0.36,374.0,0.47,421.3
2026-01-07 11:02:20.912000+00:00,2026-01-07 11:02:18.572792+00:00,140.912,0.585,0.58,0.59,0.415,0.41,0.42,36.55,85.0,85.0,36.55,0.57,328.0,0.6,307.56,0.56,691.55,0.61,173.85,0.55,299.65,0.62,155.0,0.54,378.25,0.63,614.0,0.53,421.3,0.64,423.0,0.4,317.56,0.43,323.0,0.39,173.85,0.44,696.55,0.38,155.0,0.45,309.65,0.37,614.0,0.46,388.25,0.36,423.0,0.47,431.3
2026-01-07 11:02:22.035000+00:00,2026-01-07 11:02:19.595552+00:00,142.035,0.585,0.58,0.59,0.415,0.41,0.42,45.52,150.0,135.0,45.52,0.57,293.0,0.6,317.72,0.56,726.55,0.61,173.85,0.55,319.65,0.62,185.0,0.54,378.25,0.63,633.0,0.53,441.3,0.64,374.0,0.4,327.72,0.43,293.0,0.39,173.85,0.44,726.55,0.38,185.0,0.45,319.65,0.37,633.0,0.46,378.25,0.36,374.0,0.47,441.3
2026-01-07 11:02:23.001000+00:00,2026-01-07 11:02:20.602161+00:00,143.001,0.585,0.58,0.59,0.425,0.42,0.43,10.52,165.0,135.0,75.0,0.57,75.0,0.6,237.72,0.56,721.55,0.61,143.85,0.55,324.65,0.62,185.0,0.54,342.25,0.63,937.0,0.53,451.3,0.64,374.0,0.41,110.0,0.44,721.55,0.4,237.72,0.45,324.65,0.39,143.85,0.46,352.25,0.38,185.0,0.47,451.3,0.37,937.0,0.48,404.0
2026-01-07 11:02:24.037000+00:00,2026-01-07 11:02:21.605387+00:00,144.037,0.545,0.54,0.55,0.455,0.45,0.46,14.25,109.84,115.84,14.25,0.53,200.3,0.56,210.0,0.52,233.0,0.57,346.99,0.51,364.75,0.58,797.0,0.5,454.0,0.59,458.0,0.49,559.28,0.6,435.72,0.44,205.0,0.47,200.3,0.43,306.99,0.48,267.99,0.42,832.0,0.49,374.75,0.41,458.0,0.5,454.0,0.4,435.72,0.51,559.28
2026-01-07 11:02:25.043000+00:00,2026-01-07 11:02:22.609183+00:00,145.043,0.545,0.54,0.55,0.45999999999999996,0.45,0.47,9.25,627.84,654.84,17.3,0.53,17.3,0.56,353.0,0.52,34.99,0.57,564.0,0.51,183.0,0.58,444.0,0.5,183.0,0.59,439.0,0.49,278.28,0.6,559.72,0.44,414.0,0.48,34.99,0.43,519.0,0.51,100.28,0.42,444.0,0.52,100.82,0.41,439.0,0.53,621.64,0.4,496.72,0.54,85.0
2026-01-07 11:02:26.024000+00:00,2026-01-07 11:02:23.612612+00:00,146.024,0.475,0.47,0.48,0.525,0.52,0.53,511.64,131.97,123.5,511.64,0.46,105.0,0.49,40.0,0.45,125.0,0.5,313.0,0.44,257.0,0.51,288.0,0.43,388.99,0.52,212.01,0.42,384.0,0.53,334.0,0.51,45.0,0.54,110.0,0.5,313.0,0.55,125.0,0.49,288.0,0.56,200.0,0.48,212.01,0.57,446.99,0.47,334.0,0.58,384.0
2026-01-07 11:02:27.053000+00:00,2026-01-07 11:02:24.619097+00:00,147.053,0.475,0.47,0.48,0.525,0.52,0.53,489.92,157.66,159.99,40.92,0.46,5.0,0.49,55.0,0.45,125.0,0.5,308.0,0.44,172.0,0.51,248.0,0.43,364.6,0.52,212.01,0.42,430.9,0.53,349.0,0.51,207.0,0.54,5.0,0.5,268.0,0.56,182.0,0.49,248.0,0.57,469.6,0.48,333.01,0.58,475.9,0.47,349.0,0.59,367.08
2026-01-07 11:02:28.995000+00:00,2026-01-07 11:02:26.630843+00:00,148.995,0.435,0.43,0.44,0.565,0.56,0.57,40.61,130.0,130.0,40.61,0.42,110.0,0.45,223.0,0.41,105.0,0.46,313.0,0.4,284.99,0.47,268.0,0.39,351.0,0.48,333.0,0.38,449.0,0.49,409.0,0.55,223.0,0.58,110.0,0.54,313.0,0.59,105.0,0.53,268.0,0.6,284.99,0.52,333.0,0.61,351.0,0.51,409.0,0.62,449.0
2026-01-07 11:02:30.073000+00:00,2026-01-07 11:02:27.637405+00:00,150.073,0.435,0.43,0.44,0.565,0.56,0.57,10.61,115.0,115.0,10.61,0.42,120.0,0.45,223.0,0.41,140.0,0.46,313.0,0.4,269.99,0.47,338.0,0.39,321.0,0.48,333.0,0.38,449.0,0.49,458.0,0.55,223.0,0.58,150.0,0.54,313.0,0.59,140.0,0.53,338.0,0.6,269.99,0.52,333.0,0.61,443.0,0.51,458.0,0.62,449.0
2026-01-07 11:02:31.005000+00:00,2026-01-07 11:02:28.641491+00:00,151.005,0.435,0.43,0.44,0.565,0.56,0.57,8.43,107.23,107.23,8.43,0.42,125.0,0.45,130.0,0.41,225.0,0.46,248.0,0.4,215.0,0.47,318.0,0.39,514.0,0.48,333.0,0.38,469.0,0.49,453.0,0.55,150.0,0.58,125.0,0.54,248.0,0.59,205.0,0.53,318.0,0.6,235.0,0.52,333.0,0.61,514.0,0.51,453.0,0.62,469.0
2026-01-07 11:02:32.085000+00:00,2026-01-07 11:02:29.648560+00:00,152.085,0.435,0.43,0.44,0.565,0.56,0.57,457.43,142.23,122.23,457.43,0.42,115.0,0.45,65.0,0.41,265.0,0.46,318.0,0.4,275.0,0.47,318.0,0.39,509.0,0.48,333.0,0.38,449.0,0.49,453.0,0.55,85.0,0.58,115.0,0.54,318.0,0.59,265.0,0.53,318.0,0.6,295.0,0.52,333.0,0.61,519.0,0.51,453.0,0.62,449.0
2026-01-07 11:02:33.079000+00:00,2026-01-07 11:02:30.670176+00:00,153.079,0.435,0.43,0.44,0.565,0.56,0.57,445.25,148.13,163.13,445.25,0.42,115.0,0.45,65.0,0.41,185.0,0.46,318.0,0.4,319.99,0.47,318.0,0.39,529.0,0.48,333.0,0.38,479.0,0.49,453.0,0.55,65.0,0.58,115.0,0.54,318.0,0.59,185.0,0.53,318.0,0.6,319.99,0.52,333.0,0.61,529.0,0.51,453.0,0.62,479.0
2026-01-07 11:02:34.969000+00:00,2026-01-07 11:02:32.682284+00:00,154.969,0.435,0.43,0.44,0.565,0.56,0.57,485.25,47.07,47.07,485.25,0.42,234.99,0.45,140.0,0.41,276.0,0.46,343.0,0.4,393.99,0.47,318.0,0.39,494.0,0.48,333.0,0.38,459.0,0.49,488.0,0.55,140.0,0.58,244.99,0.54,343.0,0.59,266.0,0.53,318.0,0.6,393.99,0.52,333.0,0.61,494.0,0.51,488.0,0.62,459.0
2026-01-07 11:02:36.916000+00:00,2026-01-07 11:02:34.694946+00:00,156.916,0.455,0.45,0.46,0.545,0.54,0.55,155.0,5.0,5.0,155.0,0.44,636.86,0.47,130.0,0.43,180.0,0.48,95.0,0.42,439.0,0.49,263.0,0.41,494.0,0.5,318.0,0.4,511.0,0.51,439.0,0.53,130.0,0.56,579.86,0.52,95.0,0.57,180.0,0.51,263.0,0.58,439.0,0.5,318.0,0.59,494.0,0.49,439.0,0.6,511.0
2026-01-07 11:02:38.111000+00:00,2026-01-07 11:02:35.687236+00:00,158.111,0.455,0.45,0.46,0.545,0.54,0.55,239.99,5.0,5.0,239.99,0.44,641.86,0.47,40.0,0.43,180.0,0.48,40.0,0.42,434.0,0.49,317.99,0.41,479.0,0.5,363.0,0.4,491.0,0.51,439.0,0.53,40.0,0.56,641.86,0.52,40.0,0.57,302.0,0.51,317.99,0.58,434.0,0.5,363.0,0.59,479.0,0.49,439.0,0.6,491.0
2026-01-07 11:02:39.168000+00:00,2026-01-07 11:02:36.692993+00:00,159.168,0.455,0.45,0.46,0.535,0.53,0.54,940.99,5.0,5.0,50.0,0.44,429.86,0.47,5.0,0.43,474.0,0.48,15.0,0.42,419.0,0.49,35.0,0.41,479.0,0.5,45.0,0.4,491.0,0.51,297.0,0.52,15.0,0.55,1102.99,0.5,55.0,0.56,419.86,0.49,228.0,0.57,449.0,0.48,177.01,0.58,419.0,0.47,319.0,0.59,479.0
2026-01-07 11:02:40.131000+00:00,2026-01-07 11:02:37.693175+00:00,160.131,0.525,0.52,0.53,0.475,0.47,0.48,76.23,100.0,115.0,61.23,0.51,50.0,0.54,107.06,0.5,134.99,0.55,180.84,0.49,187.0,0.56,288.0,0.48,207.0,0.57,409.0,0.47,354.0,0.58,404.0,0.46,112.06,0.49,50.0,0.45,110.84,0.5,84.99,0.44,288.0,0.51,248.0,0.43,409.0,0.52,325.0,0.42,404.0,0.53,354.0
2026-01-07 11:02:41.140000+00:00,2026-01-07 11:02:38.711504+00:00,161.14,0.525,0.52,0.53,0.505,0.5,0.51,27.11,263.45,10.0,50.0,0.49,70.0,0.54,446.45,0.48,10.0,0.55,469.84,0.47,100.0,0.56,888.0,0.46,119.0,0.57,453.0,0.45,237.99,0.58,389.0,0.48,15.0,0.52,10.0,0.47,306.78,0.53,120.0,0.46,436.45,0.54,154.0,0.45,499.84,0.55,252.99,0.44,858.0,0.56,354.0
2026-01-07 11:02:42.139000+00:00,2026-01-07 11:02:39.717510+00:00,162.139,0.495,0.49,0.5,0.505,0.5,0.51,45.0,78.78,93.78,45.0,0.48,10.0,0.51,35.0,0.47,135.0,0.52,248.0,0.46,110.0,0.53,357.0,0.45,305.1,0.54,453.98,0.44,354.0,0.55,499.84,0.49,35.0,0.52,10.0,0.48,248.0,0.53,135.0,0.47,357.0,0.54,100.0,0.46,453.98,0.55,322.87,0.45,499.84,0.56,364.0
2026-01-07 11:02:43.110000+00:00,2026-01-07 11:02:40.721175+00:00,163.11,0.495,0.49,0.5,0.505,0.5,0.51,20.33,62.78,47.78,20.33,0.48,35.0,0.51,70.0,0.47,110.0,0.52,223.0,0.46,100.0,0.53,382.0,0.45,350.1,0.54,453.98,0.44,354.0,0.55,514.84,0.49,87.47,0.52,35.0,0.48,223.0,0.53,110.0,0.47,382.0,0.54,115.0,0.46,453.98,0.55,335.11,0.45,514.84,0.56,354.0
2026-01-07 11:02:44.132000+00:00,2026-01-07 11:02:41.743913+00:00,164.132,0.495,0.49,0.5,0.505,0.5,0.51,20.33,33.63,33.63,20.33,0.48,105.0,0.51,192.0,0.47,80.0,0.52,223.0,0.46,232.11,0.53,397.0,0.45,309.11,0.54,483.98,0.44,509.89,0.55,529.84,0.49,192.0,0.52,105.0,0.48,223.0,0.53,80.0,0.47,397.0,0.54,232.11,0.46,483.98,0.55,309.11,0.45,529.84,0.56,509.89
2026-01-07 11:02:45.172000+00:00,2026-01-07 11:02:42.746896+00:00,165.172,0.455,0.45,0.46,0.545,0.54,0.55,21.11,160.43,231.43,21.11,0.44,35.0,0.47,247.0,0.43,47.11,0.48,227.0,0.42,444.0,0.49,454.0,0.41,509.0,0.5,522.63,0.4,540.99,0.51,853.0,0.53,308.0,0.56,35.0,0.52,288.0,0.57,62.11,0.51,454.0,0.58,140.0,0.5,522.63,0.59,205.0,0.49,883.0,0.6,236.99
2026-01-07 11:02:46.188000+00:00,2026-01-07 11:02:43.755300+00:00,166.188,0.425,0.42,0.43,0.575,0.57,0.58,140.0,40.0,30.0,140.0,0.41,40.0,0.45,162.0,0.4,289.11,0.46,200.43,0.39,514.0,0.47,213.0,0.38,459.0,0.48,288.0,0.37,449.0,0.49,439.0,0.56,25.0,0.59,55.0,0.55,122.0,0.6,314.11,0.54,235.43,0.61,514.0,0.53,223.0,0.62,459.0,0.52,288.0,0.63,469.0
2026-01-07 11:02:47.041000+00:00,2026-01-07 11:02:44.758533+00:00,167.041,0.425,0.42,0.43,0.575,0.57,0.58,140.0,30.0,30.0,140.0,0.41,65.0,0.44,25.0,0.4,314.11,0.45,193.0,0.39,190.0,0.46,235.43,0.38,459.0,0.47,223.0,0.37,469.0,0.48,288.0,0.56,25.0,0.59,75.0,0.55,193.0,0.6,314.11,0.54,235.43,0.61,190.0,0.53,223.0,0.62,459.0,0.52,288.0,0.63,469.0
2026-01-07 11:02:48.975000+00:00,2026-01-07 11:02:46.753815+00:00,168.975,0.435,0.43,0.44,0.565,0.56,0.57,494.0,41.0,35.0,494.0,0.42,127.82,0.45,183.0,0.41,195.0,0.46,250.43,0.4,133.1,0.47,303.0,0.39,130.0,0.48,288.0,0.38,449.0,0.49,469.0,0.55,183.0,0.58,127.82,0.54,250.43,0.59,195.0,0.53,303.0,0.6,133.1,0.52,288.0,0.61,130.0,0.51,469.0,0.62,449.0
2026-01-07 11:02:50.215000+00:00,2026-01-07 11:02:47.774033+00:00,170.215,0.435,0.43,0.44,0.565,0.56,0.57,529.0,35.0,35.0,529.0,0.42,102.82,0.45,233.0,0.41,230.0,0.46,305.43,0.4,212.67,0.47,318.0,0.39,100.0,0.48,288.0,0.38,454.5,0.49,469.0,0.55,233.0,0.58,244.93,0.54,325.43,0.59,160.0,0.53,338.0,0.6,159.67,0.52,288.0,0.61,100.0,0.51,469.0,0.62,454.5
2026-01-07 11:02:51.195000+00:00,2026-01-07 11:02:48.795217+00:00,171.195,0.445,0.44,0.45,0.555,0.55,0.56,160.11,218.0,174.87,160.11,0.43,594.0,0.46,290.43,0.42,122.82,0.47,318.0,0.41,160.0,0.48,372.0,0.4,117.4,0.49,498.8,0.39,95.5,0.5,407.63,0.54,290.43,0.57,594.0,0.53,318.0,0.58,122.82,0.52,372.0,0.59,160.0,0.51,498.8,0.6,360.4,0.5,407.63,0.61,338.5
2026-01-07 11:02:52.147000+00:00,2026-01-07 11:02:49.802539+00:00,172.147,0.445,0.44,0.45,0.545,0.54,0.55,65.0,17.66,10.0,75.0,0.43,624.0,0.46,197.43,0.42,143.11,0.47,130.0,0.41,221.4,0.48,288.0,0.4,431.4,0.49,337.6,0.39,404.5,0.5,442.63,0.53,70.0,0.56,122.11,0.52,283.0,0.57,549.0,0.51,337.6,0.58,48.12,0.5,442.63,0.59,308.4,0.49,853.0,0.6,421.4
2026-01-07 11:02:53.241000+00:00,2026-01-07 11:02:50.796816+00:00,173.241,0.46499999999999997,0.46,0.47,0.545,0.54,0.55,15.0,42.92,30.0,35.0,0.45,35.0,0.48,85.0,0.44,122.11,0.49,59.6,0.43,487.15,0.5,251.63,0.42,346.12,0.51,767.0,0.41,424.4,0.52,439.0,0.53,57.92,0.56,192.11,0.52,85.0,0.57,423.29,0.51,59.6,0.58,351.12,0.5,251.63,0.59,424.4,0.49,767.0,0.6,431.4
2026-01-07 11:02:54.309000+00:00,2026-01-07 11:02:51.816885+00:00,174.309,0.455,0.45,0.46,0.545,0.54,0.55,35.0,60.0,60.0,35.0,0.44,80.0,0.47,35.0,0.43,408.0,0.48,65.0,0.42,406.12,0.49,59.6,0.41,525.4,0.5,300.63,0.4,421.4,0.51,767.0,0.53,35.0,0.56,80.0,0.52,65.0,0.57,408.0,0.51,59.6,0.58,366.12,0.5,300.63,0.59,565.39,0.49,767.0,0.6,421.4
2026-01-07 11:02:55.335000+00:00,2026-01-07 11:02:52.837796+00:00,175.335,0.455,0.45,0.46,0.545,0.54,0.55,35.0,65.0,80.0,35.0,0.44,80.0,0.47,35.0,0.43,388.0,0.48,187.0,0.42,381.12,0.49,186.6,0.41,570.39,0.5,300.63,0.4,421.4,0.51,888.0,0.53,35.0,0.56,80.0,0.52,187.0,0.57,353.0,0.51,181.6,0.58,428.23,0.5,300.63,0.59,570.39,0.49,918.0,0.6,421.4
2026-01-07 11:02:56.262000+00:00,2026-01-07 11:02:53.843051+00:00,176.262,0.455,0.45,0.46,0.545,0.54,0.55,20.0,151.02,151.02,20.0,0.44,80.0,0.47,65.0,0.43,150.0,0.48,223.0,0.42,219.93,0.49,267.6,0.41,303.4,0.5,300.63,0.4,514.4,0.51,982.0,0.53,75.0,0.56,80.0,0.52,223.0,0.57,160.0,0.51,267.6,0.58,229.93,0.5,300.63,0.59,303.4,0.49,982.0,0.6,519.4
2026-01-07 11:02:57.085000+00:00,2026-01-07 11:02:54.848683+00:00,177.085,0.445,0.44,0.45,0.555,0.55,0.56,559.0,93.0,88.0,559.0,0.43,110.0,0.46,91.02,0.42,152.82,0.47,318.0,0.41,230.4,0.48,293.0,0.4,519.4,0.49,337.6,0.39,394.5,0.5,370.63,0.54,91.02,0.57,110.0,0.53,318.0,0.58,152.82,0.52,293.0,0.59,230.4,0.51,337.6,0.6,519.4,0.5,370.63,0.61,394.5
2026-01-07 11:02:58.279000+00:00,2026-01-07 11:02:55.852528+00:00,178.279,0.445,0.44,0.45,0.555,0.55,0.56,559.0,88.0,88.0,559.0,0.43,135.0,0.46,111.02,0.42,209.93,0.47,328.0,0.41,211.4,0.48,293.0,0.4,456.4,0.49,337.6,0.39,394.5,0.5,370.63,0.54,111.02,0.57,135.0,0.53,328.0,0.58,209.93,0.52,293.0,0.59,211.4,0.51,337.6,0.6,456.4,0.5,370.63,0.61,394.5
2026-01-07 11:02:59.333000+00:00,2026-01-07 11:02:56.871837+00:00,179.333,0.45,0.44,0.46,0.555,0.55,0.56,15.0,213.02,85.0,15.0,0.43,72.11,0.47,313.0,0.42,67.82,0.48,458.0,0.41,130.4,0.49,468.6,0.4,441.4,0.5,442.63,0.39,419.5,0.51,448.4,0.54,283.02,0.57,55.0,0.53,378.0,0.58,72.82,0.52,488.0,0.59,261.4,0.51,458.6,0.6,486.39,0.5,407.63,0.61,404.5
2026-01-07 11:03:00.278000+00:00,2026-01-07 11:02:57.877741+00:00,180.278,0.445,0.44,0.45,0.555,0.55,0.56,20.0,243.0,238.0,70.0,0.43,65.0,0.46,329.02,0.42,174.93,0.47,378.0,0.41,226.4,0.48,488.0,0.4,152.4,0.49,458.6,0.39,100.5,0.5,437.63,0.54,324.02,0.57,30.0,0.53,378.0,0.58,174.93,0.52,498.0,0.59,241.4,0.51,458.6,0.6,152.4,0.5,407.63,0.61,90.5
2026-01-07 11:03:01.295000+00:00,2026-01-07 11:02:58.883207+00:00,181.295,0.445,0.44,0.45,0.555,0.55,0.56,20.0,225.0,230.0,25.25,0.43,20.0,0.46,319.02,0.42,144.93,0.47,368.0,0.41,246.4,0.48,488.0,0.4,152.4,0.49,458.6,0.39,90.5,0.5,407.63,0.54,339.02,0.57,35.0,0.53,358.0,0.58,174.93,0.52,488.0,0.59,246.4,0.51,458.6,0.6,152.4,0.5,407.63,0.61,100.5
2026-01-07 11:03:02.304000+00:00,2026-01-07 11:02:59.876820+00:00,182.304,0.455,0.45,0.46,0.54,0.53,0.55,130.0,176.69,263.0,141.11,0.44,100.25,0.47,263.0,0.43,549.0,0.48,302.0,0.42,259.82,0.49,498.6,0.41,378.4,0.5,442.63,0.4,360.4,0.51,439.0,0.52,302.0,0.56,100.25,0.51,498.6,0.57,549.0,0.5,442.63,0.58,259.82,0.49,439.0,0.59,378.4,0.48,404.0,0.6,360.4
2026-01-07 11:03:03.307000+00:00,2026-01-07 11:03:00.893795+00:00,183.307,0.45999999999999996,0.45,0.47,0.54,0.53,0.55,102.91,268.0,268.0,102.91,0.44,190.25,0.48,327.0,0.43,619.0,0.49,478.6,0.42,336.12,0.5,442.63,0.41,500.4,0.51,439.0,0.4,421.4,0.52,452.0,0.52,327.0,0.56,220.24,0.51,478.6,0.57,589.0,0.5,442.63,0.58,336.12,0.49,439.0,0.59,500.4,0.48,452.0,0.6,421.4
2026-01-07 11:03:04.326000+00:00,2026-01-07 11:03:01.918205+00:00,184.326,0.45999999999999996,0.45,0.47,0.54,0.53,0.55,112.91,278.0,288.0,112.91,0.44,210.24,0.48,327.0,0.43,594.3,0.49,458.6,0.42,401.12,0.5,442.63,0.41,434.4,0.51,439.0,0.4,421.4,0.52,404.0,0.52,327.0,0.56,210.24,0.51,458.6,0.57,594.3,0.5,442.63,0.58,401.12,0.49,439.0,0.59,434.4,0.48,404.0,0.6,421.4
2026-01-07 11:03:05.338000+00:00,2026-01-07 11:03:02.923325+00:00,185.338,0.45999999999999996,0.45,0.47,0.545,0.54,0.55,99.41,303.0,30.0,6.5,0.44,174.99,0.48,312.0,0.43,594.3,0.49,458.6,0.42,401.12,0.5,442.63,0.41,430.26,0.51,439.0,0.4,431.4,0.52,404.0,0.53,277.43,0.56,202.11,0.52,342.0,0.57,614.3,0.51,458.6,0.58,411.12,0.5,442.63,0.59,424.4,0.49,439.0,0.6,421.4
2026-01-07 11:03:06.364000+00:00,2026-01-07 11:03:03.929108+00:00,186.364,0.445,0.44,0.45,0.555,0.55,0.56,203.61,45.0,35.0,203.61,0.43,145.0,0.46,60.0,0.42,386.11,0.47,262.43,0.41,530.4,0.48,342.0,0.4,421.4,0.49,458.6,0.39,394.5,0.5,442.63,0.54,60.0,0.57,150.3,0.53,262.43,0.58,386.11,0.52,342.0,0.59,530.4,0.51,458.6,0.6,421.4,0.5,442.63,0.61,394.5
2026-01-07 11:03:07.370000+00:00,2026-01-07 11:03:04.946456+00:00,187.37,0.445,0.44,0.45,0.555,0.55,0.56,203.61,23.88,38.88,203.61,0.43,166.62,0.46,65.0,0.42,406.11,0.47,267.43,0.41,500.4,0.48,347.0,0.4,421.4,0.49,458.6,0.39,394.5,0.5,442.63,0.54,65.0,0.57,151.62,0.53,337.43,0.58,421.11,0.52,342.0,0.59,500.4,0.51,458.6,0.6,421.4,0.5,442.63,0.61,394.5
2026-01-07 11:03:08.335000+00:00,2026-01-07 11:03:05.952575+00:00,188.335,0.445,0.44,0.45,0.555,0.55,0.56,203.61,12.07,22.07,203.61,0.43,156.92,0.46,65.0,0.42,416.11,0.47,337.43,0.41,429.4,0.48,342.0,0.4,484.4,0.49,458.6,0.39,394.5,0.5,442.63,0.54,65.0,0.57,171.92,0.53,337.43,0.58,416.11,0.52,342.0,0.59,429.4,0.51,458.6,0.6,484.4,0.5,442.63,0.61,394.5
2026-01-07 11:03:09.397000+00:00,2026-01-07 11:03:06.958641+00:00,189.397,0.445,0.44,0.45,0.55,0.54,0.56,210.66,5.0,110.0,205.66,0.43,181.92,0.46,55.0,0.42,376.11,0.47,356.86,0.41,429.4,0.48,293.0,0.4,484.4,0.49,507.6,0.39,404.5,0.5,442.63,0.53,366.86,0.57,186.92,0.52,293.0,0.58,376.11,0.51,507.6,0.59,429.4,0.5,442.63,0.6,484.4,0.49,937.0,0.61,394.5
2026-01-07 11:03:10.245000+00:00,2026-01-07 11:03:07.979587+00:00,190.245,0.45,0.44,0.46,0.55,0.54,0.56,684.66,152.77,152.77,684.66,0.43,191.92,0.47,356.86,0.42,376.11,0.48,313.0,0.41,490.4,0.49,507.6,0.4,421.4,0.5,442.63,0.39,394.5,0.51,888.0,0.53,356.86,0.57,191.92,0.52,313.0,0.58,376.11,0.51,507.6,0.59,490.4,0.5,442.63,0.6,421.4,0.49,888.0,0.61,394.5
2026-01-07 11:03:11.365000+00:00,2026-01-07 11:03:08.972136+00:00,191.365,0.455,0.45,0.46,0.545,0.54,0.55,130.0,80.0,80.0,134.41,0.44,601.12,0.47,356.86,0.43,234.62,0.48,293.0,0.42,336.12,0.49,542.6,0.41,429.4,0.5,482.63,0.4,421.4,0.51,888.0,0.53,356.86,0.56,601.12,0.52,293.0,0.57,234.62,0.51,552.6,0.58,336.12,0.5,482.63,0.59,429.4,0.49,888.0,0.6,421.4
2026-01-07 11:03:12.266000+00:00,2026-01-07 11:03:09.978880+00:00,192.266,0.455,0.45,0.46,0.545,0.54,0.55,51.41,40.0,40.0,51.41,0.44,668.23,0.47,361.86,0.43,171.62,0.48,293.0,0.42,336.12,0.49,552.6,0.41,490.4,0.5,482.63,0.4,421.4,0.51,888.0,0.53,361.86,0.56,668.23,0.52,293.0,0.57,171.62,0.51,552.6,0.58,336.12,0.5,482.63,0.59,490.4,0.49,888.0,0.6,421.4
2026-01-07 11:03:13.373000+00:00,2026-01-07 11:03:10.968664+00:00,193.373,0.45,0.44,0.46,0.55,0.54,0.56,708.23,95.0,95.0,708.23,0.43,161.62,0.47,411.86,0.42,376.11,0.48,323.0,0.41,490.4,0.49,458.6,0.4,428.7,0.5,442.63,0.39,394.5,0.51,888.0,0.53,411.86,0.57,161.62,0.52,323.0,0.58,376.11,0.51,458.6,0.59,490.4,0.5,442.63,0.6,428.7,0.49,888.0,0.61,394.5
2026-01-07 11:03:14.420000+00:00,2026-01-07 11:03:11.971613+00:00,194.42,0.46499999999999997,0.46,0.47,0.535,0.53,0.54,55.0,331.36,331.36,157.11,0.45,146.11,0.48,293.0,0.44,638.94,0.49,458.6,0.43,161.62,0.5,467.63,0.42,336.12,0.51,898.0,0.41,429.4,0.52,404.0,0.52,263.0,0.55,76.11,0.51,458.6,0.56,612.37,0.5,457.63,0.57,146.62,0.49,898.0,0.58,336.12,0.48,404.0,0.59,429.4
2026-01-07 11:03:15.401000+00:00,2026-01-07 11:03:12.969012+00:00,195.401,0.45999999999999996,0.45,0.47,0.54,0.53,0.55,154.11,356.36,356.36,154.11,0.44,667.66,0.48,348.0,0.43,229.92,0.49,488.6,0.42,336.12,0.5,442.63,0.41,429.4,0.51,888.0,0.4,433.1,0.52,453.0,0.52,348.0,0.56,667.66,0.51,488.6,0.57,224.92,0.5,442.63,0.58,336.12,0.49,888.0,0.59,429.4,0.48,453.0,0.6,433.1
2026-01-07 11:03:16.396000+00:00,2026-01-07 11:03:13.971180+00:00,196.396,0.46499999999999997,0.46,0.47,0.535,0.53,0.54,112.11,321.36,321.36,112.11,0.45,76.11,0.48,353.0,0.44,667.66,0.49,488.6,0.43,166.92,0.5,491.63,0.42,351.12,0.51,888.0,0.41,424.4,0.52,404.0,0.52,353.0,0.55,76.11,0.51,488.6,0.56,667.66,0.5,491.63,0.57,346.92,0.49,888.0,0.58,472.12,0.48,404.0,0.59,424.4
2026-01-07 11:03:17.408000+00:00,2026-01-07 11:03:14.974989+00:00,197.408,0.46499999999999997,0.46,0.47,0.535,0.53,0.54,65.93,108.36,138.36,175.75,0.45,248.11,0.48,25.0,0.44,288.3,0.49,94.6,0.43,450.92,0.5,216.63,0.42,487.12,0.51,318.0,0.41,439.66,0.52,404.0,0.52,70.0,0.55,333.11,0.51,124.6,0.56,338.29,0.5,236.63,0.57,508.92,0.49,318.0,0.58,427.12,0.48,439.0,0.59,433.8
2026-01-07 11:03:18.435000+00:00,2026-01-07 11:03:15.998346+00:00,198.435,0.475,0.47,0.48,0.525,0.52,0.53,10.0,5.0,5.0,224.0,0.46,926.58,0.49,19.6,0.45,525.41,0.5,3.63,0.44,460.3,0.51,35.0,0.43,440.92,0.52,25.0,0.42,427.12,0.53,125.0,0.51,19.6,0.54,816.61,0.49,35.0,0.55,475.41,0.48,75.0,0.56,425.3,0.47,110.0,0.57,440.92,0.46,426.76,0.58,433.82
2026-01-07 11:03:19.382000+00:00,2026-01-07 11:03:17.003616+00:00,199.382,0.485,0.48,0.49,0.515,0.51,0.52,229.51,4.6,4.6,245.42,0.47,303.0,0.5,5.0,0.46,801.06,0.51,35.0,0.45,435.41,0.52,75.0,0.44,425.3,0.53,65.0,0.43,429.32,0.54,292.76,0.5,5.0,0.53,313.0,0.49,60.0,0.54,821.06,0.48,125.0,0.55,445.41,0.47,75.0,0.56,425.3,0.46,292.76,0.57,429.32
2026-01-07 11:03:20.428000+00:00,2026-01-07 11:03:17.994805+00:00,200.428,0.53,0.52,0.54,0.46499999999999997,0.46,0.47,10.0,14.78,14.78,30.0,0.49,697.0,0.55,40.0,0.48,440.51,0.56,193.0,0.47,414.2,0.57,304.0,0.46,542.88,0.58,460.96,0.45,435.41,0.59,354.0,0.45,25.0,0.48,45.0,0.44,233.0,0.49,10.0,0.43,314.0,0.5,162.0,0.42,427.1,0.51,908.0,0.41,803.0,0.52,471.51
2026-01-07 11:03:21.439000+00:00,2026-01-07 11:03:18.999710+00:00,201.439,0.535,0.53,0.54,0.46499999999999997,0.46,0.47,115.51,15.0,97.1,55.0,0.52,208.0,0.55,65.0,0.51,267.0,0.56,109.1,0.5,213.0,0.57,73.48,0.49,858.2,0.58,114.0,0.48,436.2,0.59,667.0,0.45,45.0,0.48,253.4,0.44,65.0,0.49,233.0,0.43,180.48,0.5,283.0,0.42,236.0,0.51,434.2,0.41,788.0,0.52,446.2
2026-01-07 11:03:22.365000+00:00,2026-01-07 11:03:20.004930+00:00,202.365,0.535,0.53,0.54,0.46499999999999997,0.46,0.47,15.0,89.1,89.1,15.0,0.52,286.65,0.55,85.0,0.51,223.0,0.56,40.0,0.5,268.2,0.57,266.48,0.49,409.2,0.58,297.0,0.48,506.2,0.59,830.0,0.45,85.0,0.48,286.65,0.44,40.0,0.49,223.0,0.43,266.48,0.5,268.2,0.42,297.0,0.51,409.2,0.41,830.0,0.52,516.2
2026-01-07 11:03:23.447000+00:00,2026-01-07 11:03:21.025362+00:00,203.447,0.535,0.53,0.54,0.46499999999999997,0.46,0.47,15.0,139.1,139.1,15.0,0.52,8.25,0.55,167.0,0.51,509.51,0.56,187.0,0.5,70.2,0.57,387.48,0.49,268.2,0.58,910.0,0.48,404.2,0.59,304.0,0.45,167.0,0.48,8.25,0.44,187.0,0.49,509.51,0.43,387.48,0.5,70.2,0.42,980.0,0.51,288.2,0.41,374.0,0.52,414.2
2026-01-07 11:03:24.239000+00:00,2026-01-07 11:03:22.031865+00:00,204.239,0.525,0.52,0.53,0.475,0.47,0.48,8.25,170.98,172.98,28.25,0.51,509.51,0.54,60.0,0.5,90.2,0.55,253.0,0.49,155.2,0.56,248.0,0.48,343.2,0.57,387.48,0.47,429.2,0.58,945.0,0.46,55.0,0.49,509.51,0.45,253.0,0.5,90.2,0.44,248.0,0.51,225.2,0.43,387.48,0.52,343.2,0.42,945.0,0.53,429.2
2026-01-07 11:03:25.483000+00:00,2026-01-07 11:03:23.044212+00:00,205.483,0.525,0.52,0.53,0.475,0.47,0.48,93.65,50.0,50.0,78.65,0.51,524.0,0.54,119.1,0.5,165.2,0.55,293.0,0.49,125.2,0.56,248.0,0.48,395.2,0.57,436.48,0.47,419.2,0.58,853.0,0.46,119.1,0.49,594.0,0.45,293.0,0.5,165.2,0.44,248.0,0.51,125.2,0.43,436.48,0.52,395.2,0.42,853.0,0.53,419.2
2026-01-07 11:03:26.494000+00:00,2026-01-07 11:03:24.052862+00:00,206.494,0.535,0.53,0.54,0.46499999999999997,0.46,0.47,791.19,5.0,5.0,1059.51,0.52,345.25,0.55,183.0,0.51,257.0,0.56,183.0,0.5,222.0,0.57,357.48,0.49,237.6,0.58,359.0,0.48,409.2,0.59,363.98,0.43,221.48,0.48,456.25,0.42,304.0,0.49,378.0,0.41,304.0,0.5,343.0,0.4,431.72,0.51,358.6,0.39,351.95,0.52,409.2
2026-01-07 11:03:27.501000+00:00,2026-01-07 11:03:25.074259+00:00,207.501,0.595,0.59,0.6,0.405,0.4,0.41,20.0,247.7,247.7,20.0,0.58,58.88,0.61,98.85,0.57,225.88,0.62,90.0,0.56,253.0,0.63,667.0,0.55,363.0,0.64,339.0,0.54,424.0,0.65,409.42,0.39,88.85,0.42,58.88,0.38,90.0,0.43,210.88,0.37,667.0,0.44,258.0,0.36,339.0,0.45,318.0,0.35,447.42,0.46,460.0
2026-01-07 11:03:28.454000+00:00,2026-01-07 11:03:26.081316+00:00,208.454,0.595,0.59,0.6,0.405,0.4,0.41,85.51,127.72,160.55,80.51,0.58,65.0,0.61,122.95,0.57,224.52,0.62,139.0,0.56,223.0,0.63,667.0,0.55,383.0,0.64,339.0,0.54,404.0,0.65,409.42,0.39,142.95,0.42,55.0,0.38,129.0,0.43,214.52,0.37,667.0,0.44,233.0,0.36,339.0,0.45,383.0,0.35,409.42,0.46,404.0
2026-01-07 11:03:29.473000+00:00,2026-01-07 11:03:27.071058+00:00,209.473,0.595,0.59,0.6,0.405,0.4,0.41,20.0,220.53,220.53,20.0,0.58,14.85,0.61,68.85,0.57,240.03,0.62,114.0,0.56,238.0,0.63,667.0,0.55,373.0,0.64,339.0,0.54,460.0,0.65,447.42,0.39,68.85,0.42,14.85,0.38,114.0,0.43,240.03,0.37,667.0,0.44,238.0,0.36,339.0,0.45,373.0,0.35,447.42,0.46,460.0
2026-01-07 11:03:30.496000+00:00,2026-01-07 11:03:28.061145+00:00,210.496,0.565,0.56,0.57,0.435,0.43,0.44,25.4,30.0,15.0,40.4,0.55,110.0,0.58,155.0,0.54,514.0,0.59,268.0,0.53,343.2,0.6,338.55,0.52,346.2,0.61,382.85,0.51,409.2,0.62,418.0,0.42,149.98,0.45,180.0,0.41,268.0,0.46,584.0,0.4,338.55,0.47,343.2,0.39,382.85,0.48,346.2,0.38,418.0,0.49,409.2
2026-01-07 11:03:31.444000+00:00,2026-01-07 11:03:29.070391+00:00,211.444,0.5700000000000001,0.56,0.58,0.43,0.42,0.44,68.4,169.98,149.98,35.0,0.55,190.0,0.59,253.0,0.54,569.0,0.6,402.55,0.53,328.0,0.61,382.85,0.52,341.0,0.62,369.0,0.51,409.2,0.63,414.0,0.41,268.0,0.45,190.0,0.4,387.55,0.46,584.0,0.39,382.85,0.47,328.0,0.38,369.0,0.48,346.2,0.37,414.0,0.49,409.2
2026-01-07 11:03:32.486000+00:00,2026-01-07 11:03:30.093426+00:00,212.486,0.575,0.57,0.58,0.425,0.42,0.43,12.39,159.72,159.72,7.39,0.56,115.4,0.59,105.0,0.55,155.0,0.6,387.55,0.54,609.0,0.61,377.85,0.53,375.0,0.62,369.0,0.52,308.2,0.63,374.0,0.41,105.0,0.44,115.4,0.4,387.55,0.45,155.0,0.39,377.85,0.46,609.0,0.38,369.0,0.47,375.0,0.37,374.0,0.48,303.0
2026-01-07 11:03:33.441000+00:00,2026-01-07 11:03:31.099820+00:00,213.441,0.575,0.57,0.58,0.425,0.42,0.43,7.39,157.54,157.54,7.39,0.56,115.4,0.59,105.0,0.55,155.0,0.6,387.55,0.54,609.0,0.61,377.85,0.53,328.0,0.62,369.0,0.52,351.0,0.63,414.0,0.41,105.0,0.44,115.4,0.4,387.55,0.45,155.0,0.39,377.85,0.46,609.0,0.38,369.0,0.47,328.0,0.37,414.0,0.48,351.0
2026-01-07 11:03:34.422000+00:00,2026-01-07 11:03:32.121314+00:00,214.422,0.575,0.57,0.58,0.425,0.42,0.43,77.39,173.32,168.32,77.39,0.56,75.0,0.59,90.0,0.55,180.51,0.6,387.55,0.54,594.0,0.61,826.85,0.53,343.0,0.62,409.0,0.52,303.0,0.63,374.0,0.41,90.0,0.44,75.0,0.4,387.55,0.45,165.51,0.39,826.85,0.46,594.0,0.38,409.0,0.47,343.0,0.37,374.0,0.48,303.0
2026-01-07 11:03:35.525000+00:00,2026-01-07 11:03:33.128253+00:00,215.525,0.575,0.57,0.58,0.425,0.42,0.43,66.76,167.32,172.32,72.3,0.56,90.0,0.59,110.0,0.55,215.51,0.6,397.55,0.54,569.0,0.61,826.85,0.53,343.0,0.62,409.0,0.52,293.0,0.63,374.0,0.41,110.0,0.44,90.0,0.4,397.55,0.45,215.51,0.39,826.85,0.46,569.0,0.38,409.0,0.47,343.0,0.37,374.0,0.48,293.0
2026-01-07 11:03:36.501000+00:00,2026-01-07 11:03:34.142925+00:00,216.501,0.575,0.57,0.58,0.425,0.42,0.43,5.54,142.32,142.32,5.54,0.56,95.0,0.59,125.0,0.55,215.51,0.6,397.55,0.54,584.0,0.61,826.85,0.53,145.0,0.62,439.0,0.52,341.0,0.63,414.0,0.41,125.0,0.44,95.0,0.4,397.55,0.45,215.51,0.39,826.85,0.46,584.0,0.38,439.0,0.47,145.0,0.37,414.0,0.48,341.0
2026-01-07 11:03:37.512000+00:00,2026-01-07 11:03:35.135287+00:00,217.512,0.565,0.56,0.57,0.43,0.42,0.44,110.0,64.1,82.32,170.4,0.55,185.51,0.58,87.34,0.54,584.0,0.59,125.0,0.53,155.0,0.6,338.55,0.52,331.0,0.61,896.85,0.51,409.2,0.62,439.0,0.41,140.0,0.45,190.0,0.4,363.55,0.46,569.0,0.39,896.85,0.47,145.0,0.38,439.0,0.48,331.0,0.37,414.0,0.49,409.2
2026-01-07 11:03:38.462000+00:00,2026-01-07 11:03:36.140535+00:00,218.462,0.575,0.57,0.58,0.425,0.42,0.43,20.0,102.32,37.34,75.51,0.56,185.4,0.59,90.0,0.55,165.0,0.6,373.55,0.54,615.0,0.61,926.85,0.53,145.0,0.62,449.0,0.52,283.0,0.63,374.0,0.41,139.1,0.44,155.0,0.4,373.55,0.45,165.0,0.39,926.85,0.46,615.0,0.38,449.0,0.47,145.0,0.37,374.0,0.48,283.0
2026-01-07 11:03:39.541000+00:00,2026-01-07 11:03:37.147188+00:00,219.541,0.575,0.57,0.58,0.425,0.42,0.43,90.51,37.34,37.34,140.51,0.56,170.0,0.59,139.1,0.55,150.0,0.6,358.55,0.54,747.0,0.61,941.85,0.53,257.0,0.62,449.0,0.52,409.2,0.63,423.0,0.41,119.1,0.44,145.0,0.4,378.55,0.45,150.0,0.39,941.85,0.46,747.0,0.38,449.0,0.47,257.0,0.37,423.0,0.48,409.2
2026-01-07 11:03:40.588000+00:00,2026-01-07 11:03:38.167933+00:00,220.588,0.595,0.59,0.6,0.405,0.4,0.41,120.4,90.55,90.55,105.4,0.58,90.0,0.61,58.85,0.57,150.0,0.62,94.98,0.56,841.0,0.63,453.0,0.55,288.0,0.64,429.0,0.54,288.2,0.65,514.42,0.39,63.85,0.42,90.0,0.38,94.98,0.43,120.0,0.37,453.0,0.44,797.0,0.36,429.0,0.45,283.0,0.35,524.42,0.46,288.2
2026-01-07 11:03:41.560000+00:00,2026-01-07 11:03:39.175578+00:00,221.56,0.585,0.58,0.59,0.415,0.41,0.42,75.51,75.0,129.1,40.0,0.57,150.41,0.6,210.53,0.56,808.36,0.61,113.85,0.55,293.0,0.62,50.0,0.54,354.2,0.63,267.0,0.53,409.2,0.64,409.0,0.4,130.55,0.43,145.81,0.39,93.85,0.44,797.0,0.38,40.0,0.45,298.0,0.37,267.0,0.46,334.2,0.36,409.0,0.47,419.2
2026-01-07 11:03:42.647000+00:00,2026-01-07 11:03:40.180875+00:00,222.647,0.585,0.58,0.59,0.415,0.41,0.42,37.95,149.1,149.1,37.95,0.57,145.81,0.6,140.55,0.56,802.0,0.61,93.85,0.55,328.0,0.62,40.0,0.54,293.0,0.63,337.0,0.53,466.2,0.64,448.0,0.4,140.55,0.43,150.81,0.39,98.85,0.44,802.0,0.38,40.0,0.45,328.0,0.37,337.0,0.46,293.0,0.36,448.0,0.47,466.2
2026-01-07 11:03:43.593000+00:00,2026-01-07 11:03:41.189078+00:00,223.593,0.585,0.58,0.59,0.415,0.41,0.42,48.87,30.0,30.0,48.87,0.57,145.0,0.6,215.53,0.56,802.0,0.61,108.85,0.55,293.0,0.62,40.0,0.54,339.0,0.63,337.0,0.53,409.2,0.64,409.0,0.4,225.53,0.43,190.0,0.39,108.85,0.44,802.0,0.38,40.0,0.45,293.0,0.37,337.0,0.46,349.0,0.36,409.0,0.47,409.2
2026-01-07 11:03:44.626000+00:00,2026-01-07 11:03:42.194539+00:00,224.626,0.585,0.58,0.59,0.415,0.41,0.42,43.36,109.1,114.1,38.36,0.57,200.4,0.6,175.55,0.56,802.0,0.61,108.85,0.55,293.0,0.62,110.0,0.54,349.0,0.63,337.0,0.53,409.2,0.64,858.0,0.4,175.55,0.43,200.4,0.39,108.85,0.44,802.0,0.38,110.0,0.45,293.0,0.37,337.0,0.46,303.0,0.36,897.0,0.47,456.2
2026-01-07 11:03:45.618000+00:00,2026-01-07 11:03:43.186250+00:00,225.618,0.585,0.58,0.59,0.415,0.41,0.42,38.36,139.1,149.1,35.97,0.57,145.4,0.6,155.55,0.56,857.0,0.61,88.85,0.55,293.0,0.62,110.0,0.54,339.0,0.63,337.0,0.53,414.0,0.64,858.0,0.4,170.55,0.43,145.4,0.39,73.85,0.44,842.0,0.38,110.0,0.45,308.0,0.37,337.0,0.46,293.0,0.36,897.0,0.47,461.0
2026-01-07 11:03:46.611000+00:00,2026-01-07 11:03:44.192563+00:00,226.611,0.585,0.58,0.59,0.415,0.41,0.42,76.48,30.0,94.1,35.97,0.57,160.0,0.6,215.53,0.56,812.0,0.61,118.85,0.55,293.0,0.62,110.0,0.54,293.0,0.63,337.0,0.53,451.0,0.64,897.0,0.4,135.55,0.43,145.4,0.39,98.85,0.44,802.0,0.38,110.0,0.45,293.0,0.37,337.0,0.46,329.0,0.36,858.0,0.47,404.0
2026-01-07 11:03:47.601000+00:00,2026-01-07 11:03:45.215945+00:00,227.601,0.595,0.59,0.6,0.405,0.4,0.41,45.0,175.53,110.55,55.4,0.58,101.48,0.61,88.85,0.57,140.0,0.62,165.0,0.56,807.0,0.63,367.0,0.55,283.0,0.64,858.0,0.54,329.0,0.65,552.42,0.39,122.95,0.42,65.97,0.38,125.0,0.43,130.0,0.37,337.0,0.44,797.0,0.36,858.0,0.45,283.0,0.35,552.42,0.46,329.0
2026-01-07 11:03:48.649000+00:00,2026-01-07 11:03:46.218439+00:00,228.649,0.595,0.59,0.6,0.405,0.4,0.41,120.4,80.55,80.55,100.4,0.58,95.97,0.61,122.95,0.57,120.0,0.62,40.0,0.56,303.0,0.63,348.0,0.55,283.0,0.64,898.0,0.54,329.0,0.65,552.42,0.39,63.85,0.42,85.56,0.38,89.98,0.43,110.0,0.37,303.0,0.44,348.0,0.36,878.0,0.45,283.0,0.35,514.42,0.46,283.0
2026-01-07 11:03:49.640000+00:00,2026-01-07 11:03:47.222628+00:00,229.64,0.595,0.59,0.6,0.405,0.4,0.41,170.4,100.55,100.55,135.4,0.58,247.0,0.61,13.85,0.57,671.0,0.62,35.0,0.56,303.0,0.63,258.0,0.55,404.0,0.64,832.98,0.54,404.0,0.65,539.42,0.39,13.85,0.42,247.0,0.38,35.0,0.43,671.0,0.37,272.1,0.44,303.0,0.36,848.0,0.45,404.0,0.35,569.42,0.46,404.0
2026-01-07 11:03:50.686000+00:00,2026-01-07 11:03:48.245705+00:00,230.686,0.595,0.59,0.6,0.405,0.4,0.41,170.4,7.03,3.14,110.4,0.58,308.0,0.61,13.85,0.57,742.0,0.62,80.0,0.56,357.0,0.63,149.1,0.55,409.3,0.64,499.0,0.54,409.2,0.65,472.41,0.39,13.85,0.42,288.0,0.38,75.0,0.43,732.0,0.37,119.1,0.44,347.0,0.36,499.0,0.45,409.3,0.35,472.41,0.46,409.2
2026-01-07 11:03:51.667000+00:00,2026-01-07 11:03:49.249495+00:00,231.667,0.605,0.6,0.61,0.395,0.39,0.4,115.0,28.85,28.85,115.0,0.59,105.4,0.62,100.0,0.58,303.0,0.63,119.1,0.57,752.0,0.64,499.0,0.56,293.0,0.65,472.41,0.55,419.3,0.66,409.0,0.38,100.0,0.41,105.4,0.37,119.1,0.42,303.0,0.36,499.0,0.43,752.0,0.35,472.41,0.44,337.0,0.34,409.0,0.45,419.3
2026-01-07 11:03:52.627000+00:00,2026-01-07 11:03:50.256495+00:00,232.627,0.605,0.6,0.61,0.395,0.39,0.4,169.24,13.85,13.85,124.24,0.59,273.4,0.62,75.0,0.58,345.0,0.63,45.0,0.57,752.0,0.64,669.0,0.56,283.0,0.65,289.41,0.55,409.3,0.66,409.0,0.38,20.0,0.41,273.4,0.36,50.0,0.42,335.0,0.35,239.42,0.43,404.0,0.34,339.76,0.44,283.0,0.33,419.0,0.45,409.3
2026-01-07 11:03:53.693000+00:00,2026-01-07 11:03:51.264460+00:00,233.693,0.615,0.61,0.62,0.385,0.38,0.39,434.0,5.0,5.0,444.0,0.6,871.24,0.64,15.0,0.59,459.4,0.65,180.42,0.58,404.0,0.66,166.0,0.57,404.0,0.67,427.83,0.56,409.3,0.68,329.0,0.36,15.0,0.4,871.24,0.35,180.42,0.41,459.4,0.34,216.0,0.42,404.0,0.33,392.84,0.43,404.0,0.32,329.0,0.44,409.3
2026-01-07 11:03:54.734000+00:00,2026-01-07 11:03:52.266915+00:00,234.734,0.645,0.64,0.65,0.355,0.35,0.36,40.0,105.42,105.42,107.81,0.63,265.81,0.66,10.0,0.62,233.0,0.67,55.0,0.61,293.0,0.68,165.0,0.6,443.24,0.69,146.0,0.59,439.4,0.7,823.0,0.34,10.0,0.37,290.81,0.33,55.0,0.38,233.0,0.32,165.0,0.39,293.0,0.31,146.0,0.4,443.24,0.3,823.0,0.41,439.4
2026-01-07 11:03:55.717000+00:00,2026-01-07 11:03:53.287539+00:00,235.717,0.655,0.65,0.66,0.345,0.34,0.35,202.58,5.0,20.0,152.58,0.64,282.41,0.67,10.0,0.63,336.81,0.68,50.0,0.62,414.0,0.69,135.0,0.61,404.0,0.7,134.0,0.6,433.24,0.71,161.0,0.33,50.0,0.36,248.41,0.32,35.0,0.37,386.81,0.31,115.0,0.38,424.0,0.3,104.0,0.39,414.0,0.29,161.0,0.4,433.24
2026-01-07 11:03:56.730000+00:00,2026-01-07 11:03:54.291576+00:00,236.73,0.655,0.65,0.66,0.345,0.34,0.35,63.02,75.0,25.0,63.02,0.64,233.41,0.67,165.0,0.63,321.81,0.68,60.0,0.62,359.0,0.69,167.0,0.61,359.5,0.7,796.0,0.6,433.64,0.71,278.0,0.33,230.0,0.36,268.41,0.32,70.0,0.37,331.81,0.31,202.0,0.38,394.0,0.3,796.0,0.39,364.5,0.29,278.0,0.4,433.64
2026-01-07 11:03:57.730000+00:00,2026-01-07 11:03:55.301095+00:00,237.73,0.65,0.64,0.66,0.345,0.34,0.35,145.0,30.0,50.0,65.0,0.63,611.0,0.67,85.0,0.62,263.0,0.68,110.0,0.61,223.0,0.69,348.0,0.6,408.24,0.7,908.0,0.59,453.7,0.71,458.0,0.33,95.0,0.36,80.0,0.32,110.0,0.37,656.0,0.31,363.0,0.38,253.0,0.3,893.0,0.39,233.0,0.29,458.0,0.4,418.24
2026-01-07 11:03:58.708000+00:00,2026-01-07 11:03:56.306356+00:00,238.708,0.655,0.65,0.66,0.345,0.34,0.35,30.0,15.0,40.0,15.0,0.64,75.0,0.67,85.0,0.63,717.0,0.68,110.0,0.62,233.0,0.69,110.0,0.61,264.0,0.7,893.0,0.6,418.24,0.71,458.0,0.33,190.0,0.36,80.04,0.32,55.0,0.37,717.0,0.31,95.0,0.38,233.0,0.3,893.0,0.39,264.0,0.29,458.0,0.4,418.24
2026-01-07 11:03:59.739000+00:00,2026-01-07 11:03:57.296945+00:00,239.739,0.655,0.65,0.66,0.345,0.34,0.35,15.0,30.0,10.0,105.0,0.64,160.04,0.67,170.0,0.63,777.0,0.68,50.0,0.62,343.0,0.69,110.0,0.61,293.0,0.7,893.0,0.6,418.24,0.71,458.0,0.33,50.0,0.36,155.04,0.32,130.0,0.37,767.0,0.31,110.0,0.38,333.0,0.3,908.0,0.39,283.0,0.29,458.0,0.4,408.24
2026-01-07 11:04:00.749000+00:00,2026-01-07 11:03:58.320421+00:00,240.749,0.665,0.66,0.67,0.335,0.33,0.34,130.0,50.0,50.0,85.0,0.65,40.0,0.68,110.0,0.64,145.04,0.69,110.0,0.63,747.0,0.7,938.0,0.62,323.0,0.71,458.0,0.61,404.0,0.72,374.0,0.32,110.0,0.35,50.0,0.31,110.0,0.36,145.04,0.3,624.0,0.37,757.0,0.29,458.0,0.38,333.0,0.28,374.0,0.39,409.5
2026-01-07 11:04:01.753000+00:00,2026-01-07 11:03:59.326962+00:00,241.753,0.665,0.66,0.67,0.335,0.33,0.34,20.0,180.0,180.0,20.0,0.65,30.0,0.68,60.0,0.64,373.04,0.69,110.0,0.63,757.0,0.7,574.0,0.62,298.5,0.71,458.0,0.61,460.5,0.72,409.0,0.32,90.0,0.35,30.0,0.31,80.0,0.36,373.04,0.3,574.0,0.37,757.0,0.29,458.0,0.38,298.5,0.28,409.0,0.39,460.5
2026-01-07 11:04:02.756000+00:00,2026-01-07 11:04:00.333404+00:00,242.756,0.655,0.64,0.67,0.355,0.35,0.36,145.04,173.41,5.0,145.04,0.63,747.0,0.68,70.0,0.62,338.0,0.69,80.0,0.61,334.0,0.7,817.0,0.6,423.64,0.71,458.0,0.59,463.7,0.72,409.0,0.34,110.0,0.37,747.0,0.33,103.41,0.38,338.0,0.32,70.0,0.39,334.0,0.31,80.0,0.4,423.64,0.3,878.0,0.41,463.7
2026-01-07 11:04:03.787000+00:00,2026-01-07 11:04:01.357288+00:00,243.787,0.645,0.64,0.65,0.355,0.35,0.36,150.04,10.0,124.6,15.04,0.63,802.0,0.66,125.0,0.62,293.0,0.67,138.41,0.61,334.0,0.68,50.0,0.6,423.64,0.69,80.0,0.59,453.7,0.7,878.0,0.34,65.0,0.37,223.0,0.33,88.41,0.38,193.0,0.32,30.0,0.39,264.0,0.31,201.0,0.4,343.64,0.3,394.0,0.41,453.7
2026-01-07 11:04:04.791000+00:00,2026-01-07 11:04:02.365385+00:00,244.791,0.615,0.61,0.62,0.385,0.38,0.39,20.0,85.0,85.0,20.0,0.6,277.24,0.63,40.0,0.59,318.4,0.64,115.0,0.58,368.0,0.65,85.0,0.57,567.0,0.66,65.0,0.56,479.0,0.67,496.41,0.37,40.0,0.4,277.24,0.36,115.0,0.41,318.4,0.35,85.0,0.42,368.0,0.34,65.0,0.43,567.0,0.33,496.41,0.44,479.0
2026-01-07 11:04:05.758000+00:00,2026-01-07 11:04:03.371803+00:00,245.758,0.62,0.61,0.63,0.38,0.37,0.39,70.41,85.0,85.0,70.41,0.6,237.24,0.64,45.0,0.59,318.0,0.65,105.0,0.58,368.0,0.66,95.0,0.57,557.0,0.67,496.41,0.56,479.0,0.68,404.0,0.36,45.0,0.4,237.24,0.35,105.0,0.41,318.0,0.34,95.0,0.42,368.0,0.33,496.41,0.43,557.0,0.32,404.0,0.44,479.0
2026-01-07 11:04:06.661000+00:00,2026-01-07 11:04:04.378210+00:00,246.661,0.625,0.62,0.63,0.375,0.37,0.38,20.0,125.0,125.0,20.0,0.61,110.41,0.64,60.0,0.6,347.24,0.65,130.0,0.59,328.0,0.66,105.0,0.58,410.0,0.67,496.41,0.57,514.0,0.68,404.0,0.36,60.0,0.39,110.41,0.35,130.0,0.4,347.24,0.34,105.0,0.41,328.0,0.33,496.41,0.42,410.0,0.32,404.0,0.43,514.0
2026-01-07 11:04:07.794000+00:00,2026-01-07 11:04:05.384510+00:00,247.794,0.625,0.62,0.63,0.375,0.37,0.38,116.0,5.0,1.82,103.0,0.61,182.0,0.64,75.0,0.6,322.24,0.65,35.0,0.59,308.0,0.66,130.0,0.58,400.0,0.67,415.41,0.57,514.0,0.68,414.0,0.36,75.0,0.39,243.0,0.35,35.0,0.4,808.24,0.34,130.0,0.41,308.0,0.33,232.41,0.42,358.0,0.32,414.0,0.43,519.3
2026-01-07 11:04:08.824000+00:00,2026-01-07 11:04:06.392361+00:00,248.824,0.625,0.62,0.63,0.375,0.37,0.38,21.0,91.82,111.82,21.0,0.61,358.0,0.64,115.0,0.6,808.24,0.65,40.0,0.59,343.0,0.66,135.0,0.58,494.3,0.67,192.41,0.57,524.3,0.68,439.0,0.36,115.0,0.39,358.0,0.35,40.0,0.4,808.24,0.34,135.0,0.41,353.0,0.33,192.41,0.42,489.0,0.32,439.0,0.43,524.3
2026-01-07 11:04:09.797000+00:00,2026-01-07 11:04:07.396795+00:00,249.797,0.625,0.62,0.63,0.375,0.37,0.38,11.0,108.34,108.34,11.0,0.61,378.0,0.64,90.0,0.6,823.24,0.65,80.0,0.59,318.0,0.66,135.0,0.58,484.3,0.67,192.41,0.57,539.3,0.68,439.0,0.36,90.0,0.39,378.0,0.35,80.0,0.4,843.24,0.34,135.0,0.41,318.0,0.33,192.41,0.42,484.3,0.32,439.0,0.43,539.3
2026-01-07 11:04:10.833000+00:00,2026-01-07 11:04:08.419303+00:00,250.833,0.615,0.61,0.62,0.385,0.38,0.39,355.11,65.0,25.0,410.11,0.6,873.24,0.63,69.99,0.59,308.0,0.64,85.0,0.58,484.3,0.65,75.0,0.57,544.3,0.66,110.0,0.56,494.3,0.67,192.41,0.37,69.99,0.4,838.24,0.36,85.0,0.41,308.0,0.35,75.0,0.42,484.3,0.34,110.0,0.43,544.3,0.33,192.41,0.44,494.3
2026-01-07 11:04:11.859000+00:00,2026-01-07 11:04:09.424941+00:00,251.859,0.615,0.61,0.62,0.385,0.38,0.39,410.11,15.0,15.0,480.11,0.6,838.24,0.63,69.99,0.59,308.0,0.64,65.0,0.58,479.0,0.65,105.0,0.57,544.3,0.66,120.0,0.56,484.3,0.67,192.41,0.37,69.99,0.4,813.24,0.36,45.0,0.41,288.0,0.35,125.0,0.42,489.0,0.34,110.0,0.43,534.3,0.33,651.41,0.44,484.3
2026-01-07 11:04:12.871000+00:00,2026-01-07 11:04:10.434035+00:00,252.871,0.615,0.61,0.62,0.385,0.38,0.39,475.11,15.0,15.0,475.11,0.6,813.24,0.63,74.99,0.59,288.0,0.64,65.0,0.58,494.3,0.65,125.0,0.57,534.3,0.66,110.0,0.56,484.3,0.67,651.41,0.37,74.99,0.4,813.24,0.36,65.0,0.41,288.0,0.35,135.0,0.42,494.3,0.34,110.0,0.43,534.3,0.33,651.41,0.44,484.3
2026-01-07 11:04:13.866000+00:00,2026-01-07 11:04:11.436953+00:00,253.866,0.615,0.61,0.62,0.385,0.38,0.39,450.11,15.0,5.0,451.11,0.6,793.24,0.64,75.0,0.59,298.0,0.65,75.0,0.58,479.0,0.66,140.0,0.57,541.4,0.67,642.41,0.56,484.3,0.68,439.0,0.36,75.0,0.4,741.24,0.35,75.0,0.41,288.0,0.34,155.0,0.42,484.3,0.33,642.41,0.43,541.4,0.32,439.0,0.44,484.3
2026-01-07 11:04:14.841000+00:00,2026-01-07 11:04:12.439965+00:00,254.841,0.635,0.63,0.64,0.365,0.36,0.37,43.0,75.0,75.0,43.0,0.62,165.0,0.65,75.0,0.61,354.0,0.66,165.0,0.6,741.24,0.67,642.41,0.59,306.54,0.68,449.0,0.58,484.3,0.69,464.0,0.35,75.0,0.38,165.0,0.34,165.0,0.39,354.0,0.33,642.41,0.4,741.24,0.32,449.0,0.41,306.54,0.31,464.0,0.42,484.3
2026-01-07 11:04:15.846000+00:00,2026-01-07 11:04:13.426378+00:00,255.846,0.63,0.62,0.64,0.37,0.36,0.38,170.0,80.0,80.0,165.61,0.61,348.0,0.65,135.0,0.6,778.24,0.66,145.0,0.59,296.54,0.67,612.41,0.58,494.3,0.68,449.0,0.57,542.7,0.69,503.0,0.35,135.0,0.39,348.0,0.34,145.0,0.4,736.24,0.33,612.41,0.41,296.54,0.32,449.0,0.42,494.3,0.31,503.0,0.43,542.7
2026-01-07 11:04:16.840000+00:00,2026-01-07 11:04:14.432337+00:00,256.84,0.625,0.62,0.63,0.375,0.37,0.38,40.61,94.99,94.99,40.61,0.61,433.0,0.64,75.0,0.6,359.24,0.65,110.0,0.59,296.54,0.66,115.0,0.58,484.3,0.67,173.41,0.57,552.7,0.68,439.0,0.36,90.0,0.39,403.0,0.35,80.0,0.4,399.24,0.34,115.0,0.41,296.54,0.33,173.41,0.42,484.3,0.32,439.0,0.43,552.7
2026-01-07 11:04:17.869000+00:00,2026-01-07 11:04:15.438354+00:00,257.869,0.605,0.6,0.61,0.395,0.39,0.4,45.0,69.99,99.99,40.0,0.59,662.54,0.62,70.0,0.58,358.0,0.63,80.0,0.57,457.76,0.64,115.0,0.56,373.3,0.65,439.0,0.55,454.3,0.66,454.0,0.38,90.0,0.41,587.54,0.37,85.0,0.42,458.0,0.36,130.0,0.43,457.76,0.35,449.0,0.44,363.3,0.34,444.0,0.45,464.3
2026-01-07 11:04:18.887000+00:00,2026-01-07 11:04:16.457715+00:00,258.887,0.605,0.6,0.61,0.395,0.39,0.4,25.0,52.49,52.49,50.0,0.59,674.0,0.62,95.0,0.58,368.0,0.63,55.0,0.57,467.76,0.64,170.0,0.56,358.0,0.65,459.0,0.55,449.0,0.66,444.0,0.38,95.0,0.41,664.0,0.37,45.0,0.42,368.0,0.36,150.0,0.43,467.76,0.35,459.0,0.44,358.0,0.34,444.0,0.45,449.0
2026-01-07 11:04:19.895000+00:00,2026-01-07 11:04:17.466474+00:00,259.895,0.605,0.6,0.61,0.395,0.39,0.4,145.0,5.0,5.0,145.0,0.59,726.0,0.62,75.0,0.58,368.0,0.63,60.0,0.57,457.76,0.64,90.0,0.56,479.0,0.65,449.0,0.55,449.0,0.66,523.0,0.38,75.0,0.41,726.0,0.37,60.0,0.42,368.0,0.36,90.0,0.43,457.76,0.35,454.0,0.44,479.0,0.34,533.0,0.45,449.0
2026-01-07 11:04:20.897000+00:00,2026-01-07 11:04:18.473411+00:00,260.897,0.615,0.61,0.62,0.39,0.38,0.4,35.0,130.0,140.0,140.0,0.6,105.0,0.63,70.0,0.59,777.0,0.64,70.0,0.58,368.0,0.65,145.0,0.57,457.76,0.66,372.0,0.56,479.0,0.67,412.41,0.37,115.0,0.41,797.0,0.36,70.0,0.42,388.0,0.35,145.0,0.43,467.76,0.34,382.0,0.44,479.0,0.33,412.41,0.45,454.3
2026-01-07 11:04:21.926000+00:00,2026-01-07 11:04:19.495579+00:00,261.926,0.595,0.59,0.6,0.405,0.4,0.41,712.0,65.0,90.0,642.0,0.58,388.0,0.61,95.0,0.57,494.76,0.62,85.0,0.56,539.3,0.63,30.0,0.55,464.3,0.64,313.0,0.54,475.2,0.65,378.0,0.39,115.0,0.42,443.0,0.38,85.0,0.43,444.76,0.37,75.0,0.44,534.0,0.36,373.0,0.45,454.3,0.35,388.0,0.46,475.2
2026-01-07 11:04:22.936000+00:00,2026-01-07 11:04:20.502098+00:00,262.936,0.605,0.6,0.61,0.395,0.39,0.4,20.0,90.0,90.0,15.0,0.59,523.26,0.62,110.0,0.58,150.0,0.63,160.0,0.57,477.76,0.64,474.0,0.56,358.0,0.65,439.0,0.55,328.0,0.66,458.0,0.38,120.0,0.41,458.26,0.37,190.0,0.42,220.0,0.36,444.0,0.43,434.76,0.35,439.0,0.44,412.0,0.34,468.0,0.45,328.0
2026-01-07 11:04:23.975000+00:00,2026-01-07 11:04:21.508500+00:00,263.975,0.595,0.59,0.6,0.405,0.4,0.41,515.77,5.0,5.0,540.77,0.58,140.0,0.61,40.0,0.57,424.76,0.62,98.86,0.56,412.0,0.63,150.0,0.55,328.0,0.64,434.0,0.54,460.0,0.65,449.0,0.39,40.0,0.42,150.0,0.38,78.86,0.43,467.76,0.37,175.0,0.44,358.0,0.36,459.0,0.45,328.0,0.35,479.0,0.46,460.0
2026-01-07 11:04:24.948000+00:00,2026-01-07 11:04:22.515247+00:00,264.948,0.615,0.61,0.62,0.385,0.38,0.39,277.0,20.0,20.0,262.0,0.6,187.0,0.63,55.0,0.59,167.0,0.64,314.0,0.58,385.0,0.65,436.86,0.57,535.76,0.66,374.0,0.56,479.0,0.67,377.41,0.37,55.0,0.4,268.0,0.36,10.0,0.41,298.0,0.35,83.86,0.42,404.0,0.34,246.0,0.43,535.76,0.33,417.41,0.44,487.8
2026-01-07 11:04:25.947000+00:00,2026-01-07 11:04:23.520381+00:00,265.947,0.625,0.62,0.63,0.375,0.37,0.38,115.0,20.0,25.0,125.0,0.61,268.0,0.64,35.0,0.6,360.0,0.65,58.86,0.59,283.0,0.66,135.0,0.58,404.0,0.67,103.41,0.57,535.76,0.68,369.0,0.36,35.0,0.39,268.0,0.35,58.86,0.4,360.0,0.34,135.0,0.41,283.0,0.33,113.41,0.42,404.0,0.32,369.0,0.43,535.76
2026-01-07 11:04:26.908000+00:00,2026-01-07 11:04:24.524452+00:00,266.908,0.625,0.62,0.63,0.375,0.37,0.38,170.0,25.0,25.0,170.0,0.61,258.0,0.64,35.0,0.6,360.0,0.65,83.86,0.59,293.0,0.66,130.0,0.58,404.0,0.67,83.41,0.57,535.76,0.68,369.0,0.35,25.0,0.39,223.0,0.34,85.0,0.4,350.0,0.33,103.41,0.41,293.0,0.32,418.0,0.42,404.0,0.31,359.0,0.43,535.76
2026-01-07 11:04:27.962000+00:00,2026-01-07 11:04:25.530057+00:00,267.962,0.645,0.64,0.65,0.355,0.35,0.36,105.11,15.0,15.0,97.11,0.63,232.0,0.66,154.59,0.62,241.78,0.67,97.41,0.61,298.0,0.68,95.0,0.6,752.0,0.69,211.0,0.59,414.0,0.7,359.0,0.34,154.59,0.37,293.0,0.33,97.41,0.38,241.78,0.32,95.0,0.39,339.0,0.31,211.0,0.4,752.0,0.3,429.0,0.41,414.0
2026-01-07 11:04:28.959000+00:00,2026-01-07 11:04:26.536851+00:00,268.959,0.655,0.65,0.66,0.345,0.34,0.35,350.0,19.59,19.59,350.0,0.64,243.0,0.67,8.41,0.63,233.0,0.68,35.0,0.62,417.78,0.69,149.0,0.61,404.0,0.7,680.0,0.6,404.0,0.71,379.0,0.33,13.41,0.36,248.0,0.32,35.0,0.37,233.0,0.31,149.0,0.38,417.78,0.3,559.0,0.39,404.0,0.29,196.0,0.4,409.4
2026-01-07 11:04:29.960000+00:00,2026-01-07 11:04:27.557131+00:00,269.96,0.665,0.66,0.67,0.335,0.33,0.34,115.0,18.75,33.75,100.0,0.65,331.0,0.68,50.0,0.64,238.0,0.69,193.6,0.63,293.0,0.7,549.0,0.62,427.78,0.71,45.0,0.61,419.5,0.72,339.0,0.32,85.0,0.35,293.0,0.31,203.6,0.36,238.0,0.3,519.0,0.37,333.0,0.29,45.0,0.38,433.28,0.28,339.0,0.39,419.5
2026-01-07 11:04:30.974000+00:00,2026-01-07 11:04:28.565583+00:00,270.974,0.665,0.66,0.67,0.335,0.33,0.34,105.0,31.29,31.29,90.0,0.65,248.0,0.68,125.0,0.64,312.0,0.69,153.6,0.63,293.0,0.7,529.0,0.62,433.28,0.71,35.0,0.61,429.5,0.72,339.0,0.32,125.0,0.35,248.0,0.31,153.6,0.36,312.0,0.3,529.0,0.37,293.0,0.29,35.0,0.38,433.28,0.28,339.0,0.39,429.5
2026-01-07 11:04:31.860000+00:00,2026-01-07 11:04:29.587534+00:00,271.86,0.655,0.65,0.66,0.345,0.34,0.35,294.13,40.0,35.0,299.13,0.64,342.0,0.67,100.0,0.63,323.0,0.68,85.0,0.62,433.28,0.69,123.6,0.61,419.5,0.7,529.0,0.6,429.4,0.71,35.0,0.33,95.0,0.36,372.0,0.32,95.0,0.37,303.0,0.31,123.6,0.38,413.28,0.3,599.0,0.39,419.5,0.29,105.0,0.4,419.4
2026-01-07 11:04:32.942000+00:00,2026-01-07 11:04:30.595066+00:00,272.942,0.655,0.65,0.66,0.345,0.34,0.35,233.0,115.01,120.01,198.0,0.64,802.0,0.67,80.0,0.63,318.0,0.68,55.0,0.62,457.78,0.69,133.6,0.61,409.5,0.7,140.0,0.6,429.4,0.71,105.0,0.33,115.0,0.36,827.0,0.32,30.0,0.37,328.0,0.31,158.6,0.38,457.78,0.3,140.0,0.39,409.5,0.29,105.0,0.4,419.4
2026-01-07 11:04:34.028000+00:00,2026-01-07 11:04:31.601997+00:00,274.028,0.655,0.65,0.66,0.345,0.34,0.35,137.14,180.0,130.0,137.14,0.64,637.0,0.67,40.0,0.63,288.0,0.68,135.0,0.62,430.11,0.69,218.6,0.61,424.0,0.7,444.0,0.6,414.0,0.71,838.0,0.33,40.0,0.36,637.0,0.32,135.0,0.37,288.0,0.31,218.6,0.38,390.11,0.3,444.0,0.39,444.0,0.29,838.0,0.4,424.0
2026-01-07 11:04:35.043000+00:00,2026-01-07 11:04:32.611103+00:00,275.043,0.655,0.65,0.66,0.355,0.35,0.36,122.14,147.94,30.0,697.0,0.64,697.0,0.67,65.0,0.63,365.16,0.68,165.0,0.62,303.0,0.69,218.6,0.61,455.0,0.7,454.0,0.6,404.0,0.71,838.0,0.34,167.94,0.37,380.16,0.33,65.0,0.38,311.21,0.32,165.0,0.39,470.0,0.31,218.6,0.4,404.0,0.3,454.0,0.41,404.0
2026-01-07 11:04:36.946000+00:00,2026-01-07 11:04:34.637748+00:00,276.946,0.635,0.63,0.64,0.365,0.36,0.37,45.0,65.0,80.0,15.0,0.62,303.0,0.65,60.0,0.61,358.0,0.66,222.94,0.6,466.0,0.67,155.0,0.59,404.0,0.68,125.0,0.58,484.3,0.69,376.6,0.35,55.0,0.38,243.0,0.34,222.94,0.39,388.0,0.33,155.0,0.4,495.96,0.32,125.0,0.41,414.0,0.31,376.6,0.42,484.3
2026-01-07 11:04:38.073000+00:00,2026-01-07 11:04:35.645951+00:00,278.073,0.59,0.58,0.6,0.415,0.41,0.42,217.0,45.0,15.0,215.0,0.57,379.1,0.61,70.0,0.56,524.29,0.62,35.0,0.55,454.3,0.63,65.0,0.54,454.2,0.64,149.06,0.53,454.2,0.65,318.0,0.4,60.0,0.43,404.1,0.39,100.0,0.44,552.99,0.38,55.0,0.45,459.0,0.37,65.0,0.46,464.2,0.36,79.06,0.47,454.2
2026-01-07 11:04:39.058000+00:00,2026-01-07 11:04:36.667106+00:00,279.058,0.6,0.59,0.61,0.4,0.39,0.41,155.0,65.0,65.0,155.0,0.58,80.0,0.62,50.0,0.57,442.07,0.63,105.0,0.56,489.0,0.64,69.06,0.55,449.0,0.65,323.0,0.54,454.2,0.66,461.94,0.38,50.0,0.42,80.0,0.37,105.0,0.43,442.07,0.36,69.06,0.44,489.0,0.35,323.0,0.45,449.0,0.34,461.94,0.46,454.2
2026-01-07 11:04:40.820000+00:00,2026-01-07 11:04:38.670297+00:00,280.82,0.595,0.59,0.6,0.405,0.4,0.41,140.0,4.1,4.1,140.0,0.58,70.0,0.61,65.0,0.57,500.97,0.62,50.0,0.56,489.0,0.63,135.0,0.55,449.0,0.64,59.06,0.54,454.2,0.65,318.0,0.39,65.0,0.42,70.0,0.38,50.0,0.43,425.97,0.37,135.0,0.44,489.0,0.36,59.06,0.45,449.0,0.35,318.0,0.46,454.2
2026-01-07 11:04:42.089000+00:00,2026-01-07 11:04:39.672700+00:00,282.089,0.595,0.59,0.6,0.405,0.4,0.41,569.0,4.1,4.1,569.0,0.58,127.0,0.61,65.0,0.57,382.97,0.62,40.0,0.56,489.0,0.63,135.0,0.55,455.1,0.64,139.06,0.54,454.2,0.65,318.0,0.39,65.0,0.42,127.0,0.38,40.0,0.43,382.97,0.37,135.0,0.44,489.0,0.36,139.06,0.45,455.1,0.35,318.0,0.46,454.2
2026-01-07 11:04:43.838000+00:00,2026-01-07 11:04:41.687025+00:00,283.838,0.605,0.6,0.61,0.395,0.39,0.4,10.0,65.0,65.0,10.0,0.59,584.0,0.62,40.0,0.58,140.0,0.63,115.0,0.57,415.97,0.64,129.06,0.56,479.0,0.65,367.0,0.55,449.0,0.66,451.94,0.38,40.0,0.41,584.0,0.37,115.0,0.42,140.0,0.36,129.06,0.43,415.97,0.35,367.0,0.44,479.0,0.34,451.94,0.45,449.0
2026-01-07 11:04:45.048000+00:00,2026-01-07 11:04:42.693495+00:00,285.048,0.605,0.6,0.61,0.395,0.39,0.4,42.09,65.0,65.0,42.09,0.59,584.0,0.62,40.0,0.58,150.0,0.63,85.0,0.57,425.97,0.64,159.06,0.56,479.0,0.65,367.0,0.55,449.0,0.66,461.94,0.38,40.0,0.41,584.0,0.37,85.0,0.42,145.0,0.36,159.06,0.43,425.97,0.35,367.0,0.44,479.0,0.34,461.94,0.45,449.0
2026-01-07 11:04:46.029000+00:00,2026-01-07 11:04:43.685852+00:00,286.029,0.605,0.6,0.61,0.395,0.39,0.4,2.09,65.0,65.0,2.09,0.59,574.0,0.62,45.0,0.58,135.0,0.63,115.0,0.57,425.97,0.64,149.06,0.56,489.0,0.65,367.0,0.55,449.0,0.66,910.94,0.38,45.0,0.41,574.0,0.37,115.0,0.42,135.0,0.36,149.06,0.43,425.97,0.35,367.0,0.44,489.0,0.34,910.94,0.45,449.0
2026-01-07 11:04:47.117000+00:00,2026-01-07 11:04:44.692856+00:00,287.117,0.605,0.6,0.61,0.395,0.39,0.4,12.09,105.0,110.0,2.09,0.59,584.0,0.62,55.0,0.58,205.0,0.63,125.0,0.57,353.0,0.64,149.06,0.56,562.99,0.65,367.0,0.55,449.0,0.66,900.94,0.38,40.0,0.41,534.0,0.37,85.0,0.42,205.0,0.36,149.06,0.43,343.0,0.35,488.0,0.44,538.0,0.34,900.94,0.45,449.0
2026-01-07 11:04:48.148000+00:00,2026-01-07 11:04:45.716095+00:00,288.148,0.595,0.59,0.6,0.405,0.4,0.41,115.63,35.0,35.0,293.0,0.58,111.0,0.61,50.0,0.57,856.97,0.62,131.0,0.56,298.0,0.63,136.0,0.55,449.0,0.64,194.06,0.54,449.0,0.65,150.0,0.39,25.0,0.42,265.0,0.38,126.0,0.43,791.97,0.37,141.0,0.44,298.0,0.36,229.06,0.45,449.0,0.35,100.0,0.46,449.0
2026-01-07 11:04:49.909000+00:00,2026-01-07 11:04:47.734699+00:00,289.909,0.605,0.6,0.61,0.395,0.39,0.4,120.0,55.0,55.0,120.0,0.59,248.0,0.62,40.0,0.58,292.99,0.63,110.0,0.57,421.0,0.64,148.06,0.56,358.0,0.65,65.0,0.55,449.0,0.66,900.94,0.38,40.0,0.41,243.0,0.37,110.0,0.42,292.99,0.36,148.06,0.43,421.0,0.35,65.0,0.44,358.0,0.34,900.94,0.45,449.0
2026-01-07 11:04:51.195000+00:00,2026-01-07 11:04:48.756800+00:00,291.195,0.605,0.6,0.61,0.395,0.39,0.4,165.0,40.0,40.0,165.0,0.59,262.97,0.62,40.0,0.58,263.0,0.63,90.0,0.57,373.0,0.64,148.06,0.56,358.0,0.65,65.0,0.55,449.0,0.66,900.94,0.38,40.0,0.41,262.97,0.37,90.0,0.42,263.0,0.36,168.06,0.43,416.0,0.35,65.0,0.44,358.0,0.34,900.94,0.45,449.0
2026-01-07 11:04:52.194000+00:00,2026-01-07 11:04:49.774783+00:00,292.194,0.605,0.6,0.61,0.395,0.39,0.4,140.0,40.0,55.0,120.0,0.59,303.0,0.62,40.0,0.58,362.99,0.63,85.0,0.57,416.0,0.64,89.06,0.56,358.0,0.65,65.0,0.55,449.0,0.66,900.94,0.38,55.0,0.41,313.0,0.37,115.0,0.42,352.99,0.36,59.06,0.43,373.0,0.35,65.0,0.44,358.0,0.34,900.94,0.45,449.0
2026-01-07 11:04:53.150000+00:00,2026-01-07 11:04:50.779857+00:00,293.15,0.605,0.6,0.61,0.395,0.39,0.4,91.78,40.0,35.0,91.78,0.59,338.0,0.62,90.0,0.58,352.99,0.63,115.0,0.57,373.0,0.64,149.06,0.56,412.0,0.65,135.0,0.55,449.0,0.66,900.94,0.38,90.0,0.41,787.0,0.37,115.0,0.42,347.99,0.36,149.06,0.43,373.0,0.35,135.0,0.44,412.0,0.34,900.94,0.45,449.0
2026-01-07 11:04:54.031000+00:00,2026-01-07 11:04:51.784124+00:00,294.031,0.6,0.59,0.61,0.4,0.39,0.41,864.11,65.0,65.0,864.11,0.58,347.99,0.62,95.0,0.57,416.0,0.63,115.0,0.56,368.0,0.64,149.06,0.55,449.0,0.65,184.0,0.54,454.2,0.66,900.94,0.38,95.0,0.42,347.99,0.37,115.0,0.43,416.0,0.36,149.06,0.44,368.0,0.35,184.0,0.45,449.0,0.34,900.94,0.46,454.2
2026-01-07 11:04:55.209000+00:00,2026-01-07 11:04:52.791384+00:00,295.209,0.605,0.6,0.61,0.395,0.39,0.4,150.0,35.0,32.18,147.56,0.59,762.0,0.62,70.0,0.58,347.99,0.63,105.0,0.57,426.0,0.64,179.06,0.56,358.0,0.65,184.0,0.55,449.0,0.66,900.94,0.38,70.0,0.41,762.0,0.37,110.0,0.42,347.99,0.36,179.06,0.43,426.0,0.35,184.0,0.44,358.0,0.34,900.94,0.45,449.0
2026-01-07 11:04:56.940000+00:00,2026-01-07 11:04:54.801706+00:00,296.94,0.605,0.6,0.61,0.395,0.39,0.4,117.56,47.18,47.18,117.56,0.59,767.0,0.62,85.0,0.58,347.99,0.63,115.0,0.57,416.0,0.64,159.06,0.56,368.0,0.65,135.0,0.55,449.0,0.66,949.94,0.38,85.0,0.41,767.0,0.37,115.0,0.42,347.99,0.36,159.06,0.43,416.0,0.35,135.0,0.44,368.0,0.34,949.94,0.45,449.0
2026-01-07 11:04:58.209000+00:00,2026-01-07 11:04:55.808105+00:00,298.209,0.605,0.6,0.61,0.395,0.39,0.4,147.56,32.18,32.18,147.56,0.59,767.0,0.62,80.0,0.58,399.86,0.63,115.0,0.57,373.0,0.64,159.06,0.56,489.0,0.65,135.0,0.55,449.0,0.66,949.94,0.38,80.0,0.41,767.0,0.37,115.0,0.42,399.86,0.36,159.06,0.43,373.0,0.35,135.0,0.44,489.0,0.34,949.94,0.45,449.0
2026-01-07 11:04:59.237000+00:00,2026-01-07 11:04:56.813204+00:00,299.237,0.605,0.6,0.61,0.395,0.39,0.4,225.0,32.18,32.18,220.0,0.59,766.97,0.62,60.0,0.58,337.87,0.63,80.0,0.57,373.0,0.64,209.06,0.56,479.0,0.65,145.0,0.55,449.0,0.66,949.94,0.38,60.0,0.41,766.97,0.37,80.0,0.42,337.87,0.36,209.06,0.43,373.0,0.35,145.0,0.44,479.0,0.34,949.94,0.45,449.0
2026-01-07 11:05:00.248000+00:00,2026-01-07 11:04:57.822021+00:00,300.248,0.615,0.61,0.62,0.385,0.38,0.39,57.0,50.0,85.0,82.0,0.6,172.0,0.63,30.0,0.59,782.0,0.64,144.06,0.58,342.86,0.65,185.0,0.57,353.0,0.66,969.94,0.56,479.0,0.67,404.0,0.37,40.0,0.4,142.0,0.36,144.06,0.41,811.97,0.35,185.0,0.42,312.87,0.34,1004.94,0.43,388.0,0.33,404.0,0.44,479.0
2026-01-07 11:05:01.276000+00:00,2026-01-07 11:04:58.843421+00:00,301.276,0.615,0.61,0.62,0.385,0.38,0.39,329.11,20.0,20.0,339.11,0.6,271.97,0.64,59.06,0.59,333.0,0.65,55.0,0.58,455.87,0.66,535.94,0.57,454.0,0.67,439.0,0.56,484.3,0.68,429.0,0.37,45.0,0.4,274.0,0.36,89.06,0.41,352.99,0.35,70.0,0.42,423.87,0.34,465.94,0.43,469.3,0.33,439.0,0.44,484.3
2026-01-07 11:05:02.253000+00:00,2026-01-07 11:04:59.851113+00:00,302.253,0.625,0.62,0.63,0.375,0.37,0.38,213.0,30.0,30.0,213.0,0.61,416.11,0.64,119.06,0.6,357.97,0.65,50.0,0.59,318.0,0.66,161.94,0.58,439.17,0.67,135.0,0.57,459.3,0.68,125.0,0.36,89.06,0.39,411.11,0.35,80.0,0.4,357.97,0.34,161.94,0.41,318.0,0.33,135.0,0.42,439.17,0.32,125.0,0.43,459.3
2026-01-07 11:05:03.290000+00:00,2026-01-07 11:05:00.855504+00:00,303.29,0.625,0.62,0.63,0.365,0.36,0.37,326.0,13.31,29.06,20.0,0.61,381.11,0.64,79.06,0.6,322.97,0.65,80.0,0.59,464.4,0.66,122.94,0.58,419.17,0.67,135.0,0.57,459.3,0.68,125.0,0.35,70.0,0.38,412.45,0.34,127.94,0.39,726.99,0.33,75.0,0.4,318.0,0.32,55.0,0.41,409.4,0.31,403.6,0.42,419.17
2026-01-07 11:05:04.245000+00:00,2026-01-07 11:05:01.862829+00:00,304.245,0.635,0.63,0.64,0.365,0.36,0.37,35.14,15.0,15.0,35.14,0.62,404.45,0.65,76.74,0.61,791.99,0.66,122.94,0.6,328.0,0.67,105.0,0.59,419.4,0.68,55.0,0.58,419.17,0.69,403.6,0.35,76.74,0.38,404.45,0.34,122.94,0.39,791.99,0.33,105.0,0.4,328.0,0.32,55.0,0.41,419.4,0.31,403.6,0.42,419.17
2026-01-07 11:05:05.314000+00:00,2026-01-07 11:05:02.886307+00:00,305.314,0.625,0.62,0.63,0.375,0.37,0.38,144.06,15.0,15.0,134.06,0.61,913.0,0.64,63.0,0.6,347.97,0.65,126.74,0.59,419.4,0.66,87.94,0.58,429.17,0.67,65.0,0.57,459.3,0.68,104.0,0.36,73.0,0.39,913.0,0.35,111.74,0.4,357.97,0.34,87.94,0.41,419.4,0.33,65.0,0.42,429.17,0.32,104.0,0.43,459.3
2026-01-07 11:05:06.306000+00:00,2026-01-07 11:05:03.894086+00:00,306.306,0.62,0.61,0.63,0.385,0.38,0.39,16.28,210.0,135.0,1.28,0.59,135.0,0.64,25.0,0.58,345.17,0.65,394.74,0.57,403.29,0.66,486.94,0.56,503.6,0.67,439.0,0.55,464.3,0.68,443.0,0.37,105.0,0.41,135.0,0.36,50.0,0.42,345.17,0.35,192.74,0.43,403.29,0.34,486.94,0.44,503.6,0.33,404.0,0.45,464.3
2026-01-07 11:05:07.264000+00:00,2026-01-07 11:05:04.901013+00:00,307.264,0.595,0.59,0.6,0.405,0.4,0.41,40.0,29.66,64.66,40.0,0.58,302.87,0.61,65.0,0.57,505.99,0.62,95.0,0.56,488.3,0.63,65.0,0.55,464.3,0.64,50.0,0.54,464.2,0.65,131.74,0.39,55.0,0.42,302.87,0.38,95.0,0.43,476.0,0.37,65.0,0.44,518.27,0.36,50.0,0.45,464.3,0.35,131.74,0.46,464.2
2026-01-07 11:05:08.342000+00:00,2026-01-07 11:05:05.906167+00:00,308.342,0.605,0.6,0.61,0.385,0.38,0.39,32.11,15.0,45.0,100.0,0.59,125.0,0.62,115.0,0.58,359.84,0.63,60.0,0.57,368.0,0.64,50.0,0.56,498.3,0.65,131.74,0.55,459.0,0.66,486.94,0.37,45.0,0.4,65.0,0.36,50.0,0.41,104.99,0.35,131.74,0.42,279.87,0.34,486.94,0.43,368.0,0.33,404.0,0.44,488.3
2026-01-07 11:05:09.304000+00:00,2026-01-07 11:05:06.911935+00:00,309.304,0.625,0.62,0.63,0.375,0.37,0.38,40.0,70.05,70.05,30.0,0.61,70.0,0.64,25.0,0.6,120.0,0.65,146.74,0.59,104.99,0.66,519.0,0.58,374.87,0.67,449.0,0.57,333.0,0.68,453.0,0.36,25.0,0.39,155.0,0.35,146.74,0.4,40.0,0.34,499.0,0.41,94.99,0.33,449.0,0.42,374.87,0.32,453.0,0.43,333.0
2026-01-07 11:05:10.358000+00:00,2026-01-07 11:05:07.933778+00:00,310.358,0.615,0.61,0.62,0.385,0.38,0.39,35.0,47.94,72.94,35.0,0.6,110.0,0.63,68.61,0.59,514.0,0.64,25.0,0.58,404.84,0.65,131.74,0.57,333.0,0.66,469.0,0.56,488.3,0.67,439.0,0.37,88.61,0.4,125.0,0.36,25.0,0.41,554.0,0.35,141.74,0.42,404.84,0.34,469.0,0.43,343.0,0.33,439.0,0.44,498.3
2026-01-07 11:05:11.353000+00:00,2026-01-07 11:05:08.922676+00:00,311.353,0.615,0.61,0.62,0.395,0.39,0.4,25.0,107.94,47.44,35.0,0.6,10.0,0.63,38.61,0.59,584.0,0.64,35.0,0.58,402.84,0.65,131.74,0.57,386.0,0.66,469.0,0.56,498.3,0.67,439.0,0.38,60.0,0.41,584.0,0.37,68.61,0.42,402.84,0.36,35.0,0.43,411.0,0.35,131.74,0.44,498.3,0.34,469.0,0.45,454.3
2026-01-07 11:05:12.341000+00:00,2026-01-07 11:05:09.928088+00:00,312.341,0.605,0.6,0.61,0.395,0.39,0.4,40.0,47.44,47.44,50.0,0.59,679.0,0.62,45.0,0.58,399.84,0.63,78.61,0.57,378.0,0.64,25.0,0.56,488.3,0.65,141.74,0.55,454.3,0.66,469.0,0.38,45.0,0.41,689.0,0.37,68.61,0.42,369.87,0.36,25.0,0.43,407.99,0.35,131.74,0.44,498.3,0.34,469.0,0.45,454.3
2026-01-07 11:05:13.860000+00:00,2026-01-07 11:05:11.936823+00:00,313.86,0.615,0.61,0.62,0.385,0.38,0.39,70.0,32.94,17.94,85.0,0.6,155.0,0.63,38.61,0.59,618.99,0.64,60.0,0.58,379.87,0.65,191.74,0.57,368.0,0.66,518.0,0.56,479.0,0.67,898.0,0.37,38.61,0.4,155.0,0.36,60.0,0.41,618.99,0.35,191.74,0.42,379.87,0.34,518.0,0.43,368.0,0.33,898.0,0.44,479.0
2026-01-07 11:05:15.359000+00:00,2026-01-07 11:05:12.942720+00:00,315.359,0.615,0.61,0.62,0.385,0.38,0.39,15.0,47.94,47.94,12.82,0.6,197.0,0.63,48.61,0.59,608.99,0.64,35.0,0.58,327.87,0.65,151.74,0.57,489.0,0.66,528.0,0.56,479.0,0.67,888.0,0.37,48.61,0.4,155.0,0.36,35.0,0.41,608.99,0.35,151.74,0.42,369.87,0.34,528.0,0.43,489.0,0.33,888.0,0.44,479.0
2026-01-07 11:05:16.286000+00:00,2026-01-07 11:05:13.945021+00:00,316.286,0.62,0.61,0.63,0.38,0.37,0.39,127.82,66.05,105.15,105.89,0.6,212.0,0.64,45.0,0.59,608.99,0.65,151.74,0.58,327.87,0.66,224.0,0.57,489.0,0.67,888.0,0.56,479.0,0.68,394.0,0.36,60.0,0.4,192.0,0.35,171.74,0.41,618.99,0.34,224.0,0.42,337.87,0.33,888.0,0.43,489.0,0.32,394.0,0.44,479.0
2026-01-07 11:05:17.406000+00:00,2026-01-07 11:05:14.963771+00:00,317.406,0.625,0.62,0.63,0.375,0.37,0.38,250.0,20.0,20.0,245.0,0.61,720.99,0.64,35.0,0.6,272.0,0.65,103.78,0.59,277.0,0.66,184.0,0.58,413.87,0.67,544.0,0.57,454.0,0.68,308.0,0.36,35.0,0.39,781.99,0.35,103.78,0.4,333.0,0.34,184.0,0.41,338.0,0.33,544.0,0.42,413.87,0.32,125.0,0.43,454.0
2026-01-07 11:05:18.394000+00:00,2026-01-07 11:05:15.970458+00:00,318.394,0.635,0.63,0.64,0.365,0.36,0.37,267.98,5.0,5.0,264.32,0.62,201.97,0.66,134.6,0.61,333.0,0.67,55.0,0.6,318.0,0.68,125.0,0.59,404.0,0.69,80.0,0.58,413.87,0.7,359.0,0.34,134.6,0.38,201.97,0.33,55.0,0.39,333.0,0.32,125.0,0.4,318.0,0.31,80.0,0.41,404.0,0.3,359.0,0.42,413.87
2026-01-07 11:05:19.314000+00:00,2026-01-07 11:05:16.989299+00:00,319.314,0.645,0.64,0.65,0.355,0.35,0.36,5.1,144.1,154.1,5.1,0.63,214.32,0.66,95.0,0.62,367.97,0.67,95.0,0.61,318.0,0.68,60.0,0.6,328.0,0.69,80.0,0.59,419.4,0.7,20.0,0.34,95.0,0.37,174.32,0.33,95.0,0.38,407.97,0.32,55.0,0.39,318.0,0.31,80.0,0.4,328.0,0.3,20.0,0.41,419.4
2026-01-07 11:05:20.467000+00:00,2026-01-07 11:05:17.995867+00:00,320.467,0.655,0.65,0.66,0.345,0.34,0.35,491.86,9.0,9.0,414.86,0.64,248.1,0.68,124.6,0.63,359.34,0.69,85.0,0.62,318.0,0.7,55.0,0.61,409.5,0.71,499.0,0.6,409.4,0.72,35.0,0.32,144.6,0.36,268.1,0.31,105.0,0.37,359.34,0.3,55.0,0.38,328.0,0.29,499.0,0.39,409.5,0.28,35.0,0.4,409.4
2026-01-07 11:05:21.417000+00:00,2026-01-07 11:05:19.000794+00:00,321.417,0.655,0.65,0.66,0.345,0.34,0.35,436.86,9.91,9.91,416.86,0.64,303.1,0.68,144.6,0.63,359.94,0.69,105.0,0.62,333.5,0.7,69.99,0.61,409.5,0.71,499.0,0.6,409.4,0.72,35.0,0.32,124.6,0.36,303.1,0.31,85.0,0.37,359.94,0.3,99.99,0.38,323.5,0.29,499.0,0.39,409.5,0.28,35.0,0.4,409.4
2026-01-07 11:05:22.437000+00:00,2026-01-07 11:05:20.006818+00:00,322.437,0.675,0.67,0.68,0.325,0.32,0.33,167.45,5.0,5.0,167.45,0.66,165.0,0.69,149.1,0.65,313.0,0.7,84.99,0.64,787.7,0.71,80.0,0.63,480.94,0.72,84.0,0.62,409.5,0.73,35.0,0.31,149.1,0.34,165.0,0.3,84.99,0.35,313.0,0.29,80.0,0.36,787.7,0.28,84.0,0.37,480.94,0.27,35.0,0.38,409.5
2026-01-07 11:05:23.397000+00:00,2026-01-07 11:05:21.013564+00:00,323.397,0.665,0.66,0.67,0.325,0.32,0.33,175.0,2.06,2.5,105.87,0.65,426.7,0.68,35.0,0.64,777.7,0.69,174.1,0.63,470.94,0.7,44.99,0.62,419.5,0.71,50.0,0.61,409.5,0.72,84.0,0.31,139.1,0.34,265.0,0.3,69.99,0.35,333.7,0.29,25.0,0.36,328.7,0.28,84.0,0.37,425.94,0.27,35.0,0.38,409.5
2026-01-07 11:05:24.457000+00:00,2026-01-07 11:05:22.018731+00:00,324.457,0.6799999999999999,0.67,0.69,0.32,0.31,0.33,125.87,139.1,139.1,162.87,0.66,398.1,0.7,99.99,0.65,338.7,0.71,25.0,0.64,333.6,0.72,84.0,0.63,415.94,0.73,35.0,0.62,409.5,0.74,667.0,0.3,99.99,0.34,408.1,0.29,25.0,0.35,348.7,0.28,84.0,0.36,333.6,0.27,35.0,0.37,415.94,0.26,667.0,0.38,409.5
2026-01-07 11:05:25.464000+00:00,2026-01-07 11:05:23.039492+00:00,325.464,0.685,0.68,0.69,0.315,0.31,0.32,152.84,2.56,17.56,152.84,0.67,100.0,0.7,195.01,0.66,373.1,0.71,25.0,0.65,348.7,0.72,35.0,0.64,444.6,0.73,35.0,0.63,415.94,0.74,716.0,0.3,215.01,0.33,100.0,0.29,25.0,0.34,363.1,0.28,35.0,0.35,358.7,0.27,35.0,0.36,444.6,0.26,716.0,0.37,415.94
2026-01-07 11:05:26.492000+00:00,2026-01-07 11:05:24.056827+00:00,326.492,0.685,0.68,0.69,0.305,0.3,0.31,640.35,20.0,29.99,129.98,0.67,257.87,0.7,29.99,0.66,303.0,0.71,71.67,0.65,449.7,0.72,35.0,0.64,409.6,0.74,49.0,0.63,415.94,0.75,183.0,0.29,130.0,0.32,714.35,0.28,85.0,0.33,247.87,0.27,10.0,0.34,348.0,0.26,84.0,0.35,414.7,0.25,218.0,0.36,409.6
2026-01-07 11:05:27.453000+00:00,2026-01-07 11:05:25.080728+00:00,327.453,0.695,0.69,0.7,0.305,0.3,0.31,71.0,139.06,139.06,70.82,0.68,748.35,0.71,110.0,0.67,373.87,0.72,35.0,0.66,363.8,0.73,10.0,0.65,424.7,0.74,35.0,0.64,417.7,0.75,35.0,0.29,100.0,0.32,818.35,0.28,35.0,0.33,393.87,0.27,10.0,0.34,363.8,0.26,35.0,0.35,424.7,0.25,35.0,0.36,417.7
2026-01-07 11:05:28.566000+00:00,2026-01-07 11:05:26.103708+00:00,328.566,0.695,0.69,0.7,0.305,0.3,0.31,70.82,169.06,179.06,70.82,0.68,813.35,0.71,70.0,0.67,393.87,0.72,35.0,0.66,363.8,0.73,10.0,0.65,424.7,0.74,35.0,0.64,417.7,0.75,35.0,0.29,80.0,0.32,813.35,0.28,35.0,0.33,383.87,0.27,10.0,0.34,353.8,0.26,35.0,0.35,424.7,0.25,35.0,0.36,416.7
2026-01-07 11:05:29.527000+00:00,2026-01-07 11:05:27.112856+00:00,329.527,0.685,0.68,0.69,0.315,0.31,0.32,720.35,116.3,141.3,720.35,0.67,288.87,0.7,152.63,0.66,353.8,0.71,85.0,0.65,469.7,0.72,10.0,0.64,419.6,0.73,35.0,0.63,415.94,0.74,84.0,0.3,112.63,0.33,288.87,0.29,85.0,0.34,353.8,0.28,10.0,0.35,469.7,0.27,35.0,0.36,419.6,0.26,154.0,0.37,415.94
2026-01-07 11:05:30.608000+00:00,2026-01-07 11:05:28.113532+00:00,330.608,0.695,0.69,0.7,0.305,0.3,0.31,739.99,169.64,159.64,739.99,0.68,16.35,0.71,70.0,0.67,345.87,0.72,70.0,0.66,343.8,0.73,70.0,0.65,354.7,0.74,302.0,0.64,374.6,0.75,253.0,0.29,70.0,0.32,16.35,0.28,70.0,0.33,345.87,0.27,70.0,0.34,343.8,0.26,302.0,0.35,354.7,0.25,253.0,0.36,374.6
2026-01-07 11:05:31.505000+00:00,2026-01-07 11:05:29.119458+00:00,331.505,0.695,0.69,0.7,0.305,0.3,0.31,749.99,139.64,139.64,749.99,0.68,108.35,0.71,90.0,0.67,283.87,0.72,90.0,0.66,273.8,0.73,70.0,0.65,384.7,0.74,302.0,0.64,374.6,0.75,253.0,0.29,125.0,0.32,143.35,0.28,100.0,0.33,110.87,0.27,105.0,0.34,273.8,0.26,337.0,0.35,298.7,0.25,288.0,0.36,253.6
2026-01-07 11:05:32.264000+00:00,2026-01-07 11:05:30.124307+00:00,332.264,0.695,0.69,0.7,0.305,0.3,0.31,749.99,109.64,105.64,749.99,0.68,148.35,0.71,135.0,0.67,100.87,0.72,40.0,0.66,283.8,0.73,105.0,0.65,288.7,0.74,337.0,0.64,253.6,0.75,288.0,0.29,135.0,0.32,148.35,0.28,40.0,0.33,100.87,0.27,105.0,0.34,283.8,0.26,337.0,0.35,288.7,0.25,288.0,0.36,253.6
2026-01-07 11:05:33.438000+00:00,2026-01-07 11:05:31.132149+00:00,333.438,0.695,0.69,0.7,0.305,0.3,0.31,764.99,95.16,95.16,789.99,0.68,193.35,0.71,135.0,0.67,65.87,0.72,40.0,0.66,313.8,0.73,105.0,0.65,258.7,0.74,337.0,0.64,253.6,0.75,308.0,0.29,135.0,0.32,298.35,0.28,40.0,0.33,115.87,0.27,105.0,0.34,383.8,0.26,337.0,0.35,328.7,0.25,308.0,0.36,323.6
2026-01-07 11:05:34.552000+00:00,2026-01-07 11:05:32.139526+00:00,334.552,0.695,0.69,0.7,0.305,0.3,0.31,869.99,87.5,87.5,869.99,0.68,213.35,0.71,80.0,0.67,150.87,0.72,65.0,0.66,822.8,0.73,135.0,0.65,328.7,0.74,337.0,0.64,288.6,0.75,308.0,0.29,80.0,0.32,223.35,0.28,65.0,0.33,150.87,0.27,135.0,0.34,822.8,0.26,337.0,0.35,328.7,0.25,308.0,0.36,288.6
2026-01-07 11:05:35.431000+00:00,2026-01-07 11:05:33.143733+00:00,335.431,0.695,0.69,0.7,0.305,0.3,0.31,794.99,87.5,87.5,784.99,0.68,236.35,0.71,80.0,0.67,177.87,0.72,95.0,0.66,832.8,0.73,105.0,0.65,328.7,0.74,154.0,0.64,288.6,0.75,308.0,0.29,80.0,0.32,151.35,0.28,95.0,0.33,232.87,0.27,105.0,0.34,832.8,0.26,154.0,0.35,328.7,0.25,308.0,0.36,288.6
2026-01-07 11:05:36.568000+00:00,2026-01-07 11:05:34.151902+00:00,336.568,0.695,0.69,0.7,0.305,0.3,0.31,774.99,102.5,102.5,769.99,0.68,158.35,0.71,110.0,0.67,225.87,0.72,55.0,0.66,832.8,0.73,80.0,0.65,328.7,0.74,154.0,0.64,288.6,0.75,308.0,0.29,110.0,0.32,158.35,0.28,55.0,0.33,225.87,0.27,80.0,0.34,832.8,0.26,154.0,0.35,328.7,0.25,308.0,0.36,288.6
2026-01-07 11:05:37.414000+00:00,2026-01-07 11:05:35.157509+00:00,337.414,0.695,0.69,0.7,0.305,0.3,0.31,739.99,92.5,92.5,739.99,0.68,156.35,0.71,145.0,0.67,200.87,0.72,30.0,0.66,802.8,0.73,554.0,0.65,396.7,0.74,397.0,0.64,323.6,0.75,429.0,0.29,145.0,0.32,156.35,0.28,100.0,0.33,200.87,0.27,554.0,0.34,649.8,0.26,458.0,0.35,366.7,0.25,429.0,0.36,323.6
2026-01-07 11:05:38.456000+00:00,2026-01-07 11:05:36.164050+00:00,338.456,0.695,0.69,0.7,0.305,0.3,0.31,749.99,87.5,87.5,749.99,0.68,156.35,0.71,145.0,0.67,190.87,0.72,100.0,0.66,687.8,0.73,603.0,0.65,328.7,0.74,409.0,0.64,323.6,0.75,429.0,0.29,145.0,0.32,156.35,0.28,100.0,0.33,190.87,0.27,603.0,0.34,687.8,0.26,409.0,0.35,328.7,0.25,429.0,0.36,323.6
2026-01-07 11:05:39.532000+00:00,2026-01-07 11:05:37.170844+00:00,339.532,0.695,0.69,0.7,0.305,0.3,0.31,590.31,87.5,87.5,590.31,0.68,166.35,0.71,135.0,0.67,170.87,0.72,100.0,0.66,649.8,0.73,603.0,0.65,366.7,0.74,429.0,0.64,323.6,0.75,409.0,0.29,135.0,0.32,166.35,0.28,100.0,0.33,170.87,0.27,603.0,0.34,649.8,0.26,429.0,0.35,366.7,0.25,409.0,0.36,323.6
2026-01-07 11:05:40.595000+00:00,2026-01-07 11:05:38.179449+00:00,340.595,0.695,0.69,0.7,0.305,0.3,0.31,590.31,87.5,87.5,590.31,0.68,176.35,0.71,135.0,0.67,170.87,0.72,110.0,0.66,687.8,0.73,603.0,0.65,328.7,0.74,429.0,0.64,323.6,0.75,409.0,0.29,135.0,0.32,176.35,0.28,110.0,0.33,170.87,0.27,603.0,0.34,687.8,0.26,429.0,0.35,328.7,0.25,409.0,0.36,323.6
2026-01-07 11:05:41.625000+00:00,2026-01-07 11:05:39.200306+00:00,341.625,0.695,0.69,0.7,0.305,0.3,0.31,590.31,94.5,94.5,590.31,0.68,176.35,0.71,135.0,0.67,170.87,0.72,40.0,0.66,687.8,0.73,603.0,0.65,343.7,0.74,429.0,0.64,323.6,0.75,409.0,0.29,135.0,0.32,176.35,0.28,40.0,0.33,170.87,0.27,603.0,0.34,687.8,0.26,429.0,0.35,348.7,0.25,409.0,0.36,323.6
2026-01-07 11:05:42.391000+00:00,2026-01-07 11:05:40.207146+00:00,342.391,0.695,0.69,0.7,0.305,0.3,0.31,570.95,94.5,94.5,570.95,0.68,176.35,0.71,135.0,0.67,170.87,0.72,45.0,0.66,687.8,0.73,603.0,0.65,348.7,0.74,429.0,0.64,323.6,0.75,409.0,0.29,135.0,0.32,176.35,0.28,45.0,0.33,170.87,0.27,603.0,0.34,687.8,0.26,429.0,0.35,348.7,0.25,409.0,0.36,323.6
2026-01-07 11:05:43.294000+00:00,2026-01-07 11:05:41.219749+00:00,343.294,0.695,0.69,0.7,0.305,0.3,0.31,570.95,73.93,73.93,570.95,0.68,176.35,0.71,135.0,0.67,207.87,0.72,45.0,0.66,649.8,0.73,603.0,0.65,348.7,0.74,429.0,0.64,323.6,0.75,409.0,0.29,135.0,0.32,176.35,0.28,45.0,0.33,207.87,0.27,603.0,0.34,649.8,0.26,429.0,0.35,348.7,0.25,409.0,0.36,323.6
2026-01-07 11:05:44.317000+00:00,2026-01-07 11:05:42.239694+00:00,344.317,0.695,0.69,0.7,0.305,0.3,0.31,570.95,72.5,72.5,555.95,0.68,176.35,0.71,135.0,0.67,207.87,0.72,45.0,0.66,649.8,0.73,603.0,0.65,348.7,0.74,429.0,0.64,323.6,0.75,409.0,0.29,135.0,0.32,176.35,0.28,45.0,0.33,207.87,0.27,603.0,0.34,649.8,0.26,429.0,0.35,348.7,0.25,409.0,0.36,323.6
2026-01-07 11:05:45.689000+00:00,2026-01-07 11:05:43.260489+00:00,345.689,0.695,0.69,0.7,0.305,0.3,0.31,595.95,71.07,71.07,595.95,0.68,261.35,0.71,135.0,0.67,115.87,0.72,45.0,0.66,702.8,0.73,603.0,0.65,333.7,0.74,429.0,0.64,323.6,0.75,409.0,0.29,135.0,0.32,261.35,0.28,45.0,0.33,115.87,0.27,603.0,0.34,702.8,0.26,429.0,0.35,333.7,0.25,409.0,0.36,323.6
2026-01-07 11:05:46.696000+00:00,2026-01-07 11:05:44.268204+00:00,346.696,0.695,0.69,0.7,0.305,0.3,0.31,462.57,191.07,189.08,345.51,0.68,11.35,0.71,125.0,0.67,110.87,0.72,313.0,0.66,152.11,0.73,409.0,0.65,215.0,0.74,443.0,0.64,353.58,0.75,374.0,0.29,125.0,0.32,11.35,0.28,313.0,0.33,105.0,0.27,409.0,0.34,182.11,0.26,443.0,0.35,215.0,0.25,374.0,0.36,353.58
2026-01-07 11:05:47.695000+00:00,2026-01-07 11:05:45.256350+00:00,347.695,0.695,0.69,0.7,0.305,0.3,0.31,345.51,129.08,331.08,345.51,0.68,36.35,0.71,110.0,0.67,50.0,0.72,333.0,0.66,32.11,0.73,409.0,0.65,39.99,0.74,458.0,0.64,377.6,0.75,407.0,0.29,298.0,0.32,11.35,0.28,434.0,0.33,15.0,0.27,409.0,0.34,117.11,0.26,492.0,0.35,15.0,0.25,374.0,0.36,832.6
2026-01-07 11:05:48.679000+00:00,2026-01-07 11:05:46.279231+00:00,348.679,0.695,0.69,0.7,0.31,0.3,0.32,171.51,1009.08,929.08,11.35,0.68,11.35,0.71,429.0,0.66,37.11,0.72,469.0,0.65,75.0,0.73,458.0,0.64,80.0,0.74,409.0,0.63,81.34,0.75,374.0,0.29,429.0,0.34,37.11,0.28,469.0,0.35,75.0,0.27,458.0,0.36,80.0,0.26,409.0,0.37,96.34,0.25,374.0,0.38,40.0
2026-01-07 11:05:49.662000+00:00,2026-01-07 11:05:47.285890+00:00,349.662,0.685,0.68,0.69,0.315,0.31,0.32,12.58,171.0,153.85,12.58,0.67,60.0,0.7,854.08,0.66,50.0,0.71,399.0,0.65,114.99,0.72,434.0,0.64,70.0,0.73,492.0,0.63,71.34,0.74,374.0,0.3,854.08,0.33,35.0,0.29,399.0,0.34,50.0,0.28,434.0,0.35,114.99,0.27,458.0,0.36,40.0,0.26,374.0,0.37,101.34
2026-01-07 11:05:50.735000+00:00,2026-01-07 11:05:48.291108+00:00,350.735,0.705,0.7,0.71,0.295,0.29,0.3,1981.07,414.0,414.0,1981.07,0.68,12.58,0.72,329.0,0.67,20.0,0.73,387.0,0.66,30.0,0.74,374.0,0.65,149.99,0.75,374.0,0.64,80.0,0.76,396.1,0.28,339.0,0.32,12.58,0.27,422.0,0.33,20.0,0.26,409.0,0.34,30.0,0.25,409.0,0.35,149.99,0.24,396.1,0.36,80.0
2026-01-07 11:05:51.669000+00:00,2026-01-07 11:05:49.296574+00:00,351.669,0.705,0.7,0.71,0.295,0.29,0.3,2016.07,424.0,424.0,2016.07,0.69,50.0,0.72,319.0,0.68,12.58,0.73,388.0,0.67,75.0,0.74,453.0,0.66,70.0,0.75,409.0,0.65,210.0,0.76,396.1,0.28,319.0,0.31,50.0,0.27,388.0,0.32,12.58,0.26,453.0,0.33,75.0,0.25,409.0,0.34,85.0,0.24,396.1,0.35,195.0
2026-01-07 11:05:52.732000+00:00,2026-01-07 11:05:50.301139+00:00,352.732,0.705,0.7,0.71,0.295,0.29,0.3,2027.21,690.0,685.0,2002.21,0.69,80.0,0.72,319.0,0.68,82.58,0.73,339.0,0.67,205.0,0.74,349.0,0.66,110.0,0.75,372.0,0.65,170.0,0.76,326.1,0.28,319.0,0.31,85.0,0.27,339.0,0.32,75.0,0.26,349.0,0.33,205.0,0.25,372.0,0.34,110.0,0.24,326.1,0.35,170.0
2026-01-07 11:05:53.730000+00:00,2026-01-07 11:05:51.308920+00:00,353.73,0.705,0.7,0.71,0.295,0.29,0.3,1906.21,686.29,686.29,1906.21,0.69,105.0,0.72,319.0,0.68,75.0,0.73,384.0,0.67,160.0,0.74,442.0,0.66,145.0,0.75,359.0,0.65,165.0,0.76,326.1,0.28,319.0,0.31,105.0,0.27,384.0,0.32,75.0,0.26,442.0,0.33,160.0,0.25,359.0,0.34,145.0,0.24,326.1,0.35,165.0
2026-01-07 11:05:54.658000+00:00,2026-01-07 11:05:52.315788+00:00,354.658,0.705,0.7,0.71,0.295,0.29,0.3,1851.21,664.88,629.88,1839.35,0.69,80.0,0.72,364.0,0.68,155.0,0.73,393.0,0.67,140.0,0.74,408.0,0.66,145.0,0.75,345.9,0.65,150.0,0.76,326.1,0.28,354.0,0.31,80.0,0.27,358.0,0.32,155.0,0.26,373.0,0.33,140.0,0.25,310.9,0.34,145.0,0.24,326.1,0.35,150.0
2026-01-07 11:05:55.754000+00:00,2026-01-07 11:05:53.323101+00:00,355.754,0.705,0.7,0.71,0.295,0.29,0.3,1792.35,659.88,659.88,1792.35,0.69,140.0,0.72,349.0,0.68,85.0,0.73,374.0,0.67,140.0,0.74,408.0,0.66,145.0,0.75,415.9,0.65,165.0,0.76,396.1,0.28,349.0,0.31,140.0,0.27,408.0,0.32,85.0,0.26,408.0,0.33,140.0,0.25,415.9,0.34,145.0,0.24,396.1,0.35,165.0
2026-01-07 11:05:56.688000+00:00,2026-01-07 11:05:54.328932+00:00,356.688,0.705,0.7,0.71,0.295,0.29,0.3,1802.35,654.76,821.76,1722.35,0.69,130.0,0.72,329.0,0.68,75.0,0.73,408.0,0.67,140.0,0.74,398.0,0.66,145.0,0.75,435.9,0.65,165.0,0.76,396.1,0.28,329.0,0.31,70.0,0.27,384.0,0.32,15.0,0.26,398.0,0.33,105.0,0.25,415.9,0.34,120.0,0.24,396.1,0.35,145.0
2026-01-07 11:05:57.739000+00:00,2026-01-07 11:05:55.336603+00:00,357.739,0.705,0.7,0.71,0.295,0.29,0.3,1706.85,847.76,847.76,1706.85,0.69,70.0,0.72,384.0,0.68,15.0,0.73,444.0,0.67,105.0,0.74,478.0,0.66,70.0,0.75,415.9,0.65,185.0,0.76,396.1,0.28,384.0,0.31,70.0,0.27,444.0,0.32,15.0,0.26,478.0,0.33,105.0,0.25,415.9,0.34,70.0,0.24,396.1,0.35,185.0
2026-01-07 11:05:58.748000+00:00,2026-01-07 11:05:56.343760+00:00,358.748,0.705,0.7,0.71,0.295,0.29,0.3,1701.32,842.76,842.76,1746.32,0.69,50.0,0.72,354.0,0.68,15.0,0.73,394.0,0.67,35.0,0.74,478.0,0.66,135.0,0.75,415.9,0.65,150.0,0.76,396.1,0.28,319.0,0.31,30.0,0.27,418.0,0.32,5.0,0.26,478.0,0.33,35.0,0.25,435.9,0.34,135.0,0.24,396.1,0.35,150.0
2026-01-07 11:05:59.691000+00:00,2026-01-07 11:05:57.353135+00:00,359.691,0.705,0.7,0.71,0.295,0.29,0.3,1625.61,807.76,807.76,1625.61,0.69,40.0,0.72,309.0,0.68,75.0,0.73,383.0,0.67,105.0,0.74,443.0,0.66,135.0,0.75,400.9,0.65,170.0,0.76,396.1,0.28,309.0,0.31,40.0,0.27,383.0,0.32,75.0,0.26,443.0,0.33,105.0,0.25,400.9,0.34,135.0,0.24,396.1,0.35,170.0
2026-01-07 11:06:00.678000+00:00,2026-01-07 11:05:58.359874+00:00,360.678,0.705,0.7,0.71,0.295,0.29,0.3,1483.41,817.76,822.76,1475.41,0.69,70.0,0.72,344.0,0.68,150.0,0.73,358.0,0.67,115.0,0.74,449.8,0.66,70.0,0.75,380.9,0.65,184.99,0.76,396.1,0.28,319.0,0.31,70.0,0.27,320.6,0.32,85.0,0.26,434.8,0.33,170.0,0.25,380.9,0.34,130.0,0.24,396.1,0.35,150.0
2026-01-07 11:06:01.797000+00:00,2026-01-07 11:05:59.366953+00:00,361.797,0.705,0.7,0.71,0.295,0.29,0.3,1590.41,489.0,489.0,1565.41,0.69,205.0,0.72,344.0,0.68,115.0,0.73,314.0,0.67,165.0,0.74,428.8,0.66,135.0,0.75,355.9,0.65,706.0,0.76,406.1,0.28,344.0,0.31,205.0,0.27,314.0,0.32,115.0,0.26,428.8,0.33,165.0,0.25,355.9,0.34,135.0,0.24,406.1,0.35,767.0
2026-01-07 11:06:02.617000+00:00,2026-01-07 11:06:00.372861+00:00,362.617,0.705,0.7,0.71,0.295,0.29,0.3,1580.41,478.78,478.78,1580.41,0.69,205.0,0.72,344.0,0.68,115.0,0.73,314.0,0.67,165.0,0.74,379.8,0.66,257.0,0.75,355.9,0.65,767.0,0.76,406.1,0.28,40.0,0.31,205.0,0.27,10.0,0.32,115.0,0.26,379.8,0.33,165.0,0.25,355.9,0.34,318.0,0.24,406.1,0.35,767.0
2026-01-07 11:06:03.818000+00:00,2026-01-07 11:06:01.378144+00:00,363.818,0.705,0.7,0.71,0.295,0.29,0.3,1655.41,438.78,438.78,1655.41,0.69,135.0,0.72,70.0,0.68,145.0,0.73,10.0,0.67,135.0,0.74,373.0,0.66,318.0,0.75,349.0,0.65,767.0,0.76,396.1,0.28,70.0,0.31,135.0,0.27,10.0,0.32,145.0,0.26,373.0,0.33,135.0,0.25,349.0,0.34,318.0,0.24,406.1,0.35,767.0
2026-01-07 11:06:04.784000+00:00,2026-01-07 11:06:02.375409+00:00,364.784,0.705,0.7,0.71,0.295,0.29,0.3,1641.07,428.78,428.78,1651.07,0.69,135.0,0.72,70.0,0.68,145.0,0.73,10.0,0.67,135.0,0.74,349.0,0.66,338.0,0.75,487.0,0.65,779.3,0.76,441.1,0.28,70.0,0.31,135.0,0.27,10.0,0.32,145.0,0.26,349.0,0.33,135.0,0.25,487.0,0.34,338.0,0.24,441.1,0.35,779.3
2026-01-07 11:06:05.808000+00:00,2026-01-07 11:06:03.381208+00:00,365.808,0.715,0.71,0.72,0.28500000000000003,0.28,0.29,125.0,5.0,5.0,210.0,0.7,1606.07,0.74,30.0,0.69,100.0,0.75,10.0,0.68,288.0,0.76,404.1,0.67,732.0,0.77,431.3,0.66,313.1,0.78,418.9,0.25,514.0,0.3,1688.07,0.24,379.1,0.31,257.0,0.23,421.3,0.32,323.0,0.22,433.9,0.33,318.0,0.21,421.8,0.34,434.1
2026-01-07 11:06:06.745000+00:00,2026-01-07 11:06:04.404080+00:00,366.745,0.745,0.74,0.75,0.255,0.25,0.26,72.0,514.0,479.0,50.53,0.73,129.99,0.76,58.0,0.72,65.0,0.77,241.0,0.71,75.0,0.78,471.3,0.7,1774.07,0.79,424.0,0.69,767.0,0.8,603.1,0.24,15.0,0.27,129.99,0.23,238.0,0.28,105.0,0.22,471.3,0.29,70.0,0.21,424.0,0.3,1781.65,0.2,603.1,0.31,767.0
2026-01-07 11:06:07.787000+00:00,2026-01-07 11:06:05.425678+00:00,367.787,0.745,0.74,0.75,0.255,0.25,0.26,155.0,421.8,415.13,155.0,0.73,75.0,0.76,85.0,0.72,70.0,0.77,85.0,0.71,135.0,0.78,505.3,0.7,1776.65,0.79,481.0,0.69,767.0,0.8,493.1,0.24,85.0,0.27,75.0,0.23,85.0,0.28,70.0,0.22,495.3,0.29,135.0,0.21,481.0,0.3,1776.65,0.2,493.1,0.31,767.0
2026-01-07 11:06:08.809000+00:00,2026-01-07 11:06:06.445995+00:00,368.809,0.745,0.74,0.75,0.255,0.25,0.26,185.0,347.86,342.86,185.0,0.73,75.0,0.76,85.0,0.72,85.5,0.77,110.0,0.71,257.0,0.78,503.3,0.7,1776.65,0.79,463.0,0.69,767.0,0.8,505.0,0.24,85.0,0.27,75.0,0.23,110.0,0.28,85.5,0.22,503.3,0.29,257.0,0.21,463.0,0.3,1776.65,0.2,505.0,0.31,767.0
2026-01-07 11:06:09.843000+00:00,2026-01-07 11:06:07.452310+00:00,369.843,0.755,0.75,0.76,0.245,0.24,0.25,115.84,35.0,35.0,130.84,0.74,220.0,0.77,150.0,0.73,150.0,0.78,263.3,0.72,140.5,0.79,495.0,0.71,318.0,0.8,505.0,0.7,1796.65,0.81,509.1,0.23,145.0,0.26,210.0,0.22,263.3,0.27,150.0,0.21,495.0,0.28,140.5,0.2,505.0,0.29,318.0,0.19,509.1,0.3,1796.65
2026-01-07 11:06:10.898000+00:00,2026-01-07 11:06:08.460552+00:00,370.898,0.775,0.77,0.78,0.21000000000000002,0.2,0.22,165.0,12.3,91.0,30.0,0.76,131.0,0.8,91.0,0.75,942.4,0.81,70.1,0.74,323.0,0.82,549.0,0.73,318.0,0.83,268.0,0.72,409.5,0.84,434.0,0.19,70.1,0.23,175.0,0.18,519.0,0.24,253.0,0.17,298.0,0.25,822.42,0.16,434.0,0.26,323.0,0.15,2611.79,0.27,318.0
2026-01-07 11:06:11.897000+00:00,2026-01-07 11:06:09.466619+00:00,371.897,0.78,0.77,0.79,0.22499999999999998,0.21,0.24,35.0,120.0,141.16,35.0,0.76,90.0,0.8,209.0,0.75,725.41,0.81,213.1,0.74,283.0,0.82,122.0,0.73,213.0,0.83,434.0,0.72,409.5,0.84,414.0,0.2,357.0,0.25,298.52,0.19,367.1,0.26,303.0,0.18,278.0,0.27,707.0,0.17,414.0,0.28,444.5,0.16,379.0,0.29,404.0
2026-01-07 11:06:12.901000+00:00,2026-01-07 11:06:10.468615+00:00,372.901,0.77,0.76,0.78,0.22999999999999998,0.22,0.24,115.0,43.34,43.34,91.0,0.75,74.67,0.79,25.0,0.74,120.0,0.8,329.0,0.73,534.0,0.81,459.1,0.72,263.5,0.82,339.0,0.71,318.0,0.83,379.0,0.21,25.0,0.25,79.67,0.2,329.0,0.26,120.0,0.19,459.1,0.27,524.0,0.18,339.0,0.28,263.5,0.17,379.0,0.29,318.0
2026-01-07 11:06:13.911000+00:00,2026-01-07 11:06:11.476230+00:00,373.911,0.785,0.78,0.79,0.215,0.21,0.22,185.0,10.0,10.0,197.0,0.77,109.95,0.8,112.61,0.76,196.0,0.81,344.1,0.75,608.67,0.82,304.0,0.74,187.0,0.83,379.0,0.73,202.9,0.84,453.69,0.2,112.61,0.23,109.95,0.19,344.1,0.24,196.0,0.18,339.0,0.25,608.67,0.17,389.0,0.26,187.0,0.16,444.0,0.27,202.9
2026-01-07 11:06:14.913000+00:00,2026-01-07 11:06:12.496479+00:00,374.913,0.805,0.8,0.81,0.19,0.18,0.2,85.0,40.1,647.0,185.0,0.79,125.0,0.82,647.0,0.78,121.78,0.83,293.0,0.77,70.0,0.84,419.0,0.76,136.0,0.85,430.3,0.75,288.84,0.86,615.4,0.17,293.0,0.21,55.0,0.16,419.0,0.22,121.78,0.15,430.3,0.23,65.0,0.14,615.4,0.24,156.0,0.13,432.6,0.25,288.84
2026-01-07 11:06:15.954000+00:00,2026-01-07 11:06:13.505809+00:00,375.954,0.815,0.81,0.82,0.185,0.18,0.19,58.01,391.84,391.84,73.01,0.8,135.0,0.83,298.0,0.79,85.0,0.84,303.0,0.78,186.78,0.85,626.3,0.77,135.0,0.86,2485.89,0.76,565.0,0.87,432.6,0.17,298.0,0.2,135.0,0.16,303.0,0.21,85.0,0.15,611.3,0.22,186.78,0.14,2485.89,0.23,135.0,0.13,432.6,0.24,565.0
2026-01-07 11:06:16.941000+00:00,2026-01-07 11:06:14.512755+00:00,376.941,0.815,0.81,0.82,0.185,0.18,0.19,70.1,438.87,478.87,67.31,0.8,20.0,0.83,283.0,0.79,155.0,0.84,362.0,0.78,161.78,0.85,420.3,0.77,135.0,0.86,2644.89,0.76,600.0,0.87,397.6,0.17,268.0,0.2,10.0,0.16,342.0,0.21,165.0,0.15,430.3,0.22,141.78,0.14,2634.89,0.23,165.0,0.13,397.6,0.24,600.0
2026-01-07 11:06:17.941000+00:00,2026-01-07 11:06:15.518043+00:00,377.941,0.815,0.81,0.82,0.185,0.18,0.19,24.67,422.06,417.06,39.67,0.8,30.0,0.83,303.0,0.79,175.0,0.84,357.0,0.78,171.78,0.85,607.3,0.77,135.0,0.86,2455.89,0.76,600.0,0.87,467.6,0.17,303.0,0.2,30.0,0.16,347.0,0.21,170.0,0.15,607.3,0.22,171.78,0.14,2455.89,0.23,135.0,0.13,467.6,0.24,600.0
2026-01-07 11:06:18.956000+00:00,2026-01-07 11:06:16.525804+00:00,378.956,0.815,0.81,0.82,0.185,0.18,0.19,24.67,374.2,444.2,24.67,0.8,115.0,0.83,303.0,0.79,230.0,0.84,367.0,0.78,141.78,0.85,500.3,0.77,165.0,0.86,2535.89,0.76,600.0,0.87,467.6,0.17,293.0,0.2,80.0,0.16,503.0,0.21,275.0,0.15,500.3,0.22,151.78,0.14,2525.89,0.23,165.0,0.13,467.6,0.24,151.0
2026-01-07 11:06:19.891000+00:00,2026-01-07 11:06:17.545929+00:00,379.891,0.815,0.81,0.82,0.185,0.18,0.19,24.67,541.2,602.2,24.67,0.79,45.0,0.83,479.0,0.78,256.78,0.84,714.0,0.77,150.0,0.85,490.3,0.76,600.0,0.86,2525.89,0.75,328.84,0.87,467.6,0.17,479.0,0.21,45.0,0.16,714.0,0.22,256.78,0.15,490.3,0.23,150.0,0.14,2525.89,0.24,600.0,0.13,467.6,0.25,328.84
2026-01-07 11:06:20.954000+00:00,2026-01-07 11:06:18.551457+00:00,380.954,0.79,0.78,0.8,0.21000000000000002,0.2,0.22,271.78,46.0,52.88,276.78,0.77,140.0,0.81,90.0,0.76,620.0,0.82,683.76,0.75,348.84,0.83,483.0,0.74,318.0,0.84,489.0,0.73,289.6,0.85,490.3,0.19,75.0,0.23,140.0,0.18,683.76,0.24,620.0,0.17,483.0,0.25,348.84,0.16,489.0,0.26,318.0,0.15,490.3,0.27,289.6
2026-01-07 11:06:21.969000+00:00,2026-01-07 11:06:19.542651+00:00,381.969,0.785,0.78,0.79,0.215,0.21,0.22,52.58,42.38,35.0,177.58,0.77,195.0,0.8,51.0,0.76,66.0,0.81,280.89,0.75,175.84,0.82,392.0,0.74,135.0,0.83,553.0,0.73,324.6,0.84,454.0,0.2,51.0,0.23,115.0,0.19,273.0,0.24,66.0,0.18,392.0,0.25,175.84,0.17,553.0,0.26,135.0,0.16,454.0,0.27,324.6
2026-01-07 11:06:22.888000+00:00,2026-01-07 11:06:20.550585+00:00,382.888,0.79,0.78,0.8,0.21000000000000002,0.2,0.22,156.45,61.24,71.24,156.45,0.77,90.0,0.81,273.0,0.76,91.0,0.82,367.0,0.75,175.84,0.83,553.0,0.74,135.0,0.84,489.0,0.73,289.6,0.85,490.3,0.19,273.0,0.23,90.0,0.18,367.0,0.24,91.0,0.17,553.0,0.25,175.84,0.16,489.0,0.26,135.0,0.15,490.3,0.27,289.6
2026-01-07 11:06:23.902000+00:00,2026-01-07 11:06:21.552716+00:00,383.902,0.79,0.78,0.8,0.21000000000000002,0.2,0.22,174.3,71.24,71.24,169.3,0.77,90.0,0.81,288.0,0.76,91.0,0.82,367.0,0.75,175.84,0.83,553.0,0.74,135.0,0.84,489.0,0.73,289.6,0.85,490.3,0.19,288.0,0.23,90.0,0.18,367.0,0.24,91.0,0.17,553.0,0.25,175.84,0.16,489.0,0.26,135.0,0.15,490.3,0.27,289.6
2026-01-07 11:06:24.776000+00:00,2026-01-07 11:06:22.558876+00:00,384.776,0.79,0.78,0.8,0.21000000000000002,0.2,0.22,176.3,89.38,89.38,176.3,0.77,110.0,0.81,303.0,0.76,91.0,0.82,367.0,0.75,175.84,0.83,533.0,0.74,135.0,0.84,489.0,0.73,289.6,0.85,490.3,0.19,303.0,0.23,110.0,0.18,367.0,0.24,91.0,0.17,533.0,0.25,175.84,0.16,489.0,0.26,135.0,0.15,490.3,0.27,289.6
2026-01-07 11:06:25.968000+00:00,2026-01-07 11:06:23.559739+00:00,385.968,0.785,0.78,0.79,0.215,0.21,0.22,38.89,86.45,86.45,10.89,0.77,199.96,0.8,103.54,0.76,186.0,0.81,238.0,0.75,195.84,0.82,347.0,0.74,594.0,0.83,533.0,0.73,283.0,0.84,489.0,0.2,103.54,0.23,199.96,0.19,238.0,0.24,186.0,0.18,347.0,0.25,185.84,0.17,533.0,0.26,594.0,0.16,489.0,0.27,283.0
2026-01-07 11:06:26.945000+00:00,2026-01-07 11:06:24.552781+00:00,386.945,0.785,0.78,0.79,0.215,0.21,0.22,9.44,111.45,111.45,9.44,0.77,239.96,0.8,123.54,0.76,166.0,0.81,238.0,0.75,175.84,0.82,372.0,0.74,584.0,0.83,533.0,0.73,318.0,0.84,463.69,0.2,123.54,0.23,239.96,0.19,238.0,0.24,156.0,0.18,372.0,0.25,175.84,0.17,533.0,0.26,584.0,0.16,463.69,0.27,318.0
2026-01-07 11:06:27.996000+00:00,2026-01-07 11:06:25.573923+00:00,387.996,0.785,0.78,0.79,0.215,0.21,0.22,2.85,98.91,98.91,2.85,0.77,249.96,0.8,128.54,0.76,186.0,0.81,248.0,0.75,145.84,0.82,372.0,0.74,584.0,0.83,542.19,0.73,318.0,0.84,463.69,0.2,128.54,0.23,249.96,0.19,248.0,0.24,186.0,0.18,372.0,0.25,145.84,0.17,542.19,0.26,584.0,0.16,463.69,0.27,318.0
2026-01-07 11:06:29.024000+00:00,2026-01-07 11:06:26.583214+00:00,389.024,0.78,0.77,0.79,0.215,0.21,0.22,239.94,20.24,67.24,35.0,0.76,116.0,0.8,108.54,0.75,175.84,0.81,238.0,0.74,584.0,0.82,407.0,0.73,283.0,0.83,498.0,0.72,288.5,0.84,463.69,0.2,252.54,0.23,222.07,0.19,218.0,0.24,151.0,0.18,303.0,0.25,175.84,0.17,533.0,0.26,584.0,0.16,498.69,0.27,283.0
2026-01-07 11:06:30.002000+00:00,2026-01-07 11:06:27.589763+00:00,390.002,0.785,0.78,0.79,0.215,0.21,0.22,30.61,52.24,52.24,30.61,0.77,222.07,0.8,262.54,0.76,171.0,0.81,667.0,0.75,175.84,0.82,303.0,0.74,135.0,0.83,533.0,0.73,283.0,0.84,498.69,0.2,262.54,0.23,192.07,0.19,667.0,0.24,186.0,0.18,303.0,0.25,175.84,0.17,533.0,0.26,135.0,0.16,498.69,0.27,283.0
2026-01-07 11:06:31.879000+00:00,2026-01-07 11:06:29.607216+00:00,391.879,0.785,0.78,0.79,0.215,0.21,0.22,30.38,40.24,55.24,9.58,0.77,212.07,0.8,133.54,0.76,161.0,0.81,519.0,0.75,135.84,0.82,452.0,0.74,318.0,0.83,533.0,0.73,338.0,0.84,498.69,0.2,168.54,0.23,202.07,0.19,484.0,0.24,141.0,0.18,442.0,0.25,165.84,0.17,533.0,0.26,318.0,0.16,498.69,0.27,338.0
2026-01-07 11:06:33.040000+00:00,2026-01-07 11:06:30.612889+00:00,393.04,0.785,0.78,0.79,0.215,0.21,0.22,100.0,40.24,35.24,135.0,0.77,115.0,0.8,107.54,0.76,161.0,0.81,545.0,0.75,135.84,0.82,303.0,0.74,318.0,0.83,533.0,0.73,338.0,0.84,654.69,0.2,107.54,0.23,115.0,0.19,555.0,0.24,161.0,0.18,303.0,0.25,135.84,0.17,542.19,0.26,318.0,0.16,654.69,0.27,338.0
2026-01-07 11:06:34+00:00,2026-01-07 11:06:31.633439+00:00,394.0,0.795,0.79,0.8,0.20500000000000002,0.2,0.21,174.96,47.54,47.54,204.96,0.78,142.18,0.81,499.0,0.77,130.0,0.82,238.0,0.76,146.0,0.83,588.0,0.75,135.84,0.84,509.0,0.74,318.0,0.85,667.49,0.19,499.0,0.22,142.18,0.18,238.0,0.23,130.0,0.17,588.0,0.24,146.0,0.16,509.0,0.25,135.84,0.15,667.49,0.26,318.0
2026-01-07 11:06:35.056000+00:00,2026-01-07 11:06:32.636100+00:00,395.056,0.805,0.8,0.81,0.195,0.19,0.2,177.0,12.9,12.9,177.0,0.79,90.0,0.82,85.0,0.78,107.18,0.83,313.0,0.77,150.0,0.84,498.0,0.76,595.0,0.85,667.49,0.75,328.84,0.86,2525.89,0.18,85.0,0.21,90.0,0.17,313.0,0.22,107.18,0.16,498.0,0.23,150.0,0.15,667.49,0.24,595.0,0.14,2525.89,0.25,328.84
2026-01-07 11:06:36.079000+00:00,2026-01-07 11:06:33.645873+00:00,396.079,0.805,0.8,0.81,0.185,0.18,0.19,170.0,12.9,20.0,105.0,0.79,110.0,0.82,85.0,0.78,77.18,0.83,323.0,0.77,150.0,0.84,488.0,0.76,615.0,0.85,667.49,0.75,328.84,0.86,2525.89,0.17,787.0,0.2,165.0,0.16,434.0,0.21,95.0,0.15,479.49,0.22,92.18,0.14,2634.89,0.23,150.0,0.13,502.6,0.24,288.0
2026-01-07 11:06:37.076000+00:00,2026-01-07 11:06:34.650340+00:00,397.076,0.795,0.79,0.8,0.20500000000000002,0.2,0.21,120.0,15.0,15.0,120.0,0.78,162.18,0.81,50.0,0.77,678.95,0.82,75.0,0.76,237.0,0.83,747.0,0.75,328.84,0.84,419.0,0.74,283.0,0.85,636.3,0.19,44.08,0.22,162.18,0.18,75.0,0.23,678.95,0.17,747.0,0.24,237.0,0.16,419.0,0.25,328.84,0.15,636.3,0.26,283.0
2026-01-07 11:06:38.097000+00:00,2026-01-07 11:06:35.671440+00:00,398.097,0.8,0.79,0.81,0.2,0.19,0.21,155.0,44.08,44.08,155.0,0.78,172.18,0.82,75.0,0.77,678.98,0.83,747.0,0.76,227.0,0.84,419.0,0.75,328.84,0.85,706.3,0.74,283.0,0.86,2525.89,0.18,75.0,0.22,172.18,0.17,747.0,0.23,648.98,0.16,419.0,0.24,227.0,0.15,706.3,0.25,328.84,0.14,2525.89,0.26,283.0
2026-01-07 11:06:39.103000+00:00,2026-01-07 11:06:36.677652+00:00,399.103,0.805,0.8,0.81,0.195,0.19,0.2,85.0,37.08,27.08,125.0,0.79,173.0,0.82,85.0,0.78,227.18,0.83,727.0,0.77,609.0,0.84,449.0,0.76,227.0,0.85,706.3,0.75,328.84,0.86,2525.89,0.18,115.0,0.21,148.0,0.17,727.0,0.22,217.18,0.16,449.0,0.23,609.0,0.15,539.3,0.24,227.0,0.14,2704.89,0.25,328.84
2026-01-07 11:06:40.132000+00:00,2026-01-07 11:06:37.699931+00:00,400.132,0.805,0.8,0.81,0.195,0.19,0.2,5.0,34.66,34.66,5.0,0.79,203.0,0.82,80.0,0.78,202.18,0.83,727.0,0.77,609.0,0.84,519.0,0.76,227.0,0.85,539.3,0.75,328.84,0.86,2704.89,0.18,80.0,0.21,203.0,0.17,797.0,0.22,202.18,0.16,519.0,0.23,609.0,0.15,539.3,0.24,227.0,0.14,2704.89,0.25,328.84
2026-01-07 11:06:41.944000+00:00,2026-01-07 11:06:39.712540+00:00,401.944,0.805,0.8,0.81,0.195,0.19,0.2,13.0,62.3,62.3,13.0,0.79,165.0,0.82,80.0,0.78,222.18,0.83,787.0,0.77,609.0,0.84,519.0,0.76,227.0,0.85,539.3,0.75,328.84,0.86,2704.89,0.18,80.0,0.21,165.0,0.17,787.0,0.22,222.18,0.16,519.0,0.23,609.0,0.15,539.3,0.24,207.0,0.14,2704.89,0.25,328.84
2026-01-07 11:06:43.028000+00:00,2026-01-07 11:06:40.704690+00:00,403.028,0.805,0.8,0.81,0.195,0.19,0.2,13.0,33.0,33.0,68.0,0.79,195.0,0.82,100.0,0.78,202.18,0.83,797.0,0.77,619.0,0.84,489.0,0.76,207.0,0.85,519.3,0.75,328.84,0.86,2525.89,0.18,105.0,0.21,210.0,0.17,797.0,0.22,202.18,0.16,489.0,0.23,619.0,0.15,490.3,0.24,207.0,0.14,2525.89,0.25,328.84
2026-01-07 11:06:44.136000+00:00,2026-01-07 11:06:41.711187+00:00,404.136,0.8200000000000001,0.8,0.84,0.165,0.16,0.17,875.0,5.0,5.0,140.0,0.79,475.5,0.86,2024.49,0.78,461.18,0.87,15.0,0.77,474.0,0.88,183.0,0.76,328.0,0.89,362.19,0.75,421.74,0.9,392.9,0.14,2039.49,0.18,115.0,0.13,15.0,0.19,176.0,0.12,248.0,0.2,452.0,0.11,682.0,0.21,465.5,0.1,357.9,0.22,461.18
2026-01-07 11:06:45.148000+00:00,2026-01-07 11:06:42.718876+00:00,405.148,0.855,0.85,0.86,0.14500000000000002,0.14,0.15,108.85,2337.49,2397.49,108.85,0.83,110.0,0.87,218.0,0.82,504.0,0.88,632.0,0.81,75.0,0.89,354.0,0.8,58.0,0.9,382.9,0.79,365.5,0.91,313.8,0.13,228.0,0.17,195.0,0.12,667.0,0.18,524.0,0.11,354.0,0.19,85.0,0.1,382.9,0.2,80.0,0.09,313.8,0.21,400.5
2026-01-07 11:06:46.164000+00:00,2026-01-07 11:06:43.723837+00:00,406.164,0.835,0.83,0.84,0.165,0.16,0.17,157.17,110.8,109.25,157.17,0.82,554.0,0.85,122.62,0.81,189.69,0.86,2310.49,0.8,134.9,0.87,208.0,0.79,87.8,0.88,667.0,0.78,52.6,0.89,354.0,0.15,132.62,0.18,584.0,0.14,2310.49,0.19,159.69,0.13,208.0,0.2,134.9,0.12,667.0,0.21,87.8,0.11,354.0,0.22,52.6
2026-01-07 11:06:47.162000+00:00,2026-01-07 11:06:44.728590+00:00,407.162,0.84,0.83,0.85,0.155,0.15,0.16,260.17,89.62,52.47,150.0,0.82,579.0,0.86,2310.49,0.81,136.0,0.87,298.0,0.8,93.9,0.88,737.0,0.79,87.8,0.89,424.0,0.78,52.6,0.9,452.9,0.14,2217.49,0.17,170.17,0.13,218.0,0.18,155.0,0.12,677.0,0.19,156.0,0.11,319.0,0.2,128.9,0.1,397.3,0.21,122.8
2026-01-07 11:06:48.105000+00:00,2026-01-07 11:06:45.734405+00:00,408.105,0.845,0.84,0.85,0.155,0.15,0.16,163.0,78.94,78.94,163.0,0.83,591.17,0.86,2257.49,0.82,170.0,0.87,238.0,0.81,181.0,0.88,677.0,0.8,163.9,0.89,329.0,0.79,305.8,0.9,467.3,0.14,2257.49,0.17,661.17,0.13,238.0,0.18,240.0,0.12,677.0,0.19,181.0,0.11,329.0,0.2,163.9,0.1,467.3,0.21,305.8
2026-01-07 11:06:49.141000+00:00,2026-01-07 11:06:46.741109+00:00,409.141,0.845,0.84,0.85,0.155,0.15,0.16,163.0,63.94,61.46,263.0,0.83,651.17,0.86,2267.49,0.82,255.0,0.87,238.0,0.81,150.0,0.88,667.0,0.8,163.9,0.89,329.0,0.79,122.8,0.9,467.3,0.14,2217.49,0.17,671.17,0.13,198.0,0.18,185.0,0.12,722.0,0.19,150.0,0.11,349.0,0.2,163.9,0.1,452.9,0.21,122.8
2026-01-07 11:06:50.178000+00:00,2026-01-07 11:06:47.744405+00:00,410.178,0.855,0.85,0.86,0.14500000000000002,0.14,0.15,35.0,2232.52,2232.52,35.0,0.84,177.0,0.87,228.0,0.83,771.17,0.88,677.0,0.82,165.0,0.89,208.0,0.81,158.4,0.9,452.9,0.8,168.0,0.91,461.7,0.13,228.0,0.16,177.0,0.12,677.0,0.17,771.17,0.11,208.0,0.18,165.0,0.1,452.9,0.19,158.4,0.09,461.7,0.2,168.0
2026-01-07 11:06:51.123000+00:00,2026-01-07 11:06:48.751910+00:00,411.123,0.855,0.85,0.86,0.14500000000000002,0.14,0.15,268.0,1839.28,1839.28,268.0,0.84,333.87,0.87,20.0,0.83,189.19,0.88,243.0,0.82,219.8,0.89,218.0,0.81,462.4,0.9,702.0,0.8,427.1,0.91,393.8,0.13,20.0,0.16,303.87,0.12,243.0,0.17,189.19,0.11,218.0,0.18,158.8,0.1,702.0,0.19,462.4,0.09,393.8,0.2,427.1
2026-01-07 11:06:52.130000+00:00,2026-01-07 11:06:49.756989+00:00,412.13,0.855,0.85,0.86,0.14500000000000002,0.14,0.15,133.0,1804.28,1779.28,148.0,0.84,647.87,0.87,268.0,0.83,220.0,0.88,208.0,0.82,190.0,0.89,233.0,0.81,158.4,0.9,298.0,0.8,427.1,0.91,418.8,0.13,268.0,0.16,647.87,0.12,208.0,0.17,220.0,0.11,233.0,0.18,190.0,0.1,298.0,0.19,158.4,0.09,434.7,0.2,427.1
2026-01-07 11:06:53.200000+00:00,2026-01-07 11:06:50.778782+00:00,413.2,0.855,0.85,0.86,0.14500000000000002,0.14,0.15,35.0,1819.28,1804.28,140.0,0.84,490.39,0.87,283.0,0.83,268.9,0.88,228.0,0.82,150.0,0.89,647.0,0.81,158.4,0.9,288.0,0.8,427.1,0.91,399.7,0.13,328.0,0.16,490.39,0.12,298.0,0.17,233.9,0.11,727.0,0.18,150.0,0.1,323.0,0.19,158.4,0.09,434.7,0.2,427.1
2026-01-07 11:06:54.193000+00:00,2026-01-07 11:06:51.784148+00:00,414.193,0.855,0.85,0.86,0.14500000000000002,0.14,0.15,35.0,1859.96,1844.96,35.0,0.84,597.48,0.87,333.0,0.83,243.9,0.88,278.0,0.82,190.0,0.89,752.0,0.81,191.0,0.9,337.4,0.8,419.0,0.91,434.7,0.13,333.0,0.16,597.48,0.12,278.0,0.17,263.9,0.11,752.0,0.18,200.0,0.1,337.4,0.19,160.0,0.09,434.7,0.2,419.0
2026-01-07 11:06:55.002000+00:00,2026-01-07 11:06:52.807144+00:00,415.002,0.85,0.84,0.86,0.15000000000000002,0.14,0.16,592.48,1907.96,1891.97,592.48,0.83,268.9,0.87,288.0,0.82,145.0,0.88,303.0,0.81,191.0,0.89,752.0,0.8,454.0,0.9,337.4,0.79,536.8,0.91,399.7,0.13,288.0,0.17,268.9,0.12,303.0,0.18,145.0,0.11,752.0,0.19,191.0,0.1,337.4,0.2,454.0,0.09,399.7,0.21,536.8
2026-01-07 11:06:56.173000+00:00,2026-01-07 11:06:53.814540+00:00,416.173,0.855,0.85,0.86,0.14500000000000002,0.14,0.15,11.76,1871.97,1858.97,11.76,0.84,605.48,0.87,298.0,0.83,273.9,0.88,303.0,0.82,145.0,0.89,752.0,0.81,160.0,0.9,337.4,0.8,454.0,0.91,399.7,0.13,368.0,0.16,605.48,0.12,303.0,0.17,273.9,0.11,752.0,0.18,145.0,0.1,337.4,0.19,160.0,0.09,399.7,0.2,454.0
2026-01-07 11:06:57.247000+00:00,2026-01-07 11:06:54.822094+00:00,417.247,0.855,0.85,0.86,0.14500000000000002,0.14,0.15,24.76,1878.97,1868.97,24.76,0.84,572.48,0.87,358.0,0.83,275.0,0.88,303.0,0.82,155.0,0.89,752.0,0.81,160.0,0.9,337.4,0.8,454.0,0.91,399.7,0.13,358.0,0.16,572.48,0.12,303.0,0.17,275.0,0.11,752.0,0.18,155.0,0.1,337.4,0.19,160.0,0.09,399.7,0.2,454.0
2026-01-07 11:06:58.248000+00:00,2026-01-07 11:06:55.831060+00:00,418.248,0.855,0.85,0.86,0.14500000000000002,0.14,0.15,24.76,1803.97,1813.97,24.76,0.84,10.38,0.87,348.0,0.83,115.0,0.88,303.0,0.82,165.0,0.89,303.0,0.81,225.0,0.9,458.4,0.8,464.0,0.91,399.7,0.13,348.0,0.16,10.38,0.12,303.0,0.17,115.0,0.11,316.3,0.18,165.0,0.1,458.4,0.19,175.0,0.09,399.7,0.2,388.0
2026-01-07 11:06:59.212000+00:00,2026-01-07 11:06:56.832343+00:00,419.212,0.845,0.84,0.85,0.155,0.15,0.16,113.1,50.0,50.0,126.1,0.83,50.0,0.86,1901.22,0.82,245.0,0.87,303.0,0.81,121.0,0.88,245.3,0.8,309.5,0.89,886.3,0.79,529.0,0.9,423.4,0.14,1888.22,0.17,80.0,0.13,303.0,0.18,245.0,0.12,245.3,0.19,160.0,0.11,886.3,0.2,379.5,0.1,423.4,0.21,529.0
2026-01-07 11:07:00.172000+00:00,2026-01-07 11:06:57.855354+00:00,420.172,0.845,0.84,0.85,0.155,0.15,0.16,13.0,30.0,30.0,13.0,0.83,45.0,0.86,1824.59,0.82,589.0,0.87,278.0,0.81,243.1,0.88,233.0,0.8,379.5,0.89,437.3,0.79,559.0,0.9,458.4,0.14,1824.59,0.17,45.0,0.13,278.0,0.18,559.0,0.12,233.0,0.19,228.1,0.11,437.3,0.2,379.5,0.1,458.4,0.21,559.0
2026-01-07 11:07:01.195000+00:00,2026-01-07 11:06:58.859829+00:00,421.195,0.845,0.84,0.85,0.155,0.15,0.16,18.0,138.0,138.0,18.0,0.83,5.0,0.86,1739.59,0.82,484.0,0.87,373.0,0.81,204.1,0.88,752.0,0.8,343.0,0.89,486.3,0.79,569.0,0.9,423.4,0.14,1739.59,0.17,5.0,0.13,373.0,0.18,484.0,0.12,752.0,0.19,184.1,0.11,486.3,0.2,343.0,0.1,423.4,0.21,569.0
2026-01-07 11:07:02.322000+00:00,2026-01-07 11:06:59.866782+00:00,422.322,0.835,0.83,0.84,0.165,0.16,0.17,5.0,35.0,85.0,5.0,0.82,449.0,0.85,118.0,0.81,60.0,0.86,1799.59,0.8,375.8,0.87,373.0,0.79,459.0,0.88,424.0,0.78,569.0,0.89,402.3,0.15,98.0,0.18,449.0,0.14,1834.59,0.19,95.0,0.13,373.0,0.2,405.8,0.12,424.0,0.21,459.0,0.11,402.3,0.22,576.6
2026-01-07 11:07:03.271000+00:00,2026-01-07 11:07:00.870678+00:00,423.271,0.835,0.83,0.84,0.165,0.16,0.17,18.0,73.82,47.61,18.0,0.82,449.0,0.85,136.93,0.81,115.0,0.86,1827.66,0.8,181.8,0.87,373.0,0.79,440.0,0.88,424.0,0.78,455.6,0.89,402.3,0.15,146.93,0.18,494.0,0.14,1827.66,0.19,75.0,0.13,373.0,0.2,141.8,0.12,424.0,0.21,440.0,0.11,402.3,0.22,445.6
2026-01-07 11:07:04.283000+00:00,2026-01-07 11:07:01.879031+00:00,424.283,0.835,0.83,0.84,0.165,0.16,0.17,17.0,60.61,60.61,30.0,0.82,509.0,0.85,161.93,0.81,105.0,0.86,1837.66,0.8,166.0,0.87,373.0,0.79,456.8,0.88,424.0,0.78,415.6,0.89,402.3,0.15,161.93,0.18,494.0,0.14,1837.66,0.19,130.0,0.13,383.0,0.2,166.0,0.12,424.0,0.21,456.8,0.11,402.3,0.22,415.6
2026-01-07 11:07:05.313000+00:00,2026-01-07 11:07:02.886115+00:00,425.313,0.825,0.82,0.83,0.175,0.17,0.18,5.0,120.0,95.0,18.0,0.8,90.0,0.84,318.0,0.79,627.1,0.85,334.93,0.78,385.0,0.86,2131.66,0.77,360.3,0.87,494.0,0.76,395.1,0.88,389.0,0.16,293.0,0.2,155.0,0.15,334.93,0.21,559.0,0.14,2131.66,0.22,385.0,0.13,494.0,0.23,360.3,0.12,389.0,0.24,395.1
2026-01-07 11:07:06.224000+00:00,2026-01-07 11:07:03.875327+00:00,426.224,0.815,0.81,0.82,0.185,0.18,0.19,30.0,49.63,49.63,20.0,0.8,155.0,0.83,44.93,0.79,549.0,0.84,180.0,0.78,410.0,0.85,338.0,0.77,335.3,0.86,2131.66,0.76,395.1,0.87,459.0,0.17,44.93,0.2,40.0,0.16,180.0,0.21,617.1,0.15,338.0,0.22,380.0,0.14,2131.66,0.23,365.3,0.13,459.0,0.24,395.1
2026-01-07 11:07:07.278000+00:00,2026-01-07 11:07:04.883339+00:00,427.278,0.815,0.81,0.82,0.18,0.17,0.19,53.0,68.0,51.93,53.0,0.8,509.0,0.83,51.93,0.79,350.8,0.84,170.0,0.78,378.0,0.85,145.0,0.77,367.3,0.86,2131.66,0.76,395.1,0.87,459.0,0.16,170.0,0.2,509.0,0.15,145.0,0.21,228.8,0.14,2131.66,0.22,378.0,0.13,459.0,0.23,335.3,0.12,389.0,0.24,395.1
2026-01-07 11:07:08.299000+00:00,2026-01-07 11:07:05.893821+00:00,428.299,0.815,0.81,0.82,0.185,0.18,0.19,56.0,10.0,10.0,48.0,0.8,549.0,0.83,78.18,0.79,203.8,0.84,145.0,0.78,435.0,0.85,145.0,0.77,335.3,0.86,2131.66,0.76,395.1,0.87,494.0,0.17,78.18,0.2,549.0,0.16,145.0,0.21,203.8,0.15,145.0,0.22,435.0,0.14,2131.66,0.23,335.3,0.13,494.0,0.24,395.1
2026-01-07 11:07:09.322000+00:00,2026-01-07 11:07:06.899892+00:00,429.322,0.815,0.81,0.82,0.185,0.18,0.19,13.0,73.0,73.0,13.0,0.8,524.0,0.83,113.18,0.79,223.8,0.84,120.0,0.78,383.0,0.85,257.0,0.77,365.3,0.86,2131.66,0.76,395.1,0.87,494.0,0.17,113.18,0.2,524.0,0.16,120.0,0.21,140.7,0.15,257.0,0.22,453.0,0.14,2131.66,0.23,397.3,0.13,494.0,0.24,395.1
2026-01-07 11:07:10.334000+00:00,2026-01-07 11:07:07.904008+00:00,430.334,0.795,0.79,0.8,0.20500000000000002,0.2,0.21,18.0,36.0,26.01,18.0,0.78,509.0,0.81,143.0,0.77,341.1,0.82,118.18,0.76,217.0,0.83,691.0,0.75,363.84,0.84,409.0,0.74,928.63,0.85,468.0,0.19,150.0,0.22,509.0,0.18,118.18,0.23,158.1,0.17,691.0,0.24,156.0,0.16,409.0,0.25,388.84,0.15,468.0,0.26,928.63
2026-01-07 11:07:11.346000+00:00,2026-01-07 11:07:08.911473+00:00,431.346,0.795,0.79,0.8,0.20500000000000002,0.2,0.21,18.0,108.01,108.01,18.0,0.77,40.0,0.81,115.0,0.76,156.0,0.82,306.18,0.75,802.84,0.83,473.0,0.74,770.83,0.84,409.0,0.73,309.6,0.85,433.0,0.19,115.0,0.22,5.0,0.18,306.18,0.23,40.0,0.17,473.0,0.24,156.0,0.16,439.0,0.25,727.84,0.15,404.0,0.26,736.83
2026-01-07 11:07:12.362000+00:00,2026-01-07 11:07:09.933372+00:00,432.362,0.785,0.78,0.79,0.215,0.21,0.22,18.0,53.0,43.0,13.0,0.77,5.0,0.8,25.01,0.76,131.0,0.81,105.0,0.75,682.84,0.82,306.18,0.74,736.83,0.83,473.0,0.73,327.0,0.84,404.0,0.2,60.01,0.23,45.0,0.19,115.0,0.24,141.0,0.18,306.18,0.25,697.84,0.17,473.0,0.26,726.83,0.16,439.0,0.27,327.0
2026-01-07 11:07:13.343000+00:00,2026-01-07 11:07:10.940731+00:00,433.343,0.785,0.78,0.79,0.215,0.21,0.22,13.0,19.12,24.12,13.0,0.77,80.0,0.8,85.01,0.76,161.0,0.81,135.0,0.75,524.84,0.82,298.0,0.74,726.83,0.83,473.0,0.73,327.0,0.84,439.0,0.2,85.01,0.23,80.0,0.19,135.0,0.24,161.0,0.18,298.0,0.25,524.84,0.17,473.0,0.26,726.83,0.16,439.0,0.27,327.0
2026-01-07 11:07:14.371000+00:00,2026-01-07 11:07:11.946351+00:00,434.371,0.785,0.78,0.79,0.215,0.21,0.22,18.0,13.78,13.78,18.0,0.77,75.0,0.8,95.01,0.76,161.0,0.81,135.0,0.75,584.84,0.82,298.0,0.74,796.83,0.83,473.0,0.73,397.0,0.84,439.0,0.2,135.01,0.23,75.0,0.19,257.0,0.24,161.0,0.18,868.0,0.25,584.84,0.17,473.0,0.26,796.83,0.16,439.0,0.27,397.0
2026-01-07 11:07:15.383000+00:00,2026-01-07 11:07:12.968221+00:00,435.383,0.785,0.78,0.79,0.215,0.21,0.22,18.0,32.31,58.31,18.0,0.77,85.0,0.8,215.01,0.76,161.0,0.81,298.0,0.75,584.84,0.82,868.0,0.74,796.83,0.83,753.0,0.73,397.0,0.84,439.0,0.2,175.01,0.23,85.0,0.19,298.0,0.24,161.0,0.18,868.0,0.25,584.84,0.17,753.0,0.26,796.83,0.16,439.0,0.27,397.0
2026-01-07 11:07:16.312000+00:00,2026-01-07 11:07:13.973441+00:00,436.312,0.785,0.78,0.79,0.215,0.21,0.22,18.0,39.7,39.7,18.0,0.77,85.0,0.8,175.01,0.76,161.0,0.81,298.0,0.75,584.84,0.82,868.0,0.74,796.83,0.83,758.88,0.73,403.6,0.84,439.0,0.2,175.01,0.23,85.0,0.19,298.0,0.24,161.0,0.18,868.0,0.25,604.84,0.17,758.88,0.26,796.83,0.16,439.0,0.27,403.6
2026-01-07 11:07:17.297000+00:00,2026-01-07 11:07:14.994204+00:00,437.297,0.785,0.78,0.79,0.215,0.21,0.22,5.03,42.04,73.36,5.03,0.77,100.0,0.8,175.01,0.76,161.0,0.81,298.0,0.75,604.84,0.82,868.0,0.74,796.83,0.83,764.76,0.73,403.6,0.84,439.0,0.2,150.01,0.23,100.0,0.19,323.0,0.24,161.0,0.18,868.0,0.25,604.84,0.17,764.76,0.26,796.83,0.16,404.0,0.27,403.6
2026-01-07 11:07:18.391000+00:00,2026-01-07 11:07:16.001507+00:00,438.391,0.775,0.77,0.78,0.225,0.22,0.23,201.1,13.0,13.0,226.1,0.76,166.0,0.79,23.36,0.75,310.84,0.8,105.01,0.74,766.83,0.81,338.0,0.73,369.6,0.82,898.0,0.72,485.9,0.83,749.76,0.21,23.36,0.24,166.0,0.2,105.01,0.25,371.84,0.19,155.0,0.26,766.83,0.18,594.0,0.27,369.6,0.17,628.76,0.28,460.9
2026-01-07 11:07:19.437000+00:00,2026-01-07 11:07:17.008049+00:00,439.437,0.795,0.79,0.8,0.20500000000000002,0.2,0.21,10.0,15.0,15.0,38.0,0.78,205.0,0.81,60.1,0.77,554.0,0.82,65.0,0.76,334.0,0.83,426.76,0.75,371.84,0.84,409.0,0.74,781.73,0.85,434.0,0.19,45.1,0.22,205.0,0.18,80.0,0.23,554.0,0.17,426.76,0.24,334.0,0.16,409.0,0.25,371.84,0.15,434.0,0.26,781.73
2026-01-07 11:07:20.373000+00:00,2026-01-07 11:07:18.013549+00:00,440.373,0.795,0.79,0.8,0.20500000000000002,0.2,0.21,43.0,23.34,23.34,43.0,0.78,220.0,0.81,60.1,0.77,549.0,0.82,95.0,0.76,373.8,0.83,396.76,0.75,338.84,0.84,409.0,0.74,766.83,0.85,434.0,0.19,60.1,0.22,220.0,0.18,95.0,0.23,549.0,0.17,396.76,0.24,373.8,0.16,409.0,0.25,338.84,0.15,434.0,0.26,766.83
2026-01-07 11:07:21.453000+00:00,2026-01-07 11:07:19.018554+00:00,441.453,0.795,0.79,0.8,0.20500000000000002,0.2,0.21,28.0,23.34,23.34,33.0,0.78,220.0,0.81,85.1,0.77,559.0,0.82,70.0,0.76,303.8,0.83,411.76,0.75,338.84,0.84,434.0,0.74,766.83,0.85,424.0,0.19,70.1,0.22,205.0,0.18,85.0,0.23,559.0,0.17,411.76,0.24,303.8,0.16,434.0,0.25,338.84,0.15,424.0,0.26,766.83
2026-01-07 11:07:22.489000+00:00,2026-01-07 11:07:20.022665+00:00,442.489,0.825,0.82,0.83,0.175,0.17,0.18,65.0,291.76,291.76,188.0,0.81,119.97,0.84,329.22,0.8,244.0,0.85,359.0,0.79,170.9,0.86,888.8,0.78,262.0,0.87,2233.2,0.77,277.0,0.88,461.3,0.16,243.22,0.19,170.0,0.15,344.0,0.2,750.0,0.14,843.0,0.21,310.0,0.13,2256.7,0.22,313.9,0.12,484.0,0.23,338.0
2026-01-07 11:07:23.454000+00:00,2026-01-07 11:07:21.028050+00:00,443.454,0.825,0.82,0.83,0.175,0.17,0.18,202.46,258.76,258.76,212.46,0.81,116.0,0.85,80.0,0.8,165.0,0.86,15.0,0.79,358.0,0.87,2055.7,0.78,374.9,0.88,424.0,0.77,303.0,0.89,427.3,0.15,80.0,0.19,126.0,0.14,40.0,0.2,165.0,0.13,2040.7,0.21,358.0,0.12,339.0,0.22,374.9,0.11,427.3,0.23,303.0
2026-01-07 11:07:24.437000+00:00,2026-01-07 11:07:22.031071+00:00,444.437,0.825,0.82,0.83,0.175,0.17,0.18,213.0,238.51,238.51,183.0,0.81,95.0,0.84,15.0,0.8,196.0,0.85,105.0,0.79,358.0,0.86,45.0,0.78,374.0,0.87,1990.7,0.77,310.3,0.88,339.0,0.16,30.0,0.19,140.0,0.15,115.0,0.2,206.0,0.14,15.0,0.21,333.0,0.13,2000.7,0.22,374.0,0.12,339.0,0.23,310.3
2026-01-07 11:07:25.304000+00:00,2026-01-07 11:07:23.036252+00:00,445.304,0.825,0.82,0.83,0.175,0.17,0.18,163.0,238.51,238.51,163.0,0.81,135.0,0.84,95.0,0.8,236.0,0.85,90.0,0.79,333.0,0.86,15.0,0.78,381.6,0.87,2000.7,0.77,310.3,0.88,339.0,0.16,80.0,0.19,135.0,0.15,90.0,0.2,236.0,0.14,15.0,0.21,353.0,0.13,2000.7,0.22,381.6,0.12,339.0,0.23,310.3
2026-01-07 11:07:26.506000+00:00,2026-01-07 11:07:24.058135+00:00,446.506,0.825,0.82,0.83,0.175,0.17,0.18,163.0,298.51,283.51,163.0,0.81,60.0,0.84,50.0,0.8,291.0,0.85,90.0,0.79,353.0,0.86,25.0,0.78,401.6,0.87,1990.7,0.77,310.3,0.88,339.0,0.16,50.0,0.19,60.0,0.15,90.0,0.2,291.0,0.14,25.0,0.21,353.0,0.13,1990.7,0.22,401.6,0.12,339.0,0.23,310.3
2026-01-07 11:07:27.476000+00:00,2026-01-07 11:07:25.065535+00:00,447.476,0.825,0.82,0.83,0.175,0.17,0.18,577.0,283.51,289.05,577.0,0.81,90.0,0.84,165.0,0.8,231.0,0.85,125.0,0.79,378.0,0.86,120.0,0.78,386.6,0.87,2060.7,0.77,345.3,0.88,409.0,0.16,165.0,0.19,90.0,0.15,125.0,0.2,231.0,0.14,120.0,0.21,378.0,0.13,2060.7,0.22,386.6,0.12,409.0,0.23,345.3
2026-01-07 11:07:28.514000+00:00,2026-01-07 11:07:26.084883+00:00,448.514,0.825,0.82,0.83,0.175,0.17,0.18,811.95,236.83,236.83,786.95,0.81,353.0,0.85,15.0,0.8,287.0,0.86,105.0,0.79,461.8,0.87,2075.7,0.78,477.6,0.88,288.0,0.77,431.3,0.89,858.0,0.15,15.0,0.19,414.0,0.14,105.0,0.2,348.0,0.13,1892.7,0.21,461.8,0.12,105.0,0.22,477.6,0.11,737.0,0.23,431.3
2026-01-07 11:07:29.459000+00:00,2026-01-07 11:07:27.108322+00:00,449.459,0.845,0.84,0.85,0.155,0.15,0.16,115.0,15.0,15.0,115.0,0.83,163.13,0.86,105.0,0.82,646.95,0.87,1882.7,0.81,437.4,0.88,105.0,0.8,380.9,0.89,737.0,0.79,461.8,0.9,333.0,0.14,115.0,0.17,168.13,0.13,1882.7,0.18,646.95,0.12,105.0,0.19,437.4,0.11,737.0,0.2,380.9,0.1,333.0,0.21,461.8
2026-01-07 11:07:30.521000+00:00,2026-01-07 11:07:28.098293+00:00,450.521,0.855,0.85,0.86,0.15000000000000002,0.14,0.16,10.0,130.0,130.0,110.0,0.84,110.0,0.87,1852.7,0.83,168.13,0.88,105.0,0.82,646.95,0.89,747.0,0.81,432.4,0.9,323.0,0.8,380.9,0.91,474.7,0.13,1852.7,0.17,168.13,0.12,105.0,0.18,646.95,0.11,747.0,0.19,432.4,0.1,323.0,0.2,380.9,0.09,474.7,0.21,461.8
2026-01-07 11:07:31.549000+00:00,2026-01-07 11:07:29.118787+00:00,451.549,0.855,0.85,0.86,0.14500000000000002,0.14,0.15,69.97,15.0,20.0,98.97,0.84,188.18,0.87,1872.7,0.83,118.13,0.88,80.0,0.82,257.0,0.89,737.0,0.81,381.6,0.9,323.0,0.8,477.1,0.91,474.7,0.13,1902.7,0.16,168.18,0.12,90.0,0.17,128.13,0.11,737.0,0.18,292.0,0.1,333.0,0.19,381.6,0.09,418.8,0.2,477.1
2026-01-07 11:07:32.554000+00:00,2026-01-07 11:07:30.127565+00:00,452.554,0.855,0.85,0.86,0.14500000000000002,0.14,0.15,25.0,61.49,61.49,25.0,0.84,507.18,0.87,1867.7,0.83,148.1,0.88,242.0,0.82,298.0,0.89,737.0,0.81,406.6,0.9,323.0,0.8,507.1,0.91,399.7,0.13,1867.7,0.16,577.18,0.12,303.0,0.17,80.0,0.11,737.0,0.18,115.0,0.1,323.0,0.19,386.6,0.09,399.7,0.2,507.1
2026-01-07 11:07:33.490000+00:00,2026-01-07 11:07:31.131247+00:00,453.49,0.845,0.84,0.85,0.155,0.15,0.16,522.18,15.0,28.0,522.18,0.83,138.1,0.86,23.0,0.82,150.0,0.87,1841.97,0.81,178.6,0.88,268.0,0.8,487.1,0.89,747.0,0.79,426.8,0.9,323.0,0.14,23.0,0.17,148.1,0.13,1841.97,0.18,170.0,0.12,268.0,0.19,188.6,0.11,747.0,0.2,477.1,0.1,323.0,0.21,426.8
2026-01-07 11:07:34.553000+00:00,2026-01-07 11:07:32.136921+00:00,454.553,0.845,0.84,0.85,0.155,0.15,0.16,527.18,18.0,18.0,527.18,0.83,183.1,0.86,35.0,0.82,160.0,0.87,1841.97,0.81,168.6,0.88,268.0,0.8,477.1,0.89,747.0,0.79,426.8,0.9,323.0,0.14,35.0,0.17,183.1,0.13,1841.97,0.18,160.0,0.12,268.0,0.19,168.6,0.11,747.0,0.2,477.1,0.1,323.0,0.21,426.8
2026-01-07 11:07:35.566000+00:00,2026-01-07 11:07:33.143654+00:00,455.566,0.865,0.86,0.87,0.135,0.13,0.14,13.0,1856.97,1869.97,13.0,0.85,15.0,0.88,323.0,0.84,659.18,0.89,737.0,0.83,95.0,0.9,333.0,0.82,180.0,0.91,434.7,0.81,168.6,0.92,504.24,0.12,323.0,0.15,15.0,0.11,737.0,0.16,659.18,0.1,333.0,0.17,95.0,0.09,434.7,0.18,180.0,0.08,504.24,0.19,168.6
2026-01-07 11:07:36.576000+00:00,2026-01-07 11:07:34.150362+00:00,456.576,0.865,0.86,0.87,0.135,0.13,0.14,36.82,1874.97,1916.67,11.82,0.85,10.0,0.88,293.0,0.84,544.18,0.89,737.0,0.83,164.97,0.9,323.0,0.82,180.0,0.91,434.7,0.81,290.6,0.92,504.24,0.12,283.0,0.16,564.18,0.11,747.0,0.17,204.97,0.1,323.0,0.18,190.0,0.09,434.7,0.19,290.6,0.08,504.24,0.2,527.1
2026-01-07 11:07:37.527000+00:00,2026-01-07 11:07:35.140862+00:00,457.527,0.86,0.85,0.87,0.14,0.13,0.15,25.0,1889.89,1889.89,25.0,0.84,579.18,0.88,303.0,0.83,174.97,0.89,757.0,0.82,180.0,0.9,333.0,0.81,351.6,0.91,434.7,0.8,527.1,0.92,504.24,0.12,303.0,0.16,579.18,0.11,757.0,0.17,174.97,0.1,333.0,0.18,180.0,0.09,434.7,0.19,351.6,0.08,504.24,0.2,527.1
2026-01-07 11:07:38.469000+00:00,2026-01-07 11:07:36.130932+00:00,458.469,0.86,0.85,0.87,0.14,0.13,0.15,58.0,1874.89,1874.89,58.0,0.84,559.18,0.88,313.0,0.83,244.97,0.89,747.0,0.82,180.0,0.9,333.0,0.81,351.6,0.91,434.7,0.8,527.1,0.92,504.24,0.12,313.0,0.16,559.18,0.11,747.0,0.17,244.97,0.1,333.0,0.18,180.0,0.09,434.7,0.19,351.6,0.08,504.24,0.2,527.1
2026-01-07 11:07:39.513000+00:00,2026-01-07 11:07:37.137438+00:00,459.513,0.86,0.85,0.87,0.14,0.13,0.15,58.0,1874.89,1874.89,58.0,0.84,644.18,0.88,313.0,0.83,175.0,0.89,747.0,0.82,180.0,0.9,333.0,0.81,351.6,0.91,434.7,0.8,527.1,0.92,504.24,0.12,313.0,0.16,644.18,0.11,747.0,0.17,175.0,0.1,333.0,0.18,180.0,0.09,434.7,0.19,351.6,0.08,504.24,0.2,527.1
2026-01-07 11:07:40.488000+00:00,2026-01-07 11:07:38.147245+00:00,460.488,0.865,0.86,0.87,0.135,0.13,0.14,38.0,1827.83,1802.83,53.0,0.85,35.0,0.88,303.0,0.84,629.18,0.89,757.0,0.83,175.0,0.9,333.0,0.82,180.0,0.91,434.7,0.81,351.6,0.92,504.24,0.12,278.0,0.15,40.0,0.11,757.0,0.16,604.18,0.1,323.0,0.17,155.0,0.09,434.7,0.18,180.0,0.08,504.24,0.19,351.6
2026-01-07 11:07:41.209000+00:00,2026-01-07 11:07:39.152979+00:00,461.209,0.865,0.86,0.87,0.135,0.13,0.14,41.52,1802.83,1802.83,16.52,0.85,90.0,0.88,105.0,0.84,614.18,0.89,777.0,0.83,155.0,0.9,343.0,0.82,180.0,0.91,444.7,0.81,351.6,0.92,504.24,0.12,95.0,0.15,75.0,0.11,767.0,0.16,614.18,0.1,333.0,0.17,155.0,0.09,434.7,0.18,180.0,0.08,504.24,0.19,351.6
2026-01-07 11:07:42.529000+00:00,2026-01-07 11:07:40.157305+00:00,462.529,0.865,0.86,0.87,0.135,0.13,0.14,16.52,1877.83,1877.83,16.52,0.85,65.0,0.88,120.0,0.84,724.18,0.89,757.0,0.83,125.0,0.9,333.0,0.82,210.0,0.91,434.7,0.81,351.6,0.92,504.24,0.12,130.0,0.15,65.0,0.11,757.0,0.16,694.18,0.1,333.0,0.17,135.0,0.09,434.7,0.18,210.0,0.08,504.24,0.19,351.6
2026-01-07 11:07:43.569000+00:00,2026-01-07 11:07:41.159754+00:00,463.569,0.865,0.86,0.87,0.135,0.13,0.14,81.52,1822.83,1822.83,56.52,0.85,155.0,0.88,115.0,0.84,624.18,0.89,747.0,0.83,165.0,0.9,343.0,0.82,150.0,0.91,444.7,0.81,351.6,0.92,504.24,0.12,115.0,0.15,155.0,0.11,757.0,0.16,614.18,0.1,343.0,0.17,155.0,0.09,444.7,0.18,150.0,0.08,531.24,0.19,382.6
2026-01-07 11:07:44.539000+00:00,2026-01-07 11:07:42.164839+00:00,464.539,0.865,0.86,0.87,0.135,0.13,0.14,13.46,1822.83,1822.83,13.46,0.85,205.0,0.88,105.0,0.84,624.18,0.89,777.0,0.83,155.0,0.9,343.0,0.82,150.0,0.91,444.7,0.81,382.6,0.92,531.24,0.12,105.0,0.15,205.0,0.11,777.0,0.16,624.18,0.1,343.0,0.17,155.0,0.09,444.7,0.18,150.0,0.08,531.24,0.19,382.6
2026-01-07 11:07:45.620000+00:00,2026-01-07 11:07:43.186068+00:00,465.62,0.865,0.86,0.87,0.135,0.13,0.14,3.46,1653.82,1653.82,3.46,0.85,160.0,0.88,130.0,0.84,654.18,0.89,757.0,0.83,165.0,0.9,333.0,0.82,150.0,0.91,434.7,0.81,382.6,0.92,531.24,0.12,130.0,0.15,160.0,0.11,757.0,0.16,654.18,0.1,333.0,0.17,165.0,0.09,434.7,0.18,150.0,0.08,531.24,0.19,382.6
2026-01-07 11:07:46.532000+00:00,2026-01-07 11:07:44.193120+00:00,466.532,0.865,0.86,0.87,0.135,0.13,0.14,3.46,1653.82,1653.82,3.46,0.85,205.0,0.88,130.0,0.84,654.18,0.89,757.0,0.83,165.0,0.9,333.0,0.82,333.0,0.91,434.7,0.81,382.6,0.92,531.24,0.12,130.0,0.15,205.0,0.11,757.0,0.16,654.18,0.1,333.0,0.17,165.0,0.09,434.7,0.18,333.0,0.08,531.24,0.19,382.6
2026-01-07 11:07:47.437000+00:00,2026-01-07 11:07:45.216521+00:00,467.437,0.865,0.86,0.87,0.135,0.13,0.14,26.63,1547.21,1547.21,26.63,0.85,295.0,0.88,150.0,0.84,659.18,0.89,767.0,0.83,150.0,0.9,353.0,0.82,333.0,0.91,434.7,0.81,382.6,0.92,531.24,0.12,150.0,0.15,295.0,0.11,584.0,0.16,659.18,0.1,353.0,0.17,150.0,0.09,313.7,0.18,333.0,0.08,531.24,0.19,382.6
2026-01-07 11:07:48.664000+00:00,2026-01-07 11:07:46.226644+00:00,468.664,0.865,0.86,0.87,0.135,0.13,0.14,65.63,1544.93,1529.93,40.63,0.85,295.0,0.88,150.0,0.84,659.18,0.89,584.0,0.83,150.0,0.9,353.0,0.82,363.0,0.91,313.7,0.81,351.6,0.92,504.24,0.12,150.0,0.15,295.0,0.11,584.0,0.16,659.18,0.1,353.0,0.17,150.0,0.09,313.7,0.18,363.0,0.08,504.24,0.19,351.6
2026-01-07 11:07:49.662000+00:00,2026-01-07 11:07:47.247512+00:00,469.662,0.865,0.86,0.87,0.135,0.13,0.14,285.63,1494.93,1494.93,260.63,0.85,220.0,0.88,25.0,0.84,185.18,0.89,60.0,0.83,150.0,0.9,328.0,0.82,341.8,0.91,317.8,0.81,316.6,0.92,549.24,0.12,25.0,0.15,220.0,0.11,60.0,0.16,185.18,0.1,328.0,0.17,150.0,0.09,317.8,0.18,341.8,0.08,549.24,0.19,316.6
2026-01-07 11:07:50.676000+00:00,2026-01-07 11:07:48.256620+00:00,470.676,0.865,0.86,0.87,0.135,0.13,0.14,200.63,1444.93,1444.93,1200.63,0.85,264.0,0.88,45.0,0.84,175.18,0.89,65.0,0.83,150.0,0.9,308.0,0.82,341.8,0.91,307.8,0.81,316.6,0.92,539.24,0.12,55.0,0.15,699.0,0.11,65.0,0.16,215.18,0.1,308.0,0.17,272.0,0.09,307.8,0.18,341.8,0.08,539.24,0.19,437.6
2026-01-07 11:07:51.550000+00:00,2026-01-07 11:07:49.264936+00:00,471.55,0.865,0.86,0.87,0.135,0.13,0.14,1175.63,1267.57,1267.57,1175.63,0.85,728.0,0.88,55.0,0.84,175.18,0.89,65.0,0.83,333.0,0.9,125.0,0.82,355.6,0.91,307.8,0.81,427.4,0.92,418.24,0.12,55.0,0.15,728.0,0.11,65.0,0.16,175.18,0.1,125.0,0.17,333.0,0.09,307.8,0.18,355.6,0.08,418.24,0.19,427.4
2026-01-07 11:07:52.661000+00:00,2026-01-07 11:07:50.269919+00:00,472.661,0.865,0.86,0.87,0.135,0.13,0.14,1294.63,816.21,791.21,1294.63,0.85,175.0,0.88,5.0,0.84,345.68,0.89,20.0,0.83,342.19,0.9,185.0,0.82,462.8,0.91,303.0,0.81,427.4,0.92,773.64,0.12,5.0,0.15,175.0,0.11,20.0,0.16,355.37,0.1,185.0,0.17,342.19,0.09,303.0,0.18,462.8,0.08,773.64,0.19,427.4
2026-01-07 11:07:53.707000+00:00,2026-01-07 11:07:51.274405+00:00,473.707,0.865,0.86,0.87,0.135,0.13,0.14,1693.63,791.21,791.21,1678.63,0.85,235.19,0.88,30.0,0.84,365.37,0.89,55.0,0.83,342.19,0.9,165.0,0.82,462.8,0.91,273.0,0.81,427.4,0.92,763.64,0.12,30.0,0.15,235.19,0.11,55.0,0.16,365.37,0.1,165.0,0.17,342.19,0.09,273.0,0.18,462.8,0.08,763.64,0.19,427.4
2026-01-07 11:07:54.574000+00:00,2026-01-07 11:07:52.280077+00:00,474.574,0.865,0.86,0.87,0.135,0.13,0.14,1655.43,760.87,760.87,1655.43,0.85,264.19,0.88,30.0,0.84,357.87,0.89,55.0,0.83,360.29,0.9,165.0,0.82,462.8,0.91,273.0,0.81,427.4,0.92,763.64,0.12,30.0,0.15,264.19,0.11,55.0,0.16,357.87,0.1,165.0,0.17,360.29,0.09,273.0,0.18,462.8,0.08,763.64,0.19,427.4
2026-01-07 11:07:55.661000+00:00,2026-01-07 11:07:53.286186+00:00,475.661,0.865,0.86,0.87,0.135,0.13,0.14,1684.43,757.83,757.83,1655.43,0.85,245.19,0.88,30.0,0.84,357.87,0.89,125.0,0.83,360.29,0.9,165.0,0.82,462.8,0.91,273.0,0.81,502.4,0.92,763.64,0.12,30.0,0.15,245.19,0.11,125.0,0.16,357.87,0.1,165.0,0.17,360.29,0.09,273.0,0.18,462.8,0.08,763.64,0.19,502.4
2026-01-07 11:07:56.690000+00:00,2026-01-07 11:07:54.306696+00:00,476.69,0.865,0.86,0.87,0.135,0.13,0.14,1784.43,732.83,732.83,1784.43,0.85,195.19,0.88,5.0,0.84,347.87,0.89,115.0,0.83,481.29,0.9,140.0,0.82,462.8,0.91,298.0,0.81,502.4,0.92,748.64,0.12,5.0,0.15,205.19,0.11,115.0,0.16,347.87,0.1,140.0,0.17,481.29,0.09,298.0,0.18,462.8,0.08,748.64,0.19,502.4
2026-01-07 11:07:57.734000+00:00,2026-01-07 11:07:55.325251+00:00,477.734,0.865,0.86,0.87,0.135,0.13,0.14,1714.43,656.83,656.83,724.43,0.85,1675.19,0.88,5.0,0.84,347.87,0.9,95.0,0.83,481.29,0.91,125.0,0.82,462.8,0.92,319.64,0.81,532.4,0.93,298.0,0.12,5.0,0.15,1675.19,0.1,95.0,0.16,347.87,0.09,125.0,0.17,481.29,0.08,319.64,0.18,462.8,0.07,298.0,0.19,532.4
2026-01-07 11:07:58.760000+00:00,2026-01-07 11:07:56.328399+00:00,478.76,0.865,0.86,0.87,0.135,0.13,0.14,673.43,153.64,188.64,652.8,0.85,1938.59,0.88,25.0,0.84,498.87,0.89,25.0,0.83,463.19,0.9,80.0,0.82,462.8,0.91,115.0,0.81,502.4,0.92,309.64,0.12,20.0,0.15,1913.59,0.11,45.0,0.16,538.87,0.1,60.0,0.17,463.19,0.09,105.0,0.18,462.8,0.08,309.64,0.19,502.4
2026-01-07 11:07:59.774000+00:00,2026-01-07 11:07:57.346058+00:00,479.774,0.865,0.86,0.87,0.135,0.13,0.14,622.8,128.3,128.3,622.8,0.85,1858.59,0.88,110.0,0.84,468.87,0.89,115.0,0.83,463.19,0.9,165.0,0.82,462.8,0.91,90.0,0.81,502.4,0.92,151.64,0.12,110.0,0.15,1873.59,0.11,115.0,0.16,438.87,0.1,165.0,0.17,463.19,0.09,90.0,0.18,462.8,0.08,151.64,0.19,502.4
2026-01-07 11:08:00.777000+00:00,2026-01-07 11:07:58.354416+00:00,480.777,0.875,0.87,0.88,0.125,0.12,0.13,1088.7,68.0,73.0,1053.7,0.86,577.8,0.89,100.0,0.85,1813.59,0.9,185.0,0.84,398.87,0.91,100.0,0.83,493.19,0.92,161.64,0.82,427.8,0.93,747.0,0.11,130.0,0.14,549.8,0.1,155.0,0.15,1853.19,0.09,90.0,0.16,407.07,0.08,161.64,0.17,493.19,0.07,737.0,0.18,427.8
2026-01-07 11:08:01.729000+00:00,2026-01-07 11:07:59.364234+00:00,481.729,0.885,0.88,0.89,0.11499999999999999,0.11,0.12,105.0,15.0,13.6,105.0,0.87,1091.7,0.9,165.0,0.86,579.8,0.91,125.0,0.85,1773.19,0.92,166.64,0.84,507.07,0.93,757.0,0.83,428.19,0.94,302.2,0.1,165.0,0.13,1078.7,0.09,125.0,0.14,579.8,0.08,166.64,0.15,1773.19,0.07,757.0,0.16,507.07,0.06,302.2,0.17,428.19
2026-01-07 11:08:02.806000+00:00,2026-01-07 11:08:00.386384+00:00,482.806,0.885,0.88,0.89,0.11499999999999999,0.11,0.12,48.0,43.0,37.38,48.0,0.87,1048.7,0.9,173.54,0.86,589.8,0.91,90.0,0.85,1884.99,0.92,156.64,0.84,498.87,0.93,747.0,0.83,503.19,0.94,302.2,0.1,173.54,0.13,1058.7,0.09,100.0,0.14,589.8,0.08,166.64,0.15,1884.99,0.07,747.0,0.16,498.87,0.06,302.2,0.17,503.19
2026-01-07 11:08:03.833000+00:00,2026-01-07 11:08:01.408874+00:00,483.833,0.875,0.87,0.88,0.125,0.12,0.13,1108.7,8.95,8.95,1108.7,0.86,175.8,0.9,138.54,0.85,1854.99,0.91,110.0,0.84,498.87,0.92,111.64,0.83,538.19,0.93,712.0,0.82,502.8,0.94,267.2,0.11,35.0,0.14,175.8,0.1,148.54,0.15,1854.99,0.09,145.0,0.16,498.87,0.08,146.64,0.17,538.19,0.07,747.0,0.18,502.8
2026-01-07 11:08:04.845000+00:00,2026-01-07 11:08:02.417795+00:00,484.845,0.88,0.87,0.89,0.12,0.11,0.13,1101.02,60.0,50.0,1101.02,0.86,185.8,0.9,138.54,0.85,1854.99,0.91,135.0,0.84,498.87,0.92,136.64,0.83,538.19,0.93,747.0,0.82,502.8,0.94,267.2,0.1,128.54,0.14,175.8,0.09,145.0,0.15,1854.99,0.08,146.64,0.16,498.87,0.07,757.0,0.17,538.19,0.06,267.2,0.18,502.8
2026-01-07 11:08:05.817000+00:00,2026-01-07 11:08:03.424783+00:00,485.817,0.875,0.87,0.88,0.125,0.12,0.13,1370.02,42.43,39.39,1395.02,0.86,175.8,0.89,48.0,0.85,1823.19,0.9,168.54,0.84,443.87,0.91,135.0,0.83,568.19,0.92,146.64,0.82,537.8,0.93,253.0,0.11,48.0,0.14,175.8,0.1,168.54,0.15,1823.19,0.09,135.0,0.16,443.87,0.08,146.64,0.17,568.19,0.07,253.0,0.18,537.8
2026-01-07 11:08:06.862000+00:00,2026-01-07 11:08:04.432552+00:00,486.862,0.875,0.87,0.88,0.12,0.11,0.13,1390.02,28.0,50.0,1360.02,0.86,145.8,0.89,25.0,0.85,1778.19,0.9,53.54,0.84,433.87,0.91,145.0,0.83,568.19,0.92,319.64,0.82,537.8,0.93,263.0,0.1,63.54,0.14,174.7,0.09,145.0,0.15,1808.19,0.08,768.64,0.16,493.87,0.07,263.0,0.17,538.19,0.06,267.2,0.18,537.8
2026-01-07 11:08:07.844000+00:00,2026-01-07 11:08:05.422076+00:00,487.844,0.875,0.87,0.88,0.125,0.12,0.13,871.02,95.0,95.0,871.02,0.85,1949.0,0.89,10.0,0.84,371.38,0.9,68.54,0.83,523.19,0.91,247.0,0.82,587.8,0.92,319.64,0.81,537.4,0.93,401.0,0.11,80.0,0.15,2071.43,0.1,128.54,0.16,294.38,0.09,247.0,0.17,408.19,0.08,319.64,0.18,567.8,0.07,401.0,0.19,537.4
2026-01-07 11:08:08.851000+00:00,2026-01-07 11:08:06.426079+00:00,488.851,0.875,0.87,0.88,0.125,0.12,0.13,757.86,58.86,53.86,757.86,0.86,128.9,0.89,100.0,0.85,2074.0,0.9,148.54,0.84,309.38,0.91,288.0,0.83,398.19,0.92,329.64,0.82,537.8,0.93,394.0,0.11,30.0,0.14,113.9,0.1,148.54,0.15,2014.0,0.09,288.0,0.16,309.38,0.08,329.64,0.17,398.19,0.07,394.0,0.18,537.8
2026-01-07 11:08:09.881000+00:00,2026-01-07 11:08:07.451218+00:00,489.881,0.88,0.87,0.89,0.11499999999999999,0.11,0.12,729.86,35.0,35.0,13.0,0.86,223.9,0.9,25.0,0.85,2024.0,0.91,597.71,0.84,379.38,0.92,288.34,0.83,563.19,0.93,359.0,0.82,537.8,0.94,368.2,0.1,25.0,0.13,729.86,0.09,597.71,0.14,223.9,0.08,288.34,0.15,2024.0,0.07,359.0,0.16,379.38,0.06,368.2,0.17,563.19
2026-01-07 11:08:10.891000+00:00,2026-01-07 11:08:08.462752+00:00,490.891,0.885,0.88,0.89,0.11499999999999999,0.11,0.12,13.0,23.0,23.0,13.0,0.87,879.86,0.9,50.0,0.86,313.9,0.91,592.71,0.85,2099.0,0.92,288.34,0.84,379.38,0.93,369.0,0.83,463.19,0.94,376.2,0.1,50.0,0.13,879.86,0.09,592.71,0.14,313.9,0.08,288.34,0.15,2099.0,0.07,396.0,0.16,379.38,0.06,376.2,0.17,463.19
2026-01-07 11:08:11.884000+00:00,2026-01-07 11:08:09.470437+00:00,491.884,0.885,0.88,0.89,0.11499999999999999,0.11,0.12,13.0,13.0,13.0,13.0,0.87,879.86,0.9,55.0,0.86,313.9,0.91,602.71,0.85,2099.0,0.92,298.34,0.84,379.38,0.93,379.0,0.83,463.19,0.94,376.2,0.1,50.0,0.13,844.86,0.09,592.71,0.14,190.0,0.08,288.34,0.15,2184.0,0.07,359.0,0.16,379.38,0.06,376.2,0.17,463.19
2026-01-07 11:08:12.850000+00:00,2026-01-07 11:08:10.476359+00:00,492.85,0.88,0.87,0.89,0.12,0.11,0.13,823.21,12.39,12.39,836.21,0.86,270.0,0.9,95.0,0.85,2184.0,0.91,602.71,0.84,379.38,0.92,298.34,0.83,463.19,0.93,406.0,0.82,532.8,0.94,376.2,0.1,95.0,0.14,240.0,0.09,602.71,0.15,2184.0,0.08,298.34,0.16,379.38,0.07,406.0,0.17,463.19,0.06,376.2,0.18,532.8
2026-01-07 11:08:13.919000+00:00,2026-01-07 11:08:11.494132+00:00,493.919,0.875,0.87,0.88,0.125,0.12,0.13,716.21,33.0,33.0,716.21,0.86,80.0,0.89,40.0,0.85,2289.0,0.9,55.0,0.84,419.38,0.91,168.71,0.83,372.19,0.92,308.34,0.82,567.8,0.93,386.0,0.11,40.0,0.14,80.0,0.1,55.0,0.15,2289.0,0.09,168.71,0.16,419.38,0.08,308.34,0.17,372.19,0.07,386.0,0.18,567.8
2026-01-07 11:08:14.937000+00:00,2026-01-07 11:08:12.512195+00:00,494.937,0.875,0.87,0.88,0.125,0.12,0.13,718.21,20.16,20.16,718.21,0.86,125.0,0.89,40.0,0.85,2229.0,0.9,35.0,0.84,449.38,0.91,178.71,0.83,342.19,0.92,298.34,0.82,567.8,0.93,406.0,0.11,40.0,0.14,125.0,0.1,35.0,0.15,2229.0,0.09,178.71,0.16,449.38,0.08,298.34,0.17,342.19,0.07,406.0,0.18,567.8
2026-01-07 11:08:15.802000+00:00,2026-01-07 11:08:13.516600+00:00,495.802,0.875,0.87,0.88,0.125,0.12,0.13,788.21,8.78,8.78,763.21,0.86,85.0,0.89,35.0,0.85,2229.0,0.9,63.29,0.84,449.38,0.91,168.71,0.83,342.19,0.92,298.34,0.82,567.8,0.93,416.0,0.11,35.0,0.14,185.0,0.1,58.29,0.15,2144.0,0.09,148.71,0.16,449.38,0.08,298.34,0.17,342.19,0.07,379.0,0.18,537.8
2026-01-07 11:08:16.946000+00:00,2026-01-07 11:08:14.521475+00:00,496.946,0.875,0.87,0.88,0.125,0.12,0.13,743.21,7.94,7.94,743.21,0.86,185.0,0.89,35.0,0.85,2144.0,0.9,58.29,0.84,449.38,0.91,153.71,0.83,342.19,0.92,298.34,0.82,567.8,0.93,406.0,0.11,35.0,0.14,170.0,0.1,58.29,0.15,2144.0,0.09,153.71,0.16,449.38,0.08,298.34,0.17,342.19,0.07,406.0,0.18,567.8
2026-01-07 11:08:17.864000+00:00,2026-01-07 11:08:15.522984+00:00,497.864,0.875,0.87,0.88,0.125,0.12,0.13,823.21,20.94,20.94,838.21,0.86,325.0,0.89,55.0,0.85,2074.0,0.9,73.29,0.84,379.38,0.91,607.71,0.83,342.19,0.92,315.34,0.82,537.8,0.93,369.0,0.11,55.0,0.14,325.0,0.1,73.29,0.15,2074.0,0.09,607.71,0.16,379.38,0.08,315.34,0.17,342.19,0.07,379.0,0.18,537.8
2026-01-07 11:08:18.945000+00:00,2026-01-07 11:08:16.527403+00:00,498.945,0.885,0.88,0.89,0.11499999999999999,0.11,0.12,992.06,55.0,68.0,992.06,0.87,843.8,0.9,73.29,0.86,305.0,0.91,607.71,0.85,2074.0,0.92,307.64,0.84,379.38,0.93,379.0,0.83,342.19,0.94,431.2,0.1,73.29,0.13,843.8,0.09,607.71,0.14,305.0,0.08,307.64,0.15,2074.0,0.07,379.0,0.16,379.38,0.06,431.2,0.17,342.19
2026-01-07 11:08:19.771000+00:00,2026-01-07 11:08:17.532853+00:00,499.771,0.885,0.88,0.89,0.11499999999999999,0.11,0.12,972.06,68.0,68.0,972.06,0.87,843.8,0.9,73.29,0.86,305.0,0.91,607.71,0.85,2104.0,0.92,307.64,0.84,379.38,0.93,379.0,0.83,342.19,0.94,431.2,0.1,63.29,0.13,813.8,0.09,607.71,0.14,305.0,0.08,307.64,0.15,2104.0,0.07,369.0,0.16,379.38,0.06,431.2,0.17,342.19
2026-01-07 11:08:20.924000+00:00,2026-01-07 11:08:18.540605+00:00,500.924,0.885,0.88,0.89,0.11499999999999999,0.11,0.12,981.06,83.0,83.0,972.06,0.87,832.8,0.9,72.29,0.86,305.0,0.91,607.71,0.85,2104.0,0.92,307.64,0.84,379.38,0.93,378.0,0.83,342.19,0.94,431.2,0.1,67.29,0.13,697.8,0.09,148.71,0.15,1625.0,0.08,297.64,0.16,314.38,0.07,368.0,0.17,372.19,0.06,421.2,0.18,537.8
2026-01-07 11:08:21.967000+00:00,2026-01-07 11:08:19.548984+00:00,501.967,0.885,0.88,0.89,0.11499999999999999,0.11,0.12,946.06,82.0,82.0,954.06,0.87,688.8,0.9,67.29,0.86,50.0,0.91,175.71,0.85,1772.0,0.92,505.34,0.84,413.18,0.93,447.0,0.83,350.89,0.94,411.2,0.1,67.29,0.13,688.8,0.09,175.71,0.14,50.0,0.08,505.34,0.15,1772.0,0.07,447.0,0.16,413.18,0.06,411.2,0.17,350.89
2026-01-07 11:08:23.965000+00:00,2026-01-07 11:08:21.581108+00:00,503.965,0.885,0.88,0.89,0.11499999999999999,0.11,0.12,768.06,58.0,58.0,774.06,0.87,724.8,0.9,87.29,0.86,54.0,0.91,153.71,0.85,1730.0,0.92,444.34,0.84,413.18,0.93,386.0,0.83,355.89,0.94,359.2,0.1,87.29,0.13,724.8,0.09,153.71,0.14,124.0,0.08,444.34,0.15,1675.0,0.07,386.0,0.16,413.18,0.06,359.2,0.17,355.89
2026-01-07 11:08:24.906000+00:00,2026-01-07 11:08:22.606023+00:00,504.906,0.885,0.88,0.89,0.11499999999999999,0.11,0.12,828.06,58.0,58.0,828.06,0.87,864.8,0.9,87.29,0.86,79.0,0.91,153.71,0.85,1745.0,0.92,444.34,0.84,343.18,0.93,386.0,0.83,355.89,0.94,359.2,0.1,87.29,0.13,864.8,0.09,153.71,0.14,79.0,0.08,444.34,0.15,1745.0,0.07,386.0,0.16,343.18,0.06,359.2,0.17,804.89
2026-01-07 11:08:26.769000+00:00,2026-01-07 11:08:24.612114+00:00,506.769,0.885,0.88,0.89,0.11499999999999999,0.11,0.12,864.12,35.3,35.3,864.12,0.87,846.8,0.9,78.29,0.86,200.0,0.91,162.71,0.85,1660.0,0.92,435.34,0.84,343.18,0.93,386.0,0.83,804.89,0.94,359.2,0.1,78.29,0.13,846.8,0.09,162.71,0.14,200.0,0.08,435.34,0.15,1660.0,0.07,386.0,0.16,343.18,0.06,359.2,0.17,804.89
2026-01-07 11:08:28.054000+00:00,2026-01-07 11:08:25.615979+00:00,508.054,0.885,0.88,0.89,0.11499999999999999,0.11,0.12,873.12,50.3,50.3,873.12,0.87,837.8,0.9,527.29,0.86,115.0,0.91,162.71,0.85,1745.0,0.92,435.34,0.84,343.18,0.93,386.0,0.83,804.89,0.94,359.2,0.1,527.29,0.13,837.8,0.09,162.71,0.14,115.0,0.08,435.34,0.15,1730.0,0.07,386.0,0.16,343.18,0.06,359.2,0.17,804.89
2026-01-07 11:08:29.069000+00:00,2026-01-07 11:08:26.638484+00:00,509.069,0.885,0.88,0.89,0.11499999999999999,0.11,0.12,860.12,35.3,35.3,871.04,0.87,837.8,0.9,507.29,0.86,235.0,0.91,182.71,0.85,1635.0,0.92,417.64,0.84,185.18,0.93,386.0,0.83,804.89,0.94,359.2,0.1,507.29,0.13,837.8,0.09,182.71,0.14,235.0,0.08,417.64,0.15,1635.0,0.07,386.0,0.16,185.18,0.06,359.2,0.17,804.89
2026-01-07 11:08:30.070000+00:00,2026-01-07 11:08:27.644140+00:00,510.07,0.885,0.88,0.89,0.11499999999999999,0.11,0.12,851.12,32.5,32.5,864.12,0.87,846.8,0.9,507.29,0.86,70.0,0.91,182.71,0.85,1660.0,0.92,390.64,0.84,155.18,0.93,378.0,0.83,834.89,0.94,359.2,0.1,507.29,0.13,881.8,0.09,182.71,0.14,110.0,0.08,390.64,0.15,1745.0,0.07,378.0,0.16,185.18,0.06,359.2,0.17,804.89
2026-01-07 11:08:31.085000+00:00,2026-01-07 11:08:28.646023+00:00,511.085,0.885,0.88,0.89,0.11499999999999999,0.11,0.12,838.3,24.62,24.62,786.3,0.87,890.8,0.9,541.29,0.86,210.0,0.91,148.71,0.85,1660.0,0.92,390.64,0.84,185.18,0.93,422.0,0.83,804.89,0.94,350.2,0.1,546.29,0.13,886.8,0.09,143.71,0.14,98.0,0.08,399.64,0.15,1745.0,0.07,404.0,0.16,155.18,0.06,359.2,0.17,825.7
2026-01-07 11:08:32.078000+00:00,2026-01-07 11:08:29.668594+00:00,512.078,0.885,0.88,0.89,0.11499999999999999,0.11,0.12,809.3,24.62,24.62,809.3,0.87,899.8,0.9,546.29,0.86,225.0,0.91,143.71,0.85,1660.0,0.92,408.34,0.84,185.18,0.93,422.0,0.83,346.7,0.94,350.2,0.1,546.29,0.13,899.8,0.09,143.71,0.14,210.0,0.08,408.34,0.15,1660.0,0.07,422.0,0.16,185.18,0.06,350.2,0.17,346.7
2026-01-07 11:08:33.073000+00:00,2026-01-07 11:08:30.674471+00:00,513.073,0.885,0.88,0.89,0.11499999999999999,0.11,0.12,801.35,39.62,39.62,801.35,0.87,899.8,0.9,546.29,0.86,125.0,0.91,264.71,0.85,1745.0,0.92,399.34,0.84,185.18,0.93,413.0,0.83,346.7,0.94,359.2,0.1,546.29,0.13,899.8,0.09,264.71,0.14,125.0,0.08,417.34,0.15,1745.0,0.07,413.0,0.16,185.18,0.06,359.2,0.17,346.7
2026-01-07 11:08:34.106000+00:00,2026-01-07 11:08:31.677783+00:00,514.106,0.885,0.88,0.89,0.11499999999999999,0.11,0.12,760.35,46.62,46.62,760.35,0.87,863.8,0.9,532.29,0.86,157.0,0.91,298.71,0.85,1745.0,0.92,417.34,0.84,170.18,0.93,426.0,0.83,338.0,0.94,341.2,0.1,532.29,0.13,863.8,0.09,314.61,0.14,157.0,0.08,417.34,0.15,1745.0,0.07,426.0,0.16,185.18,0.06,341.2,0.17,338.0
2026-01-07 11:08:35.100000+00:00,2026-01-07 11:08:32.693229+00:00,515.1,0.885,0.88,0.89,0.11499999999999999,0.11,0.12,759.66,58.62,98.62,759.66,0.87,863.8,0.9,532.29,0.86,287.0,0.91,287.61,0.85,1660.0,0.92,444.34,0.84,185.18,0.93,426.0,0.83,338.0,0.94,341.2,0.1,532.29,0.13,863.8,0.09,287.61,0.14,187.0,0.08,417.34,0.15,1745.0,0.07,426.0,0.16,185.18,0.06,341.2,0.17,338.0
2026-01-07 11:08:36.107000+00:00,2026-01-07 11:08:33.697355+00:00,516.107,0.885,0.88,0.89,0.11499999999999999,0.11,0.12,757.76,44.62,44.62,757.76,0.87,931.8,0.9,546.29,0.86,210.0,0.91,269.61,0.85,1760.0,0.92,444.34,0.84,634.18,0.93,386.0,0.83,338.0,0.94,399.2,0.1,546.29,0.13,940.8,0.09,253.71,0.14,210.0,0.08,444.34,0.15,1760.0,0.07,386.0,0.16,634.18,0.06,399.2,0.17,338.0
2026-01-07 11:08:37.063000+00:00,2026-01-07 11:08:34.704178+00:00,517.063,0.885,0.88,0.89,0.11499999999999999,0.11,0.12,467.53,33.0,33.0,466.84,0.87,993.8,0.9,532.29,0.86,125.0,0.91,320.71,0.85,1790.0,0.92,413.34,0.84,604.18,0.93,368.0,0.83,338.0,0.94,368.2,0.1,532.29,0.13,993.8,0.09,293.71,0.14,125.0,0.08,440.34,0.15,1790.0,0.07,368.0,0.16,604.18,0.06,368.2,0.17,338.0
2026-01-07 11:08:38.095000+00:00,2026-01-07 11:08:35.709417+00:00,518.095,0.885,0.88,0.89,0.11499999999999999,0.11,0.12,467.14,48.0,48.0,467.14,0.87,905.8,0.9,532.29,0.86,210.0,0.91,285.71,0.85,1790.0,0.92,408.34,0.84,604.18,0.93,377.0,0.83,338.0,0.94,359.2,0.1,532.29,0.13,890.8,0.09,285.71,0.14,210.0,0.08,408.34,0.15,1790.0,0.07,377.0,0.16,604.18,0.06,359.2,0.17,338.0
2026-01-07 11:08:39.085000+00:00,2026-01-07 11:08:36.729988+00:00,519.085,0.885,0.88,0.89,0.11499999999999999,0.11,0.12,442.13,41.0,41.0,442.13,0.87,917.8,0.9,546.29,0.86,230.0,0.91,271.71,0.85,1790.0,0.92,417.34,0.84,622.88,0.93,386.0,0.83,338.0,0.94,359.2,0.1,546.29,0.13,917.8,0.09,271.71,0.14,230.0,0.08,417.34,0.15,1790.0,0.07,386.0,0.16,622.88,0.06,359.2,0.17,338.0
2026-01-07 11:08:40.161000+00:00,2026-01-07 11:08:37.732396+00:00,520.161,0.885,0.88,0.89,0.11499999999999999,0.11,0.12,349.13,46.0,46.0,349.13,0.87,886.8,0.9,574.29,0.86,354.0,0.91,253.71,0.85,1760.0,0.92,426.34,0.84,634.18,0.93,386.0,0.83,338.0,0.94,807.2,0.1,574.29,0.13,886.8,0.09,253.71,0.14,354.0,0.08,426.34,0.15,1760.0,0.07,386.0,0.16,634.18,0.06,807.2,0.17,338.0
2026-01-07 11:08:41.110000+00:00,2026-01-07 11:08:38.740501+00:00,521.11,0.885,0.88,0.89,0.11499999999999999,0.11,0.12,347.59,13.0,13.0,347.59,0.87,922.8,0.9,574.29,0.86,318.0,0.91,253.71,0.85,1790.0,0.92,446.34,0.84,604.18,0.93,377.0,0.83,338.0,0.94,816.2,0.1,574.29,0.13,922.8,0.09,253.71,0.14,318.0,0.08,446.34,0.15,1790.0,0.07,377.0,0.16,604.18,0.06,816.2,0.17,338.0
2026-01-07 11:08:42.154000+00:00,2026-01-07 11:08:39.746383+00:00,522.154,0.885,0.88,0.89,0.11499999999999999,0.11,0.12,388.38,13.0,13.0,388.38,0.87,899.8,0.9,565.29,0.86,300.0,0.91,253.71,0.85,1790.0,0.92,437.34,0.84,604.18,0.93,377.0,0.83,338.0,0.94,825.2,0.1,565.29,0.13,899.8,0.09,253.71,0.14,300.0,0.08,446.34,0.15,1790.0,0.07,377.0,0.16,604.18,0.06,825.2,0.17,338.0
2026-01-07 11:08:43.008000+00:00,2026-01-07 11:08:40.754444+00:00,523.008,0.885,0.88,0.89,0.11499999999999999,0.11,0.12,437.04,13.0,13.0,437.04,0.87,899.8,0.9,565.29,0.86,230.0,0.91,253.71,0.85,1790.0,0.92,446.34,0.84,604.18,0.93,377.0,0.83,338.0,0.94,825.2,0.1,565.29,0.13,899.8,0.09,253.71,0.14,230.0,0.08,446.34,0.15,1790.0,0.07,377.0,0.16,604.18,0.06,825.2,0.17,338.0
2026-01-07 11:08:44.074000+00:00,2026-01-07 11:08:41.766717+00:00,524.074,0.885,0.88,0.89,0.11499999999999999,0.11,0.12,437.04,13.0,13.0,437.04,0.87,899.8,0.9,565.29,0.86,210.0,0.91,253.71,0.85,1790.0,0.92,446.34,0.84,726.18,0.93,377.0,0.83,338.0,0.94,825.2,0.1,565.29,0.13,899.8,0.09,302.71,0.14,210.0,0.08,446.34,0.15,1790.0,0.07,377.0,0.16,787.18,0.06,776.2,0.17,338.0
2026-01-07 11:08:45.138000+00:00,2026-01-07 11:08:42.774500+00:00,525.138,0.885,0.88,0.89,0.11499999999999999,0.11,0.12,437.04,38.77,38.77,437.04,0.87,899.8,0.9,537.29,0.86,230.0,0.91,253.71,0.85,1790.0,0.92,759.34,0.84,787.18,0.93,377.0,0.83,338.0,0.94,434.2,0.1,537.29,0.13,899.8,0.09,253.71,0.14,230.0,0.08,759.34,0.15,1790.0,0.07,377.0,0.16,787.18,0.06,434.2,0.17,338.0
2026-01-07 11:08:46.178000+00:00,2026-01-07 11:08:43.792535+00:00,526.178,0.885,0.88,0.89,0.11499999999999999,0.11,0.12,437.04,48.77,48.77,437.04,0.87,899.8,0.9,537.29,0.86,230.0,0.91,253.71,0.85,1790.0,0.92,759.34,0.84,787.18,0.93,377.0,0.83,338.0,0.94,434.2,0.1,537.29,0.13,899.8,0.09,253.71,0.14,230.0,0.08,739.34,0.15,1790.0,0.07,377.0,0.16,787.18,0.06,434.2,0.17,338.0
2026-01-07 11:08:47.209000+00:00,2026-01-07 11:08:44.797288+00:00,527.209,0.885,0.88,0.89,0.11499999999999999,0.11,0.12,367.04,63.77,63.77,367.04,0.87,899.8,0.9,557.29,0.86,300.0,0.91,253.71,0.85,1760.0,0.92,788.34,0.84,817.18,0.93,377.0,0.83,338.0,0.94,434.2,0.1,557.29,0.13,899.8,0.09,253.71,0.14,300.0,0.08,788.34,0.15,1760.0,0.07,377.0,0.16,817.18,0.06,434.2,0.17,338.0
2026-01-07 11:08:48.998000+00:00,2026-01-07 11:08:46.792810+00:00,528.998,0.885,0.88,0.89,0.11499999999999999,0.11,0.12,367.04,86.99,79.99,367.04,0.87,724.8,0.9,83.29,0.86,185.0,0.91,278.71,0.85,1805.0,0.92,779.34,0.84,438.18,0.93,351.0,0.83,338.0,0.94,425.2,0.1,83.29,0.13,724.8,0.09,278.71,0.14,185.0,0.08,779.34,0.15,1805.0,0.07,351.0,0.16,438.18,0.06,425.2,0.17,338.0
2026-01-07 11:08:50.143000+00:00,2026-01-07 11:08:47.798494+00:00,530.143,0.885,0.88,0.89,0.11499999999999999,0.11,0.12,367.04,70.23,70.23,367.04,0.87,724.8,0.9,83.29,0.86,235.0,0.91,278.71,0.85,1805.0,0.92,779.34,0.84,368.18,0.93,351.0,0.83,338.0,0.94,425.2,0.1,83.29,0.13,724.8,0.09,278.71,0.14,235.0,0.08,779.34,0.15,1805.0,0.07,351.0,0.16,368.18,0.06,425.2,0.17,338.0
2026-01-07 11:08:51.049000+00:00,2026-01-07 11:08:48.806176+00:00,531.049,0.885,0.88,0.89,0.11499999999999999,0.11,0.12,457.04,82.19,82.19,457.04,0.87,864.8,0.9,78.29,0.86,235.0,0.91,283.71,0.85,1765.0,0.92,779.34,0.84,338.18,0.93,342.0,0.83,338.0,0.94,425.2,0.1,78.29,0.13,864.8,0.09,283.71,0.14,235.0,0.08,779.34,0.15,1765.0,0.07,342.0,0.16,338.18,0.06,425.2,0.17,338.0
2026-01-07 11:08:52.238000+00:00,2026-01-07 11:08:49.812109+00:00,532.238,0.885,0.88,0.89,0.11499999999999999,0.11,0.12,506.04,82.19,82.19,515.04,0.87,976.8,0.9,58.29,0.86,150.0,0.91,561.71,0.85,1765.0,0.92,457.34,0.84,338.18,0.93,342.0,0.83,787.0,0.94,443.2,0.1,58.29,0.13,1011.8,0.09,561.71,0.14,125.0,0.08,457.34,0.15,1790.0,0.07,342.0,0.16,338.18,0.06,434.2,0.17,787.0
2026-01-07 11:08:53.253000+00:00,2026-01-07 11:08:50.817644+00:00,533.253,0.885,0.88,0.89,0.11499999999999999,0.11,0.12,466.04,28.0,28.0,475.04,0.87,1011.8,0.9,92.29,0.86,125.0,0.91,547.71,0.85,1790.0,0.92,457.34,0.84,338.18,0.93,377.0,0.83,787.0,0.94,443.2,0.1,92.29,0.13,1002.8,0.09,556.71,0.14,125.0,0.08,448.34,0.15,1790.0,0.07,377.0,0.16,338.18,0.06,452.2,0.17,787.0
2026-01-07 11:08:54.227000+00:00,2026-01-07 11:08:51.814605+00:00,534.227,0.885,0.88,0.89,0.11499999999999999,0.11,0.12,448.04,36.0,28.0,439.04,0.87,1029.8,0.9,92.29,0.86,125.0,0.91,556.71,0.85,1790.0,0.92,457.34,0.84,338.18,0.93,368.0,0.83,787.0,0.94,443.2,0.1,92.29,0.13,1047.8,0.09,556.71,0.14,125.0,0.08,457.34,0.15,1790.0,0.07,377.0,0.16,338.18,0.06,443.2,0.17,787.0
2026-01-07 11:08:55.180000+00:00,2026-01-07 11:08:52.821635+00:00,535.18,0.885,0.88,0.89,0.11499999999999999,0.11,0.12,439.04,28.0,28.0,439.04,0.87,1047.8,0.9,92.29,0.86,125.0,0.91,278.71,0.85,1790.0,0.92,752.64,0.84,338.18,0.93,377.0,0.83,787.0,0.94,443.2,0.1,92.29,0.13,1047.8,0.09,278.71,0.14,125.0,0.08,752.64,0.15,1790.0,0.07,377.0,0.16,338.18,0.06,443.2,0.17,787.0
2026-01-07 11:08:56.223000+00:00,2026-01-07 11:08:53.827855+00:00,536.223,0.885,0.88,0.89,0.11499999999999999,0.11,0.12,515.04,477.0,477.0,515.04,0.87,1011.8,0.9,83.29,0.86,155.0,0.91,278.71,0.85,1760.0,0.92,752.64,0.84,338.18,0.93,377.0,0.83,787.0,0.94,434.2,0.1,83.29,0.13,1011.8,0.09,278.71,0.14,155.0,0.08,752.64,0.15,1760.0,0.07,377.0,0.16,338.18,0.06,434.2,0.17,787.0
2026-01-07 11:08:57.024000+00:00,2026-01-07 11:08:54.835086+00:00,537.024,0.885,0.88,0.89,0.11499999999999999,0.11,0.12,519.04,477.0,477.0,505.04,0.87,993.8,0.9,83.29,0.86,155.0,0.91,273.71,0.85,1760.0,0.92,766.34,0.84,338.18,0.93,368.0,0.83,787.0,0.94,434.2,0.1,83.29,0.13,993.8,0.09,253.71,0.14,155.0,0.08,752.64,0.15,1760.0,0.07,368.0,0.16,338.18,0.06,425.2,0.17,787.0
2026-01-07 11:08:58.011000+00:00,2026-01-07 11:08:55.827364+00:00,538.011,0.885,0.88,0.89,0.11499999999999999,0.11,0.12,494.04,477.0,477.0,484.04,0.87,1002.8,0.9,83.29,0.86,155.0,0.91,258.71,0.85,1760.0,0.92,772.64,0.84,338.18,0.93,368.0,0.83,787.0,0.94,443.2,0.1,83.29,0.13,1002.8,0.09,258.71,0.14,155.0,0.08,772.64,0.15,1760.0,0.07,368.0,0.16,338.18,0.06,443.2,0.17,787.0
2026-01-07 11:08:59.211000+00:00,2026-01-07 11:08:56.832048+00:00,539.211,0.885,0.88,0.89,0.11499999999999999,0.11,0.12,505.04,477.0,477.0,505.04,0.87,1011.8,0.9,92.29,0.86,155.0,0.91,249.71,0.85,1760.0,0.92,781.64,0.84,338.18,0.93,368.0,0.83,787.0,0.94,452.2,0.1,92.29,0.13,1011.8,0.09,249.71,0.14,155.0,0.08,781.64,0.15,1760.0,0.07,368.0,0.16,338.18,0.06,452.2,0.17,787.0
2026-01-07 11:09:00.176000+00:00,2026-01-07 11:08:57.855667+00:00,540.176,0.885,0.88,0.89,0.11499999999999999,0.11,0.12,561.04,477.0,477.0,555.91,0.87,979.75,0.9,97.29,0.86,161.0,0.91,253.71,0.85,1760.0,0.92,808.34,0.84,338.18,0.93,368.0,0.83,787.0,0.94,434.2,0.1,97.29,0.13,979.75,0.09,253.71,0.14,161.0,0.08,808.34,0.15,1760.0,0.07,368.0,0.16,338.18,0.06,434.2,0.17,787.0
2026-01-07 11:09:01.232000+00:00,2026-01-07 11:08:58.860829+00:00,541.232,0.885,0.88,0.89,0.11499999999999999,0.11,0.12,563.91,473.96,473.96,519.91,0.87,992.75,0.9,97.29,0.86,125.0,0.91,244.71,0.85,1760.0,0.92,799.34,0.84,338.18,0.93,386.0,0.83,787.0,0.94,434.2,0.1,97.29,0.13,944.8,0.09,244.71,0.14,155.0,0.08,790.34,0.15,1760.0,0.07,377.0,0.16,338.18,0.06,434.2,0.17,787.0
2026-01-07 11:09:02.029000+00:00,2026-01-07 11:08:59.863028+00:00,542.029,0.885,0.88,0.89,0.11499999999999999,0.11,0.12,510.91,419.01,419.01,510.91,0.87,958.8,0.9,97.29,0.86,182.0,0.91,253.71,0.85,1760.0,0.92,808.34,0.84,338.18,0.93,368.0,0.83,787.0,0.94,434.2,0.1,97.29,0.13,958.8,0.09,253.71,0.14,182.0,0.08,808.34,0.15,1760.0,0.07,368.0,0.16,338.18,0.06,434.2,0.17,787.0
2026-01-07 11:09:03.136000+00:00,2026-01-07 11:09:00.867099+00:00,543.136,0.885,0.88,0.89,0.11499999999999999,0.11,0.12,433.91,701.01,701.01,433.91,0.87,1047.8,0.9,97.29,0.86,155.0,0.91,244.71,0.85,1760.0,0.92,457.34,0.84,338.18,0.93,386.0,0.83,787.0,0.94,443.2,0.1,97.29,0.13,1047.8,0.09,264.71,0.14,155.0,0.08,457.34,0.15,1760.0,0.07,386.0,0.16,338.18,0.06,443.2,0.17,787.0
2026-01-07 11:09:04.304000+00:00,2026-01-07 11:09:01.875375+00:00,544.304,0.885,0.88,0.89,0.11499999999999999,0.11,0.12,163.91,690.01,163.01,163.91,0.87,993.8,0.9,92.29,0.86,148.0,0.91,298.61,0.85,1844.0,0.92,466.34,0.84,338.18,0.93,377.0,0.83,338.0,0.94,416.2,0.1,92.29,0.13,993.8,0.09,576.61,0.14,148.0,0.08,466.34,0.15,1844.0,0.07,377.0,0.16,338.18,0.06,416.2,0.17,338.0
2026-01-07 11:09:05.378000+00:00,2026-01-07 11:09:02.880740+00:00,545.378,0.885,0.88,0.89,0.11499999999999999,0.11,0.12,172.91,163.01,163.01,172.91,0.87,973.8,0.9,97.69,0.86,213.0,0.91,298.61,0.85,1799.0,0.92,788.34,0.84,338.18,0.93,377.0,0.83,303.0,0.94,416.2,0.1,97.69,0.13,973.8,0.09,298.61,0.14,213.0,0.08,779.34,0.15,1799.0,0.07,377.0,0.16,338.18,0.06,416.2,0.17,303.0
2026-01-07 11:09:06.112000+00:00,2026-01-07 11:09:03.889650+00:00,546.112,0.885,0.88,0.89,0.11499999999999999,0.11,0.12,222.91,132.01,132.01,222.91,0.87,995.8,0.9,97.69,0.86,180.0,0.91,294.61,0.85,1760.0,0.92,457.34,0.84,338.18,0.93,734.0,0.83,303.0,0.94,434.2,0.1,97.69,0.13,995.8,0.09,294.61,0.14,180.0,0.08,457.34,0.15,1760.0,0.07,734.0,0.16,338.18,0.06,434.2,0.17,303.0
2026-01-07 11:09:07.304000+00:00,2026-01-07 11:09:04.898330+00:00,547.304,0.885,0.88,0.89,0.11499999999999999,0.11,0.12,222.91,132.01,132.01,222.91,0.87,995.8,0.9,97.69,0.86,180.0,0.91,294.61,0.85,1760.0,0.92,770.34,0.84,338.18,0.93,377.0,0.83,303.0,0.94,434.2,0.1,97.69,0.13,995.8,0.09,294.61,0.14,180.0,0.08,770.34,0.15,1760.0,0.07,377.0,0.16,338.18,0.06,434.2,0.17,303.0
2026-01-07 11:09:08.333000+00:00,2026-01-07 11:09:05.917972+00:00,548.333,0.885,0.88,0.89,0.11499999999999999,0.11,0.12,212.78,83.0,43.0,212.78,0.87,995.8,0.9,97.69,0.86,180.0,0.91,294.61,0.85,2209.0,0.92,408.34,0.84,338.18,0.93,783.0,0.83,303.0,0.94,434.2,0.1,97.69,0.13,995.8,0.09,274.61,0.14,180.0,0.08,408.34,0.15,2209.0,0.07,783.0,0.16,338.18,0.06,434.2,0.17,303.0
2026-01-07 11:09:09.354000+00:00,2026-01-07 11:09:06.925528+00:00,549.354,0.885,0.88,0.89,0.11499999999999999,0.11,0.12,57.78,64.0,64.0,57.78,0.87,723.8,0.9,653.29,0.86,251.0,0.91,565.61,0.85,2275.0,0.92,417.34,0.84,338.18,0.93,426.0,0.83,338.0,0.94,416.2,0.1,653.29,0.13,723.8,0.09,287.61,0.14,251.0,0.08,730.34,0.15,2275.0,0.07,426.0,0.16,338.18,0.06,486.2,0.17,338.0
2026-01-07 11:09:10.316000+00:00,2026-01-07 11:09:07.933236+00:00,550.316,0.885,0.88,0.89,0.11499999999999999,0.11,0.12,22.78,147.0,147.0,22.78,0.87,688.8,0.9,211.69,0.86,165.0,0.91,303.61,0.85,1819.0,0.92,417.34,0.84,501.18,0.93,373.0,0.83,338.0,0.94,416.2,0.1,211.69,0.13,688.8,0.09,581.61,0.14,115.0,0.08,417.34,0.15,1849.0,0.07,373.0,0.16,501.18,0.06,416.2,0.17,338.0
2026-01-07 11:09:11.284000+00:00,2026-01-07 11:09:08.941327+00:00,551.284,0.885,0.88,0.89,0.11499999999999999,0.11,0.12,18.67,213.73,213.73,18.67,0.87,702.8,0.9,216.69,0.86,130.0,0.91,590.61,0.85,1726.0,0.92,408.34,0.84,300.18,0.93,373.0,0.83,857.0,0.94,425.2,0.1,216.69,0.13,702.8,0.09,312.61,0.14,130.0,0.08,408.34,0.15,1735.0,0.07,373.0,0.16,291.18,0.06,425.2,0.17,857.0
2026-01-07 11:09:12.391000+00:00,2026-01-07 11:09:09.964411+00:00,552.391,0.885,0.88,0.89,0.11499999999999999,0.11,0.12,6.98,185.73,213.73,15.98,0.87,721.8,0.9,193.69,0.86,148.0,0.91,285.61,0.85,1720.0,0.92,397.34,0.84,243.18,0.93,730.0,0.83,857.0,0.94,443.2,0.1,193.69,0.13,821.8,0.09,308.61,0.14,72.0,0.08,415.34,0.15,1790.0,0.07,730.0,0.16,383.18,0.06,425.2,0.17,787.0
2026-01-07 11:09:13.362000+00:00,2026-01-07 11:09:10.971183+00:00,553.362,0.885,0.88,0.89,0.11499999999999999,0.11,0.12,10.98,221.73,246.73,80.98,0.87,720.8,0.9,198.69,0.86,157.0,0.91,303.61,0.85,1769.0,0.92,777.34,0.84,230.18,0.93,324.0,0.83,787.0,0.94,443.2,0.1,198.69,0.13,860.8,0.09,303.61,0.14,227.0,0.08,777.34,0.15,1769.0,0.07,324.0,0.16,160.18,0.06,443.2,0.17,787.0
2026-01-07 11:09:14.406000+00:00,2026-01-07 11:09:11.976793+00:00,554.406,0.875,0.87,0.88,0.125,0.12,0.13,828.8,15.0,232.0,828.8,0.86,102.0,0.89,665.03,0.85,1863.0,0.9,210.69,0.84,187.18,0.91,294.61,0.83,787.0,0.92,724.34,0.82,333.0,0.93,342.0,0.11,607.03,0.14,172.0,0.1,245.69,0.15,1863.0,0.09,294.61,0.16,187.18,0.08,724.34,0.17,787.0,0.07,342.0,0.18,333.0
2026-01-07 11:09:15.432000+00:00,2026-01-07 11:09:12.999486+00:00,555.432,0.875,0.87,0.88,0.125,0.12,0.13,835.32,232.0,234.72,695.32,0.86,172.0,0.89,598.03,0.85,1890.0,0.9,245.69,0.84,160.18,0.91,303.61,0.83,787.0,0.92,411.34,0.82,472.0,0.93,699.0,0.11,158.03,0.14,32.0,0.1,236.69,0.15,1855.0,0.09,303.61,0.16,120.18,0.08,411.34,0.17,782.0,0.07,699.0,0.18,472.0
2026-01-07 11:09:16.441000+00:00,2026-01-07 11:09:14.006482+00:00,556.441,0.855,0.85,0.86,0.14500000000000002,0.14,0.15,1619.0,30.0,30.0,1619.0,0.84,351.18,0.87,128.0,0.83,257.0,0.88,101.57,0.82,150.0,0.89,379.03,0.81,782.0,0.9,410.69,0.8,1131.27,0.91,537.61,0.13,128.0,0.16,351.18,0.12,101.57,0.17,257.0,0.11,379.03,0.18,150.0,0.1,410.69,0.19,782.0,0.09,537.61,0.2,1131.27
2026-01-07 11:09:17.325000+00:00,2026-01-07 11:09:15.022308+00:00,557.325,0.86,0.85,0.87,0.14500000000000002,0.14,0.15,1619.0,125.75,5.0,1619.0,0.84,360.18,0.88,70.57,0.83,248.0,0.89,379.03,0.82,150.0,0.9,410.69,0.81,914.0,0.91,259.61,0.8,1006.27,0.92,733.34,0.13,125.75,0.16,360.18,0.12,70.57,0.17,248.0,0.11,379.03,0.18,150.0,0.1,410.69,0.19,914.0,0.09,259.61,0.2,1006.27
2026-01-07 11:09:18.379000+00:00,2026-01-07 11:09:16.029425+00:00,558.379,0.865,0.86,0.87,0.135,0.13,0.14,11.0,64.6,64.6,11.0,0.85,1669.0,0.88,95.57,0.84,348.18,0.89,354.03,0.83,255.0,0.9,410.69,0.82,150.0,0.91,259.61,0.81,914.0,0.92,733.34,0.12,95.57,0.15,1748.0,0.11,345.03,0.16,330.18,0.1,419.69,0.17,185.0,0.09,259.61,0.18,150.0,0.08,733.34,0.19,914.0
2026-01-07 11:09:19.471000+00:00,2026-01-07 11:09:17.050728+00:00,559.471,0.865,0.86,0.87,0.135,0.13,0.14,16.0,53.45,555.14,8.14,0.85,1797.0,0.88,81.57,0.84,285.18,0.89,321.03,0.83,185.0,0.9,428.69,0.82,333.0,0.91,259.61,0.81,914.0,0.92,742.34,0.12,81.57,0.15,1797.0,0.11,321.03,0.16,285.18,0.1,428.69,0.17,185.0,0.09,259.61,0.18,333.0,0.08,742.34,0.19,914.0
2026-01-07 11:09:20.487000+00:00,2026-01-07 11:09:18.057324+00:00,560.487,0.855,0.85,0.86,0.14500000000000002,0.14,0.15,720.0,649.0,654.0,720.0,0.84,5.18,0.87,246.04,0.83,112.0,0.88,291.57,0.82,140.0,0.89,364.03,0.81,110.0,0.9,634.69,0.8,998.37,0.91,259.61,0.13,255.04,0.16,5.18,0.12,291.57,0.17,174.0,0.11,355.03,0.18,88.0,0.1,634.69,0.19,110.0,0.09,259.61,0.2,1068.37
2026-01-07 11:09:21.494000+00:00,2026-01-07 11:09:19.059352+00:00,561.494,0.855,0.85,0.86,0.14500000000000002,0.14,0.15,693.29,649.56,678.56,693.29,0.84,23.18,0.87,270.8,0.83,165.0,0.88,269.57,0.82,100.0,0.89,355.03,0.81,150.0,0.9,625.69,0.8,885.37,0.91,250.61,0.13,270.8,0.16,171.18,0.12,269.57,0.17,95.0,0.11,364.03,0.18,100.0,0.1,634.69,0.19,150.0,0.09,268.61,0.2,885.37
2026-01-07 11:09:22.504000+00:00,2026-01-07 11:09:20.067102+00:00,562.504,0.855,0.85,0.86,0.14500000000000002,0.14,0.15,783.93,453.0,453.0,839.25,0.84,109.97,0.87,131.45,0.83,85.0,0.88,105.57,0.82,150.0,0.89,332.03,0.81,465.0,0.9,380.69,0.8,998.37,0.91,268.61,0.13,131.45,0.16,249.97,0.12,105.57,0.17,155.0,0.11,332.03,0.18,150.0,0.1,380.69,0.19,465.0,0.09,268.61,0.2,998.37
2026-01-07 11:09:23.504000+00:00,2026-01-07 11:09:21.074004+00:00,563.504,0.855,0.85,0.86,0.14500000000000002,0.14,0.15,148.91,467.28,467.28,141.57,0.84,150.0,0.87,196.45,0.83,155.0,0.88,105.57,0.82,150.0,0.89,341.03,0.81,465.0,0.9,380.69,0.8,998.37,0.91,259.61,0.13,196.45,0.16,150.0,0.12,105.57,0.17,155.0,0.11,341.03,0.18,150.0,0.1,380.69,0.19,465.0,0.09,259.61,0.2,998.37
2026-01-07 11:09:24.502000+00:00,2026-01-07 11:09:22.076573+00:00,564.502,0.855,0.85,0.86,0.14500000000000002,0.14,0.15,155.55,458.28,458.28,155.55,0.84,159.0,0.87,196.45,0.83,155.0,0.88,123.57,0.82,150.0,0.89,346.03,0.81,465.0,0.9,366.69,0.8,935.09,0.91,268.61,0.13,176.45,0.16,159.0,0.12,123.57,0.17,155.0,0.11,346.03,0.18,150.0,0.1,366.69,0.19,465.0,0.09,268.61,0.2,935.09
2026-01-07 11:09:25.527000+00:00,2026-01-07 11:09:23.090307+00:00,565.527,0.855,0.85,0.86,0.14500000000000002,0.14,0.15,280.32,478.28,47.28,279.07,0.84,281.0,0.87,82.45,0.83,150.0,0.88,88.27,0.82,272.0,0.89,333.42,0.81,333.0,0.9,405.29,0.8,900.09,0.91,314.57,0.13,82.45,0.16,125.0,0.12,537.27,0.17,419.0,0.11,360.73,0.18,333.0,0.1,402.29,0.19,333.0,0.09,280.57,0.2,900.09
2026-01-07 11:09:26.510000+00:00,2026-01-07 11:09:24.091060+00:00,566.51,0.875,0.87,0.88,0.125,0.12,0.13,187.15,469.0,469.0,212.15,0.86,154.97,0.9,234.29,0.85,337.48,0.91,347.57,0.84,135.0,0.92,487.64,0.83,333.0,0.93,413.0,0.82,298.0,0.94,416.2,0.1,234.29,0.14,154.97,0.09,347.57,0.15,312.48,0.08,487.64,0.16,135.0,0.07,413.0,0.17,333.0,0.06,416.2,0.18,298.0
2026-01-07 11:09:27.515000+00:00,2026-01-07 11:09:25.093135+00:00,567.515,0.875,0.87,0.88,0.125,0.12,0.13,183.13,469.0,469.0,174.66,0.86,114.97,0.89,9.0,0.85,391.48,0.9,253.87,0.84,144.0,0.91,347.57,0.83,333.0,0.92,496.64,0.82,298.0,0.93,399.0,0.11,9.0,0.14,114.97,0.1,253.87,0.15,391.48,0.09,347.57,0.16,144.0,0.08,496.64,0.17,333.0,0.07,399.0,0.18,298.0
2026-01-07 11:09:28.522000+00:00,2026-01-07 11:09:26.093749+00:00,568.522,0.875,0.87,0.88,0.125,0.12,0.13,166.19,469.0,469.0,166.19,0.86,114.97,0.89,23.0,0.85,400.48,0.9,268.87,0.84,144.0,0.91,347.57,0.83,333.0,0.92,478.64,0.82,298.0,0.93,417.0,0.11,23.0,0.14,114.97,0.1,259.87,0.15,400.48,0.09,347.57,0.16,144.0,0.08,469.64,0.17,333.0,0.07,417.0,0.18,298.0
2026-01-07 11:09:29.521000+00:00,2026-01-07 11:09:27.116438+00:00,569.521,0.875,0.87,0.88,0.125,0.12,0.13,220.96,469.0,469.0,220.96,0.86,184.97,0.89,23.0,0.85,321.48,0.9,281.05,0.84,153.0,0.91,374.57,0.83,333.0,0.92,469.64,0.82,298.0,0.93,487.0,0.11,23.0,0.14,184.97,0.1,281.05,0.15,321.48,0.09,374.57,0.16,153.0,0.08,469.64,0.17,782.0,0.07,487.0,0.18,298.0
2026-01-07 11:09:30.548000+00:00,2026-01-07 11:09:28.122881+00:00,570.548,0.875,0.87,0.88,0.125,0.12,0.13,209.02,40.0,40.0,264.02,0.86,139.97,0.9,192.05,0.85,324.48,0.91,375.57,0.84,257.0,0.92,480.34,0.83,333.0,0.93,442.69,0.82,313.0,0.94,416.2,0.1,215.05,0.14,148.97,0.09,384.57,0.15,342.48,0.08,480.34,0.16,257.0,0.07,469.69,0.17,333.0,0.06,416.2,0.18,313.0
2026-01-07 11:09:31.551000+00:00,2026-01-07 11:09:29.131477+00:00,571.551,0.895,0.89,0.9,0.10500000000000001,0.1,0.11,135.0,94.05,94.05,135.0,0.88,90.0,0.91,189.96,0.87,259.02,0.92,507.35,0.86,173.97,0.93,449.69,0.85,342.48,0.94,416.2,0.84,283.0,0.95,863.48,0.09,189.96,0.12,105.0,0.08,542.35,0.13,244.02,0.07,459.69,0.14,173.97,0.06,451.2,0.15,342.48,0.05,863.48,0.16,283.0
2026-01-07 11:09:32.188000+00:00,2026-01-07 11:09:30.137415+00:00,572.188,0.895,0.89,0.9,0.10500000000000001,0.1,0.11,120.0,98.05,95.85,120.0,0.88,105.0,0.91,252.96,0.87,244.02,0.92,503.35,0.86,164.97,0.93,441.69,0.85,326.48,0.94,469.2,0.84,301.0,0.95,845.48,0.09,252.96,0.12,105.0,0.08,503.35,0.13,249.02,0.07,441.69,0.14,164.97,0.06,469.2,0.15,326.48,0.05,845.48,0.16,301.0
2026-01-07 11:09:33.567000+00:00,2026-01-07 11:09:31.143621+00:00,573.567,0.895,0.89,0.9,0.10500000000000001,0.1,0.11,118.75,95.85,95.85,118.75,0.88,125.0,0.91,263.56,0.87,249.02,0.92,503.35,0.86,164.97,0.93,441.69,0.85,326.48,0.94,469.2,0.84,301.0,0.95,845.48,0.09,263.56,0.12,125.0,0.08,503.35,0.13,249.02,0.07,441.69,0.14,164.97,0.06,469.2,0.15,326.48,0.05,845.48,0.16,301.0
2026-01-07 11:09:34.601000+00:00,2026-01-07 11:09:32.170953+00:00,574.601,0.895,0.89,0.9,0.10500000000000001,0.1,0.11,245.75,68.85,53.85,245.75,0.88,213.0,0.91,185.96,0.87,147.02,0.92,525.34,0.86,173.97,0.93,432.69,0.85,150.48,0.94,496.2,0.84,732.0,0.95,854.48,0.09,185.96,0.12,421.0,0.08,534.34,0.13,147.02,0.07,432.69,0.14,173.97,0.06,496.2,0.15,150.48,0.05,863.48,0.16,732.0
2026-01-07 11:09:35.571000+00:00,2026-01-07 11:09:33.175851+00:00,575.571,0.895,0.89,0.9,0.10500000000000001,0.1,0.11,265.4,72.18,47.21,265.4,0.88,204.0,0.91,64.96,0.87,339.02,0.92,534.34,0.86,173.97,0.93,432.69,0.85,150.48,0.94,496.2,0.84,732.0,0.95,863.48,0.09,64.96,0.12,204.0,0.08,549.34,0.13,339.02,0.07,459.69,0.14,173.97,0.06,469.2,0.15,150.48,0.05,863.48,0.16,732.0
2026-01-07 11:09:36.581000+00:00,2026-01-07 11:09:34.198453+00:00,576.581,0.895,0.89,0.9,0.10500000000000001,0.1,0.11,241.4,37.21,37.21,295.04,0.88,228.0,0.91,24.96,0.87,330.02,0.92,589.34,0.86,182.97,0.93,459.69,0.85,150.48,0.94,478.2,0.84,732.0,0.95,854.48,0.09,39.96,0.12,213.0,0.08,489.34,0.13,138.02,0.07,444.0,0.14,182.97,0.06,449.5,0.15,150.48,0.05,784.48,0.16,746.99
2026-01-07 11:09:37.606000+00:00,2026-01-07 11:09:35.209074+00:00,577.606,0.905,0.9,0.91,0.095,0.09,0.1,210.0,358.86,358.86,210.0,0.89,179.0,0.92,79.64,0.88,416.0,0.93,507.6,0.87,129.02,0.94,441.5,0.86,164.97,0.95,836.48,0.85,298.48,0.96,640.7,0.08,79.64,0.11,179.0,0.07,507.6,0.12,416.0,0.06,441.5,0.13,129.02,0.05,836.48,0.14,164.97,0.04,640.7,0.15,298.48
2026-01-07 11:09:38.534000+00:00,2026-01-07 11:09:36.232992+00:00,578.534,0.915,0.91,0.92,0.08499999999999999,0.08,0.09,130.0,84.64,84.64,120.0,0.9,97.0,0.93,804.6,0.89,283.0,0.94,478.2,0.88,416.0,0.95,803.17,0.87,587.02,0.96,596.7,0.86,312.97,0.97,709.1,0.07,804.6,0.1,97.0,0.06,478.2,0.11,283.0,0.05,803.17,0.12,416.0,0.04,596.7,0.13,587.02,0.03,709.1,0.14,312.97
2026-01-07 11:09:39.611000+00:00,2026-01-07 11:09:37.239936+00:00,579.611,0.915,0.91,0.92,0.07500000000000001,0.07,0.08,236.0,29.55,469.0,90.0,0.9,173.0,0.93,469.0,0.89,184.0,0.94,480.2,0.88,648.0,0.95,828.17,0.87,139.02,0.96,579.7,0.86,312.97,0.97,683.1,0.06,480.2,0.09,216.0,0.05,819.48,0.1,133.0,0.04,586.0,0.11,184.0,0.03,683.1,0.12,634.0,0.02,834.09,0.13,104.02
2026-01-07 11:09:40.559000+00:00,2026-01-07 11:09:38.241336+00:00,580.559,0.925,0.92,0.93,0.07500000000000001,0.07,0.08,211.0,464.0,457.92,211.0,0.91,179.0,0.94,423.2,0.9,173.0,0.95,890.08,0.89,164.0,0.96,560.0,0.88,634.0,0.97,665.1,0.87,104.02,0.98,834.09,0.06,423.2,0.09,179.0,0.05,890.08,0.1,173.0,0.04,560.0,0.11,164.0,0.03,665.1,0.12,634.0,0.02,834.09,0.13,104.02
2026-01-07 11:09:41.628000+00:00,2026-01-07 11:09:39.246236+00:00,581.628,0.925,0.92,0.93,0.07500000000000001,0.07,0.08,246.0,428.64,428.64,205.0,0.91,179.0,0.94,302.2,0.9,173.0,0.95,806.08,0.89,164.0,0.96,586.0,0.88,634.0,0.97,665.1,0.87,104.02,0.98,816.09,0.06,315.2,0.09,202.0,0.05,797.08,0.1,173.0,0.04,586.0,0.11,164.0,0.03,683.1,0.12,634.0,0.02,816.09,0.13,104.02
2026-01-07 11:09:42.576000+00:00,2026-01-07 11:09:40.248869+00:00,582.576,0.925,0.92,0.93,0.07500000000000001,0.07,0.08,374.0,432.56,432.56,374.0,0.91,211.0,0.94,310.0,0.9,173.0,0.95,788.08,0.89,168.0,0.96,595.0,0.88,634.0,0.97,773.78,0.87,104.02,0.98,834.09,0.06,310.0,0.09,211.0,0.05,788.08,0.1,173.0,0.04,595.0,0.11,168.0,0.03,773.78,0.12,634.0,0.02,834.09,0.13,104.02
2026-01-07 11:09:43.545000+00:00,2026-01-07 11:09:41.268266+00:00,583.545,0.925,0.92,0.93,0.065,0.05,0.08,488.0,429.52,9.33,473.0,0.91,211.0,0.94,310.0,0.9,173.0,0.95,788.08,0.89,168.0,0.96,644.0,0.88,634.0,0.97,843.78,0.87,104.02,0.98,834.09,0.04,644.0,0.09,211.0,0.03,843.78,0.1,173.0,0.02,834.09,0.11,168.0,0.01,3566.31,0.12,634.0,,,0.13,104.02
2026-01-07 11:09:44.690000+00:00,2026-01-07 11:09:42.274264+00:00,584.69,0.935,0.93,0.94,0.065,0.06,0.07,49.0,47.56,47.56,49.0,0.92,626.0,0.95,5.0,0.91,195.0,0.96,660.0,0.9,155.0,0.97,800.78,0.89,150.0,0.98,843.09,0.88,599.0,0.99,3575.31,0.05,5.0,0.08,626.0,0.04,660.0,0.09,195.0,0.03,800.78,0.1,155.0,0.02,843.09,0.11,150.0,0.01,3575.31,0.12,599.0
2026-01-07 11:09:45.691000+00:00,2026-01-07 11:09:43.284097+00:00,585.691,0.935,0.93,0.94,0.065,0.06,0.07,54.99,48.48,48.48,54.99,0.92,631.0,0.95,10.0,0.91,195.0,0.96,660.0,0.9,150.0,0.97,800.78,0.89,150.0,0.98,843.09,0.88,599.0,0.99,3575.31,0.05,10.0,0.08,631.0,0.04,660.0,0.09,195.0,0.03,800.78,0.1,150.0,0.02,843.09,0.11,150.0,0.01,3575.31,0.12,599.0
2026-01-07 11:09:46.724000+00:00,2026-01-07 11:09:44.305490+00:00,586.724,0.945,0.94,0.95,0.055,0.05,0.06,451.52,5.0,0.87,451.52,0.93,81.99,0.96,657.0,0.92,579.0,0.97,756.78,0.91,215.0,0.98,825.09,0.9,160.0,0.99,3593.31,0.89,150.0,,,0.04,657.0,0.07,81.99,0.03,756.78,0.08,579.0,0.02,825.09,0.09,215.0,0.01,3593.31,0.1,160.0,,,0.11,150.0
2026-01-07 11:09:47.751000+00:00,2026-01-07 11:09:45.315752+00:00,587.751,0.955,0.95,0.96,0.045,0.04,0.05,103.0,344.47,344.47,59.0,0.94,652.25,0.97,760.47,0.93,179.96,0.98,874.09,0.92,513.0,0.99,3768.31,0.91,649.0,,,0.9,125.0,,,0.03,760.47,0.06,677.25,0.02,849.09,0.07,144.96,0.01,3758.31,0.08,513.0,,,0.09,649.0,,,0.1,125.0
2026-01-07 11:09:48.756000+00:00,2026-01-07 11:09:46.319926+00:00,588.756,0.955,0.95,0.96,0.045,0.04,0.05,60.55,717.51,717.51,60.55,0.94,646.25,0.97,778.78,0.93,179.97,0.98,842.39,0.92,498.0,0.99,3802.31,0.91,649.0,,,0.9,139.4,,,0.03,778.78,0.06,646.25,0.02,842.39,0.07,179.97,0.01,3802.31,0.08,498.0,,,0.09,649.0,,,0.1,139.4
2026-01-07 11:09:49.560000+00:00,2026-01-07 11:09:47.341211+00:00,589.56,0.955,0.95,0.96,0.045,0.04,0.05,145.55,659.33,659.33,130.55,0.94,661.25,0.97,783.78,0.93,199.97,0.98,837.39,0.92,498.0,0.99,3802.31,0.91,649.9,,,0.9,139.4,,,0.03,783.78,0.06,661.25,0.02,855.39,0.07,199.97,0.01,3784.31,0.08,498.0,,,0.09,649.9,,,0.1,139.4
2026-01-07 11:09:50.747000+00:00,2026-01-07 11:09:48.345367+00:00,590.747,0.955,0.95,0.96,0.045,0.04,0.05,103.55,504.47,500.38,103.55,0.94,675.25,0.97,796.78,0.93,226.97,0.98,837.39,0.92,498.0,0.99,3802.31,0.91,634.0,,,0.9,139.4,,,0.03,796.78,0.06,675.25,0.02,837.39,0.07,226.97,0.01,3802.31,0.08,498.0,,,0.09,634.0,,,0.1,139.4
2026-01-07 11:09:51.572000+00:00,2026-01-07 11:09:49.365711+00:00,591.572,0.955,0.95,0.96,0.045,0.04,0.05,108.55,496.29,496.29,108.55,0.94,675.25,0.97,796.78,0.93,226.97,0.98,837.39,0.92,507.0,0.99,3811.31,0.91,649.9,,,0.9,139.4,,,0.03,796.78,0.06,675.25,0.02,837.39,0.07,226.97,0.01,3811.31,0.08,507.0,,,0.09,649.9,,,0.1,139.4
2026-01-07 11:09:52.709000+00:00,2026-01-07 11:09:50.373797+00:00,592.709,0.955,0.95,0.96,0.045,0.04,0.05,103.55,496.29,496.29,75.99,0.94,684.25,0.97,675.78,0.93,236.97,0.98,837.39,0.92,507.0,0.99,3811.31,0.91,649.9,,,0.9,139.4,,,0.03,675.78,0.06,709.25,0.02,837.39,0.07,211.97,0.01,3811.31,0.08,507.0,,,0.09,649.9,,,0.1,174.4
2026-01-07 11:09:53.331000+00:00,2026-01-07 11:09:51.378666+00:00,593.331,0.955,0.95,0.96,0.045,0.04,0.05,55.99,496.29,496.29,38.49,0.94,709.25,0.97,675.78,0.93,211.97,0.98,837.39,0.92,507.0,0.99,3811.31,0.91,649.9,,,0.9,174.4,,,0.03,675.78,0.06,709.25,0.02,837.39,0.07,211.97,0.01,3811.31,0.08,507.0,,,0.09,649.9,,,0.1,174.4
2026-01-07 11:09:54.566000+00:00,2026-01-07 11:09:52.385649+00:00,594.566,0.95,0.94,0.96,0.05,0.04,0.06,709.25,496.29,496.29,709.25,0.93,211.97,0.97,675.78,0.92,507.0,0.98,837.39,0.91,649.9,0.99,3811.31,0.9,174.4,,,0.89,311.3,,,0.03,675.78,0.07,211.97,0.02,837.39,0.08,507.0,0.01,3829.31,0.09,200.9,,,0.1,174.4,,,0.11,311.3
2026-01-07 11:09:55.642000+00:00,2026-01-07 11:09:53.393350+00:00,595.642,0.95,0.94,0.96,0.05,0.04,0.06,708.11,496.29,496.29,723.11,0.93,191.97,0.97,675.78,0.92,507.0,0.98,837.39,0.91,200.9,0.99,3829.31,0.9,174.4,,,0.89,311.3,,,0.03,675.78,0.07,196.97,0.02,837.39,0.08,507.0,0.01,3829.31,0.09,200.9,,,0.1,174.4,,,0.11,311.3
2026-01-07 11:09:56.671000+00:00,2026-01-07 11:09:54.400531+00:00,596.671,0.955,0.95,0.96,0.045,0.04,0.05,33.86,495.0,495.0,33.86,0.94,702.96,0.97,675.78,0.93,221.97,0.98,837.39,0.92,507.0,0.99,3829.31,0.91,200.9,,,0.9,139.4,,,0.03,675.78,0.06,707.96,0.02,837.39,0.07,216.97,0.01,3829.31,0.08,507.0,,,0.09,200.9,,,0.1,139.4
2026-01-07 11:09:57.769000+00:00,2026-01-07 11:09:55.390693+00:00,597.769,0.955,0.95,0.96,0.045,0.04,0.05,32.71,495.0,495.0,32.71,0.94,707.96,0.97,690.78,0.93,216.97,0.98,837.39,0.92,514.29,0.99,3829.31,0.91,200.9,,,0.9,139.4,,,0.03,690.78,0.06,707.96,0.02,837.39,0.07,216.97,0.01,3829.31,0.08,514.29,,,0.09,200.9,,,0.1,139.4
2026-01-07 11:09:58.858000+00:00,2026-01-07 11:09:56.394376+00:00,598.858,0.955,0.95,0.96,0.045,0.04,0.05,140.0,466.0,461.0,140.0,0.94,677.96,0.97,690.78,0.93,191.97,0.98,837.39,0.92,514.29,0.99,3802.31,0.91,200.9,,,0.9,174.4,,,0.03,681.78,0.06,677.96,0.02,846.39,0.07,191.97,0.01,3802.31,0.08,963.29,,,0.09,200.9,,,0.1,174.4
2026-01-07 11:09:59.643000+00:00,2026-01-07 11:09:57.402424+00:00,599.643,0.955,0.95,0.96,0.045,0.04,0.05,122.4,556.0,556.0,122.4,0.94,671.97,0.97,710.37,0.93,191.97,0.98,846.39,0.92,963.29,0.99,3802.31,0.91,200.9,,,0.9,174.4,,,0.03,710.37,0.06,671.97,0.02,846.39,0.07,191.97,0.01,3802.31,0.08,963.29,,,0.09,200.9,,,0.1,174.4
2026-01-07 11:10:00.675000+00:00,2026-01-07 11:09:58.407519+00:00,600.675,0.955,0.95,0.96,0.045,0.04,0.05,206.4,554.95,554.95,206.4,0.94,664.97,0.97,540.67,0.93,174.97,0.98,865.09,0.92,980.99,0.99,3786.0,0.91,200.9,,,0.9,139.4,,,0.03,540.67,0.06,644.97,0.02,865.09,0.07,174.97,0.01,3786.0,0.08,980.99,,,0.09,200.9,,,0.1,139.4
2026-01-07 11:10:01.820000+00:00,2026-01-07 11:09:59.413635+00:00,601.82,0.955,0.95,0.96,0.045,0.04,0.05,207.4,273.02,273.02,199.37,0.94,621.97,0.97,532.17,0.93,221.97,0.98,821.09,0.92,531.99,0.99,3711.0,0.91,200.9,,,0.9,322.4,,,0.03,532.17,0.06,606.97,0.02,827.39,0.07,236.97,0.01,3702.31,0.08,531.99,,,0.09,200.9,,,0.1,322.4
2026-01-07 11:10:02.854000+00:00,2026-01-07 11:10:00.434997+00:00,602.854,0.955,0.95,0.96,0.045,0.04,0.05,153.38,42.39,41.34,262.06,0.94,653.83,0.97,522.17,0.93,201.97,0.98,827.39,0.92,431.99,0.99,3697.31,0.91,165.9,,,0.9,322.4,,,0.03,522.17,0.06,633.83,0.02,821.09,0.07,186.97,0.01,3706.0,0.08,431.99,,,0.09,165.9,,,0.1,322.4
2026-01-07 11:10:03.877000+00:00,2026-01-07 11:10:01.439486+00:00,603.877,0.96,0.95,0.97,0.04,0.03,0.05,257.06,518.2,468.7,257.06,0.94,633.83,0.98,821.09,0.93,186.97,0.99,3706.0,0.92,396.99,,,0.91,165.9,,,0.9,322.4,,,0.02,827.39,0.06,618.83,0.01,3697.31,0.07,201.97,,,0.08,396.99,,,0.09,165.9,,,0.1,322.4
2026-01-07 11:10:04.874000+00:00,2026-01-07 11:10:02.441290+00:00,604.874,0.955,0.95,0.96,0.045,0.04,0.05,173.68,6.42,206.42,158.68,0.94,601.97,0.97,480.06,0.93,201.97,0.98,842.39,0.92,431.99,0.99,3697.31,0.91,200.9,,,0.9,322.4,,,0.03,449.75,0.06,1009.97,0.02,897.09,0.07,194.97,0.01,3679.31,0.08,453.99,,,0.09,200.9,,,0.1,357.4
2026-01-07 11:10:05.879000+00:00,2026-01-07 11:10:03.446573+00:00,605.879,0.955,0.95,0.96,0.045,0.04,0.05,158.68,36.37,495.37,138.68,0.94,1009.97,0.97,495.06,0.93,154.97,0.98,898.39,0.92,428.99,0.99,3679.31,0.91,227.9,,,0.9,357.4,,,0.03,485.75,0.06,935.83,0.02,865.09,0.07,270.97,0.01,3706.31,0.08,421.99,,,0.09,180.9,,,0.1,366.4
2026-01-07 11:10:06.775000+00:00,2026-01-07 11:10:04.439605+00:00,606.775,0.955,0.95,0.96,0.045,0.04,0.05,193.68,438.89,443.89,193.68,0.94,1019.97,0.97,585.45,0.93,224.97,0.98,849.09,0.92,438.29,0.99,3706.31,0.91,189.9,,,0.9,322.4,,,0.03,585.45,0.06,1019.97,0.02,849.09,0.07,224.97,0.01,3706.31,0.08,438.29,,,0.09,180.9,,,0.1,322.4
2026-01-07 11:10:07.881000+00:00,2026-01-07 11:10:05.461756+00:00,607.881,0.955,0.95,0.96,0.045,0.04,0.05,158.68,489.13,494.13,158.68,0.94,477.83,0.97,585.76,0.93,174.97,0.98,874.09,0.92,362.29,0.99,3671.31,0.91,534.0,,,0.9,357.4,,,0.03,560.76,0.06,477.83,0.02,874.09,0.07,174.97,0.01,3671.31,0.08,362.29,,,0.09,534.0,,,0.1,174.4
2026-01-07 11:10:08.896000+00:00,2026-01-07 11:10:06.468520+00:00,608.896,0.945,0.94,0.95,0.055,0.05,0.06,482.83,97.32,117.32,482.83,0.93,178.97,0.96,453.03,0.92,368.29,0.97,594.45,0.91,669.0,0.98,839.09,0.9,174.4,0.99,3671.31,0.89,346.3,,,0.04,459.33,0.07,178.97,0.03,585.76,0.08,353.29,0.02,839.09,0.09,684.0,0.01,3671.31,0.1,174.4,,,0.11,346.3
2026-01-07 11:10:09.787000+00:00,2026-01-07 11:10:07.475050+00:00,609.787,0.945,0.94,0.95,0.055,0.05,0.06,482.83,154.28,154.28,482.83,0.93,187.97,0.96,58.09,0.92,344.29,0.97,491.08,0.91,604.0,0.98,839.09,0.9,174.4,0.99,3671.31,0.89,346.3,,,0.04,58.09,0.07,187.97,0.03,491.08,0.08,344.29,0.02,839.09,0.09,604.0,0.01,3671.31,0.1,174.4,,,0.11,346.3
2026-01-07 11:10:10.899000+00:00,2026-01-07 11:10:08.496158+00:00,610.899,0.945,0.94,0.95,0.055,0.05,0.06,451.83,443.86,466.0,388.98,0.93,45.0,0.96,119.69,0.92,345.29,0.97,649.08,0.91,724.97,0.98,830.09,0.9,202.0,0.99,3644.31,0.89,342.0,,,0.04,119.69,0.07,45.0,0.03,649.08,0.08,345.29,0.02,830.09,0.09,724.97,0.01,3676.41,0.1,202.0,,,0.11,342.0
2026-01-07 11:10:11.558000+00:00,2026-01-07 11:10:09.504430+00:00,611.558,0.945,0.94,0.95,0.055,0.05,0.06,388.98,475.0,475.0,388.98,0.93,45.0,0.96,101.69,0.92,499.43,0.97,640.08,0.91,641.0,0.98,848.09,0.9,184.0,0.99,3685.41,0.89,333.0,,,0.04,101.69,0.07,45.0,0.03,640.08,0.08,499.43,0.02,848.09,0.09,641.0,0.01,3685.41,0.1,184.0,,,0.11,333.0
2026-01-07 11:10:12.926000+00:00,2026-01-07 11:10:10.523896+00:00,612.926,0.945,0.94,0.95,0.055,0.05,0.06,519.98,438.04,461.73,491.98,0.93,161.0,0.96,101.69,0.92,457.43,0.97,640.08,0.91,614.0,0.98,830.09,0.9,175.0,0.99,3694.41,0.89,333.0,,,0.04,110.69,0.07,166.0,0.03,626.08,0.08,475.43,0.02,830.09,0.09,614.0,0.01,3703.41,0.1,175.0,,,0.11,333.0
2026-01-07 11:10:13.953000+00:00,2026-01-07 11:10:11.524335+00:00,613.953,0.945,0.94,0.95,0.055,0.05,0.06,562.98,438.04,458.04,562.98,0.93,156.0,0.96,125.99,0.92,484.43,0.97,622.08,0.91,629.0,0.98,839.09,0.9,160.0,0.99,3712.41,0.89,333.0,,,0.04,116.99,0.07,156.0,0.03,596.08,0.08,475.43,0.02,830.09,0.09,629.0,0.01,3712.41,0.1,160.0,,,0.11,333.0
2026-01-07 11:10:14.959000+00:00,2026-01-07 11:10:12.544983+00:00,614.959,0.945,0.94,0.95,0.055,0.05,0.06,560.31,447.51,447.51,560.31,0.93,160.0,0.96,116.99,0.92,466.43,0.97,626.08,0.91,629.0,0.98,830.09,0.9,160.0,0.99,3712.41,0.89,333.0,,,0.04,107.99,0.07,274.97,0.03,635.08,0.08,389.29,0.02,835.09,0.09,629.0,0.01,3694.41,0.1,160.0,,,0.11,333.0
2026-01-07 11:10:15.526000+00:00,2026-01-07 11:10:13.552588+00:00,615.526,0.945,0.94,0.95,0.055,0.05,0.06,577.31,447.51,447.51,577.31,0.93,265.97,0.96,107.99,0.92,380.29,0.97,635.08,0.91,649.0,0.98,826.09,0.9,160.0,0.99,3703.41,0.89,333.0,,,0.04,107.99,0.07,265.97,0.03,635.08,0.08,380.29,0.02,826.09,0.09,649.0,0.01,3703.41,0.1,160.0,,,0.11,333.0
2026-01-07 11:10:16.707000+00:00,2026-01-07 11:10:14.575652+00:00,616.707,0.945,0.94,0.95,0.055,0.05,0.06,577.31,415.92,415.92,577.31,0.93,265.97,0.96,107.99,0.92,380.29,0.97,635.08,0.91,649.0,0.98,826.09,0.9,160.0,0.99,3703.41,0.89,333.0,,,0.04,107.99,0.07,265.97,0.03,635.08,0.08,380.29,0.02,826.09,0.09,649.0,0.01,3703.41,0.1,160.0,,,0.11,333.0
2026-01-07 11:10:17.970000+00:00,2026-01-07 11:10:15.578860+00:00,617.97,0.945,0.94,0.95,0.055,0.05,0.06,536.31,439.92,430.92,536.31,0.93,252.97,0.96,116.99,0.92,416.29,0.97,631.08,0.91,667.0,0.98,839.09,0.9,160.0,0.99,3703.41,0.89,333.0,,,0.04,125.99,0.07,252.97,0.03,622.08,0.08,416.29,0.02,839.09,0.09,667.0,0.01,3712.41,0.1,160.0,,,0.11,333.0
2026-01-07 11:10:18.996000+00:00,2026-01-07 11:10:16.587733+00:00,618.996,0.945,0.94,0.95,0.055,0.05,0.06,541.31,382.51,382.51,556.31,0.93,283.97,0.96,119.69,0.92,413.29,0.97,630.77,0.91,634.0,0.98,839.09,0.9,160.0,0.99,3722.93,0.89,333.0,,,0.04,110.69,0.07,274.97,0.03,630.77,0.08,413.29,0.02,839.09,0.09,634.0,0.01,3713.93,0.1,160.0,,,0.11,333.0
2026-01-07 11:10:19.959000+00:00,2026-01-07 11:10:17.592916+00:00,619.959,0.945,0.94,0.95,0.055,0.05,0.06,550.31,374.32,374.32,550.31,0.93,274.97,0.96,101.69,0.92,413.29,0.97,643.77,0.91,634.0,0.98,826.09,0.9,160.0,0.99,3713.93,0.89,333.0,,,0.04,101.69,0.07,284.97,0.03,643.77,0.08,413.29,0.02,826.09,0.09,634.0,0.01,3722.93,0.1,160.0,,,0.11,333.0
2026-01-07 11:10:20.955000+00:00,2026-01-07 11:10:18.596634+00:00,620.955,0.945,0.94,0.95,0.055,0.05,0.06,550.31,162.73,162.73,550.31,0.93,284.97,0.96,101.69,0.92,433.29,0.97,643.77,0.91,614.0,0.98,826.09,0.9,160.0,0.99,3731.93,0.89,333.0,,,0.04,101.69,0.07,284.97,0.03,617.77,0.08,433.29,0.02,826.09,0.09,614.0,0.01,3731.93,0.1,160.0,,,0.11,333.0
2026-01-07 11:10:21.988000+00:00,2026-01-07 11:10:19.603293+00:00,621.988,0.945,0.94,0.95,0.055,0.05,0.06,565.64,43.7,43.7,664.64,0.93,266.97,0.96,101.69,0.92,424.29,0.97,643.77,0.91,614.0,0.98,826.09,0.9,160.0,0.99,3731.93,0.89,333.0,,,0.04,101.69,0.07,266.97,0.03,643.77,0.08,424.29,0.02,826.09,0.09,614.0,0.01,3731.93,0.1,160.0,,,0.11,333.0
2026-01-07 11:10:22.911000+00:00,2026-01-07 11:10:20.611427+00:00,622.911,0.945,0.94,0.95,0.055,0.05,0.06,820.78,447.08,421.08,805.78,0.93,183.97,0.96,66.69,0.92,874.29,0.97,572.08,0.91,165.0,0.98,855.39,0.9,160.0,0.99,3691.93,0.89,311.3,,,0.04,66.69,0.07,183.97,0.03,572.08,0.08,874.29,0.02,855.39,0.09,165.0,0.01,3691.93,0.1,160.0,,,0.11,311.3
2026-01-07 11:10:24.010000+00:00,2026-01-07 11:10:21.614219+00:00,624.01,0.945,0.94,0.95,0.055,0.05,0.06,740.11,421.08,421.08,740.11,0.93,174.97,0.96,66.69,0.92,874.29,0.97,572.08,0.91,165.0,0.98,837.39,0.9,160.0,0.99,3704.93,0.89,311.3,,,0.04,75.69,0.07,228.97,0.03,581.08,0.08,892.29,0.02,842.39,0.09,165.0,0.01,3713.93,0.1,160.0,,,0.11,311.3
2026-01-07 11:10:25.906000+00:00,2026-01-07 11:10:23.640123+00:00,625.906,0.945,0.94,0.95,0.055,0.05,0.06,685.11,406.44,406.44,685.11,0.93,209.97,0.96,75.69,0.92,898.29,0.97,664.77,0.91,183.0,0.98,888.08,0.9,160.0,0.99,3714.79,0.89,346.3,,,0.04,75.69,0.07,209.97,0.03,664.77,0.08,898.29,0.02,888.08,0.09,183.0,0.01,3714.79,0.1,160.0,,,0.11,346.3
2026-01-07 11:10:26.981000+00:00,2026-01-07 11:10:24.647068+00:00,626.981,0.945,0.94,0.95,0.055,0.05,0.06,700.11,80.69,80.69,700.11,0.93,258.97,0.96,75.69,0.92,394.29,0.97,650.77,0.91,165.0,0.98,875.08,0.9,125.0,0.99,3714.79,0.89,311.3,,,0.04,75.69,0.07,258.97,0.03,650.77,0.08,394.29,0.02,875.08,0.09,165.0,0.01,3714.79,0.1,125.0,,,0.11,311.3
2026-01-07 11:10:28.001000+00:00,2026-01-07 11:10:25.654943+00:00,628.001,0.945,0.94,0.95,0.055,0.05,0.06,675.11,105.69,105.69,675.11,0.93,258.97,0.96,75.69,0.92,403.29,0.97,624.77,0.91,165.0,0.98,865.08,0.9,125.0,0.99,3723.79,0.89,311.3,,,0.04,75.69,0.07,258.97,0.03,624.77,0.08,403.29,0.02,865.08,0.09,165.0,0.01,3723.79,0.1,125.0,,,0.11,311.3
2026-01-07 11:10:29.070000+00:00,2026-01-07 11:10:26.678991+00:00,629.07,0.945,0.94,0.95,0.055,0.05,0.06,606.97,87.98,97.98,606.97,0.93,313.97,0.96,119.69,0.92,404.29,0.97,630.77,0.91,174.0,0.98,904.08,0.9,160.0,0.99,3723.79,0.89,346.3,,,0.04,119.69,0.07,313.97,0.03,630.77,0.08,404.29,0.02,904.08,0.09,174.0,0.01,3737.79,0.1,160.0,,,0.11,346.3
2026-01-07 11:10:30.121000+00:00,2026-01-07 11:10:27.691293+00:00,630.121,0.945,0.94,0.95,0.055,0.05,0.06,541.97,134.43,134.43,541.97,0.93,208.97,0.96,94.69,0.92,878.29,0.97,655.77,0.91,164.0,0.98,869.08,0.9,160.0,0.99,3737.79,0.89,346.3,,,0.04,164.69,0.07,208.97,0.03,655.77,0.08,958.29,0.02,869.08,0.09,149.0,0.01,3737.79,0.1,160.0,,,0.11,346.3
2026-01-07 11:10:31.999000+00:00,2026-01-07 11:10:29.720266+00:00,631.999,0.945,0.94,0.95,0.055,0.05,0.06,541.97,92.43,85.85,541.97,0.93,223.97,0.96,189.69,0.92,953.29,0.97,625.77,0.91,265.0,0.98,909.08,0.9,160.0,0.99,3737.79,0.89,346.3,,,0.04,189.69,0.07,223.97,0.03,625.77,0.08,953.29,0.02,909.08,0.09,265.0,0.01,3737.79,0.1,160.0,,,0.11,346.3
2026-01-07 11:10:32.972000+00:00,2026-01-07 11:10:30.740312+00:00,632.972,0.945,0.94,0.95,0.055,0.05,0.06,621.97,35.0,35.0,621.97,0.93,321.97,0.96,16.3,0.92,889.29,0.97,555.77,0.91,265.0,0.98,856.08,0.9,174.4,0.99,3728.79,0.89,311.3,,,0.04,16.3,0.07,321.97,0.03,555.77,0.08,889.29,0.02,856.08,0.09,265.0,0.01,3728.79,0.1,174.4,,,0.11,311.3
2026-01-07 11:10:34.165000+00:00,2026-01-07 11:10:31.760829+00:00,634.165,0.945,0.94,0.95,0.055,0.05,0.06,765.97,483.0,468.0,765.97,0.93,250.97,0.96,16.3,0.92,889.29,0.97,555.77,0.91,265.0,0.98,856.08,0.9,174.4,0.99,3728.79,0.89,311.3,,,0.04,16.3,0.07,250.97,0.03,555.77,0.08,889.29,0.02,856.08,0.09,265.0,0.01,3728.79,0.1,174.4,,,0.11,311.3
2026-01-07 11:10:35.354000+00:00,2026-01-07 11:10:33.768694+00:00,635.354,0.945,0.94,0.95,0.055,0.05,0.06,765.97,459.48,459.48,765.97,0.93,268.97,0.97,580.77,0.92,889.29,0.98,884.08,0.91,265.0,0.99,3737.79,0.9,174.4,,,0.89,311.3,,,0.03,580.77,0.07,268.97,0.02,884.08,0.08,889.29,0.01,3737.79,0.09,265.0,,,0.1,174.4,,,0.11,311.3
2026-01-07 11:10:37.195000+00:00,2026-01-07 11:10:34.774325+00:00,637.195,0.945,0.94,0.95,0.055,0.05,0.06,776.97,474.48,459.48,776.97,0.93,277.97,0.97,580.77,0.92,889.29,0.98,884.08,0.91,265.0,0.99,3746.79,0.9,174.4,,,0.89,311.3,,,0.03,580.77,0.07,277.97,0.02,884.08,0.08,889.29,0.01,3746.79,0.09,265.0,,,0.1,174.4,,,0.11,311.3
2026-01-07 11:10:38.196000+00:00,2026-01-07 11:10:35.782632+00:00,638.196,0.945,0.94,0.95,0.055,0.05,0.06,776.97,465.48,465.48,776.97,0.93,277.97,0.97,554.77,0.92,889.29,0.98,884.08,0.91,265.0,0.99,3746.79,0.9,174.4,,,0.89,311.3,,,0.03,580.77,0.07,277.97,0.02,884.08,0.08,889.29,0.01,3746.79,0.09,265.0,,,0.1,174.4,,,0.11,311.3
2026-01-07 11:10:39.212000+00:00,2026-01-07 11:10:36.774174+00:00,639.212,0.945,0.94,0.95,0.055,0.05,0.06,831.11,467.48,457.48,881.11,0.93,168.97,0.97,580.77,0.92,889.29,0.98,960.76,0.91,265.0,0.99,3719.79,0.9,174.4,,,0.89,311.3,,,0.03,580.77,0.07,186.97,0.02,974.76,0.08,889.29,0.01,3737.79,0.09,280.9,,,0.1,174.4,,,0.11,311.3
2026-01-07 11:10:40.209000+00:00,2026-01-07 11:10:37.774419+00:00,640.209,0.945,0.94,0.95,0.055,0.05,0.06,881.11,420.42,420.42,881.11,0.93,186.97,0.97,580.77,0.92,889.29,0.98,974.76,0.91,280.9,0.99,3737.79,0.9,174.4,,,0.89,311.3,,,0.03,580.77,0.07,186.97,0.02,974.76,0.08,889.29,0.01,3737.79,0.09,280.9,,,0.1,174.4,,,0.11,311.3
2026-01-07 11:10:41.012000+00:00,2026-01-07 11:10:38.779511+00:00,641.012,0.945,0.94,0.95,0.055,0.05,0.06,881.11,409.89,409.89,881.11,0.93,186.97,0.97,580.77,0.92,889.29,0.98,974.76,0.91,280.9,0.99,3737.79,0.9,174.4,,,0.89,311.3,,,0.03,580.77,0.07,186.97,0.02,974.76,0.08,889.29,0.01,3737.79,0.09,280.9,,,0.1,174.4,,,0.11,311.3
2026-01-07 11:10:42.193000+00:00,2026-01-07 11:10:39.784302+00:00,642.193,0.945,0.94,0.95,0.055,0.05,0.06,881.11,442.77,442.77,881.11,0.93,186.97,0.97,580.77,0.92,440.29,0.98,974.76,0.91,280.9,0.99,3737.79,0.9,174.4,,,0.89,311.3,,,0.03,580.77,0.07,186.97,0.02,974.76,0.08,440.29,0.01,3737.79,0.09,280.9,,,0.1,174.4,,,0.11,311.3
2026-01-07 11:10:43.227000+00:00,2026-01-07 11:10:40.807082+00:00,643.227,0.945,0.94,0.95,0.055,0.05,0.06,762.97,452.73,452.73,762.97,0.93,214.97,0.96,33.9,0.92,473.29,0.97,601.77,0.91,281.0,0.98,976.76,0.9,160.0,0.99,3742.79,0.89,311.3,,,0.04,33.9,0.07,214.97,0.03,601.77,0.08,473.29,0.02,976.76,0.09,281.0,0.01,3742.79,0.1,160.0,,,0.11,311.3
2026-01-07 11:10:44.224000+00:00,2026-01-07 11:10:41.811850+00:00,644.224,0.945,0.94,0.95,0.055,0.05,0.06,762.97,418.67,418.67,762.97,0.93,259.97,0.96,33.9,0.92,444.29,0.97,585.77,0.91,265.0,0.98,976.76,0.9,160.0,0.99,3734.79,0.89,311.3,,,0.04,33.9,0.07,259.97,0.03,585.77,0.08,444.29,0.02,976.76,0.09,265.0,0.01,3734.79,0.1,160.0,,,0.11,311.3
2026-01-07 11:10:45.068000+00:00,2026-01-07 11:10:42.819335+00:00,645.068,0.945,0.94,0.95,0.055,0.05,0.06,762.97,409.18,409.18,762.97,0.93,267.97,0.96,33.9,0.92,446.29,0.97,580.77,0.91,265.0,0.98,981.76,0.9,160.0,0.99,3726.79,0.89,311.3,,,0.04,33.9,0.07,267.97,0.03,580.77,0.08,446.29,0.02,981.76,0.09,265.0,0.01,3726.79,0.1,160.0,,,0.11,311.3
2026-01-07 11:10:46.270000+00:00,2026-01-07 11:10:43.840444+00:00,646.27,0.945,0.94,0.95,0.055,0.05,0.06,868.11,394.73,394.73,883.11,0.93,623.97,0.96,33.9,0.92,415.29,0.97,572.08,0.91,265.0,0.98,967.06,0.9,160.0,0.99,3718.79,0.89,339.3,,,0.04,33.9,0.07,623.97,0.03,572.08,0.08,415.29,0.02,967.06,0.09,265.0,0.01,3724.39,0.1,160.0,,,0.11,339.3
2026-01-07 11:10:47.842000+00:00,2026-01-07 11:10:45.870823+00:00,647.842,0.945,0.94,0.95,0.055,0.05,0.06,844.11,385.67,385.67,864.11,0.93,671.97,0.96,33.9,0.92,435.29,0.97,572.08,0.91,265.0,0.98,980.06,0.9,160.0,0.99,3740.39,0.89,311.3,,,0.03,572.08,0.07,686.97,0.02,980.06,0.08,435.29,0.01,3740.39,0.09,265.0,,,0.1,160.0,,,0.11,311.3
2026-01-07 11:10:49.236000+00:00,2026-01-07 11:10:46.876655+00:00,649.236,0.945,0.94,0.95,0.055,0.05,0.06,859.11,385.67,330.15,859.11,0.93,694.97,0.97,580.08,0.92,435.29,0.98,1080.0,0.91,265.0,0.99,3732.39,0.9,174.4,,,0.89,311.3,,,0.03,580.08,0.07,694.97,0.02,1080.0,0.08,435.29,0.01,3732.39,0.09,265.0,,,0.1,174.4,,,0.11,311.3
2026-01-07 11:10:50.173000+00:00,2026-01-07 11:10:47.882883+00:00,650.173,0.945,0.94,0.95,0.055,0.05,0.06,844.11,320.57,310.04,824.11,0.93,694.97,0.96,15.0,0.92,435.29,0.97,580.08,0.91,265.0,0.98,1080.0,0.9,174.4,0.99,3732.39,0.89,311.3,,,0.04,15.0,0.07,719.97,0.03,580.08,0.08,410.29,0.02,1080.0,0.09,265.0,0.01,3732.39,0.1,174.4,,,0.11,346.3
2026-01-07 11:10:51.317000+00:00,2026-01-07 11:10:48.893896+00:00,651.317,0.945,0.94,0.95,0.055,0.05,0.06,513.97,601.34,589.34,339.96,0.93,20.0,0.96,364.9,0.92,265.29,0.97,558.08,0.91,712.11,0.98,1050.7,0.9,300.0,0.99,3716.39,0.89,150.0,,,0.04,428.9,0.07,20.0,0.03,462.08,0.08,265.29,0.02,1050.7,0.09,712.11,0.01,3716.39,0.1,300.0,,,0.11,150.0
2026-01-07 11:10:52.326000+00:00,2026-01-07 11:10:49.918379+00:00,652.326,0.975,0.97,0.98,0.025,0.02,0.03,164.38,1111.7,1036.7,164.38,0.96,5.0,0.99,3731.39,0.94,313.96,,,0.93,20.0,,,0.92,415.29,,,0.91,619.0,,,0.01,3731.39,0.04,5.0,,,0.06,313.96,,,0.07,20.0,,,0.08,415.29,,,0.09,619.0
2026-01-07 11:10:53.332000+00:00,2026-01-07 11:10:50.924046+00:00,653.332,0.95,0.94,0.96,0.045,0.03,0.06,313.96,10.0,147.0,313.96,0.93,20.0,0.97,147.0,0.92,415.29,0.98,983.15,0.91,686.0,0.99,3721.39,0.9,342.0,,,0.89,230.0,,,0.02,983.15,0.07,30.0,0.01,3721.39,0.08,415.29,,,0.09,711.0,,,0.1,342.0,,,0.11,195.0
2026-01-07 11:10:54.276000+00:00,2026-01-07 11:10:51.928686+00:00,654.276,0.955,0.95,0.96,0.045,0.04,0.05,453.43,5.0,5.0,453.43,0.94,426.97,0.97,147.0,0.93,140.0,0.98,998.15,0.92,452.29,0.99,3721.39,0.91,776.0,,,0.9,160.0,,,0.03,147.0,0.06,426.97,0.02,983.15,0.07,209.97,0.01,3721.39,0.08,361.29,,,0.09,760.0,,,0.1,160.0
2026-01-07 11:10:55.294000+00:00,2026-01-07 11:10:52.952080+00:00,655.294,0.96,0.95,0.97,0.04,0.03,0.05,456.53,150.76,150.76,456.53,0.94,530.97,0.98,1003.15,0.93,328.97,0.99,3716.39,0.92,423.29,,,0.91,744.0,,,0.9,160.0,,,0.02,1003.15,0.06,530.97,0.01,3716.39,0.07,328.97,,,0.08,415.29,,,0.09,744.0,,,0.1,160.0
2026-01-07 11:10:56.327000+00:00,2026-01-07 11:10:53.959354+00:00,656.327,0.955,0.95,0.96,0.045,0.04,0.05,456.53,5.0,31.0,456.53,0.94,530.97,0.97,281.62,0.93,328.97,0.98,1028.15,0.92,415.29,0.99,3716.39,0.91,764.0,,,0.9,160.0,,,0.03,341.62,0.06,538.97,0.02,1003.15,0.07,328.97,0.01,3716.39,0.08,415.29,,,0.09,764.0,,,0.1,160.0
2026-01-07 11:10:57.397000+00:00,2026-01-07 11:10:54.979094+00:00,657.397,0.96,0.95,0.97,0.04,0.03,0.05,586.53,324.62,324.62,586.53,0.94,546.97,0.98,1031.15,0.93,240.97,0.99,3716.39,0.92,415.29,,,0.91,764.0,,,0.9,160.0,,,0.02,1039.15,0.06,546.97,0.01,3716.39,0.07,240.97,,,0.08,415.29,,,0.09,764.0,,,0.1,160.0
2026-01-07 11:10:58.243000+00:00,2026-01-07 11:10:55.984502+00:00,658.243,0.96,0.95,0.97,0.04,0.03,0.05,604.53,309.62,309.62,604.53,0.94,541.97,0.98,1017.15,0.93,232.97,0.99,3716.39,0.92,415.29,,,0.91,764.0,,,0.9,160.0,,,0.02,1017.15,0.06,541.97,0.01,3716.39,0.07,232.97,,,0.08,415.29,,,0.09,764.0,,,0.1,160.0
2026-01-07 11:10:59.275000+00:00,2026-01-07 11:10:56.990349+00:00,659.275,0.955,0.95,0.96,0.045,0.04,0.05,543.53,125.0,125.0,543.53,0.94,541.97,0.97,304.51,0.93,232.97,0.98,1011.15,0.92,445.29,0.99,3716.39,0.91,734.0,,,0.9,160.0,,,0.03,304.51,0.06,541.97,0.02,1011.15,0.07,232.97,0.01,3716.39,0.08,445.29,,,0.09,734.0,,,0.1,160.0
2026-01-07 11:11:00.419000+00:00,2026-01-07 11:10:58.014651+00:00,660.419,0.955,0.95,0.96,0.045,0.04,0.05,591.53,109.7,109.7,591.53,0.94,551.97,0.97,304.51,0.93,207.97,0.98,1006.15,0.92,415.29,0.99,3716.39,0.91,734.0,,,0.9,160.0,,,0.03,471.17,0.06,551.97,0.02,1006.15,0.07,207.97,0.01,3716.39,0.08,415.29,,,0.09,734.0,,,0.1,160.0
2026-01-07 11:11:01.473000+00:00,2026-01-07 11:10:59.018894+00:00,661.473,0.96,0.95,0.97,0.04,0.03,0.05,302.77,803.13,803.13,260.77,0.94,582.97,0.98,1006.15,0.93,207.97,0.99,3716.39,0.92,415.29,,,0.91,714.0,,,0.9,180.0,,,0.02,1006.15,0.06,582.97,0.01,3716.39,0.07,207.97,,,0.08,415.29,,,0.09,714.0,,,0.1,180.0
2026-01-07 11:11:02.466000+00:00,2026-01-07 11:11:00.024159+00:00,662.466,0.965,0.96,0.97,0.035,0.03,0.04,5.0,677.67,657.21,5.0,0.95,335.77,0.98,1032.15,0.94,573.97,0.99,3716.39,0.93,169.97,,,0.92,415.29,,,0.91,714.0,,,0.02,1032.15,0.05,328.77,0.01,3716.39,0.06,573.97,,,0.07,169.97,,,0.08,415.29,,,0.09,714.0
2026-01-07 11:11:03.050000+00:00,2026-01-07 11:11:01.031239+00:00,663.05,0.965,0.96,0.97,0.035,0.03,0.04,52.0,965.53,965.53,74.5,0.95,290.77,0.98,1037.15,0.94,568.97,0.99,3716.39,0.93,169.97,,,0.92,415.29,,,0.91,714.0,,,0.02,1037.15,0.05,275.77,0.01,3716.39,0.06,560.97,,,0.07,169.97,,,0.08,415.29,,,0.09,714.0
2026-01-07 11:11:04.450000+00:00,2026-01-07 11:11:02.035527+00:00,664.45,0.965,0.96,0.97,0.035,0.03,0.04,47.0,955.23,955.23,47.0,0.95,288.91,0.98,1072.15,0.94,568.97,0.99,3716.39,0.93,169.97,,,0.92,415.29,,,0.91,714.0,,,0.02,1072.15,0.05,288.91,0.01,3716.39,0.06,568.97,,,0.07,169.97,,,0.08,415.29,,,0.09,714.0
2026-01-07 11:11:05.462000+00:00,2026-01-07 11:11:03.041068+00:00,665.462,0.965,0.96,0.97,0.035,0.03,0.04,47.0,939.93,939.93,62.0,0.95,280.91,0.98,1072.15,0.94,560.97,0.99,3716.39,0.93,169.97,,,0.92,415.29,,,0.91,714.0,,,0.02,1072.15,0.05,272.91,0.01,3716.39,0.06,576.97,,,0.07,177.97,,,0.08,415.29,,,0.09,714.0
2026-01-07 11:11:06.395000+00:00,2026-01-07 11:11:04.048340+00:00,666.395,0.965,0.96,0.97,0.035,0.03,0.04,123.86,939.93,1106.59,155.1,0.95,243.77,0.98,1057.15,0.94,560.97,0.99,3716.39,0.93,177.97,,,0.92,415.29,,,0.91,714.0,,,0.02,1091.86,0.05,243.77,0.01,3716.39,0.06,560.97,,,0.07,177.97,,,0.08,415.29,,,0.09,714.0
2026-01-07 11:11:07.399000+00:00,2026-01-07 11:11:05.067768+00:00,667.399,0.965,0.96,0.97,0.035,0.03,0.04,277.6,1106.59,1106.59,277.6,0.95,242.77,0.98,1091.86,0.94,480.97,0.99,3731.68,0.93,177.97,,,0.92,435.29,,,0.91,714.0,,,0.02,1091.86,0.05,242.77,0.01,3731.68,0.06,480.97,,,0.07,177.97,,,0.08,435.29,,,0.09,714.0
2026-01-07 11:11:08.519000+00:00,2026-01-07 11:11:06.088899+00:00,668.519,0.965,0.96,0.97,0.035,0.03,0.04,228.1,1473.23,1472.85,243.1,0.95,275.91,0.98,1106.86,0.94,480.97,0.99,3746.97,0.93,177.97,,,0.92,435.29,,,0.91,714.0,,,0.02,1101.86,0.05,287.91,0.01,3746.97,0.06,488.97,,,0.07,177.97,,,0.08,435.29,,,0.09,714.0
2026-01-07 11:11:09.023000+00:00,2026-01-07 11:11:07.095630+00:00,669.023,0.965,0.96,0.97,0.035,0.03,0.04,238.1,1591.13,1576.51,218.1,0.95,234.77,0.98,1101.86,0.94,488.97,0.99,3762.26,0.93,177.97,,,0.92,435.29,,,0.91,714.0,,,0.02,1121.86,0.05,234.77,0.01,3762.26,0.06,488.97,,,0.07,177.97,,,0.08,435.29,,,0.09,714.0
2026-01-07 11:11:10.202000+00:00,2026-01-07 11:11:08.101254+00:00,670.202,0.965,0.96,0.97,0.035,0.03,0.04,192.48,1576.51,1575.47,192.48,0.95,234.77,0.98,1121.86,0.94,488.97,0.99,3777.55,0.93,177.97,,,0.92,435.29,,,0.91,714.0,,,0.02,1121.86,0.05,234.77,0.01,3777.55,0.06,488.97,,,0.07,177.97,,,0.08,435.29,,,0.09,714.0
2026-01-07 11:11:11.424000+00:00,2026-01-07 11:11:09.090073+00:00,671.424,0.955,0.95,0.96,0.045,0.04,0.05,287.91,587.52,587.52,287.91,0.94,488.97,0.97,1499.92,0.93,177.97,0.98,1121.86,0.92,435.29,0.99,3777.55,0.91,265.0,,,0.9,160.0,,,0.03,1499.92,0.06,488.97,0.02,1121.86,0.07,177.97,0.01,3777.55,0.08,435.29,,,0.09,265.0,,,0.1,160.0
2026-01-07 11:11:12.441000+00:00,2026-01-07 11:11:10.098633+00:00,672.441,0.955,0.95,0.96,0.045,0.04,0.05,293.91,582.52,582.52,288.91,0.94,476.97,0.97,1507.92,0.93,218.97,0.98,1113.86,0.92,435.29,0.99,3792.84,0.91,265.0,,,0.9,125.0,,,0.03,1507.92,0.06,476.97,0.02,1108.86,0.07,218.97,0.01,3792.84,0.08,435.29,,,0.09,265.0,,,0.1,125.0
2026-01-07 11:11:13.460000+00:00,2026-01-07 11:11:11.115792+00:00,673.46,0.955,0.95,0.96,0.045,0.04,0.05,288.91,314.9,314.9,288.91,0.94,481.97,0.97,1562.92,0.93,218.97,0.98,1073.86,0.92,435.29,0.99,3792.84,0.91,265.0,,,0.9,125.0,,,0.03,1562.92,0.06,481.97,0.02,1073.86,0.07,218.97,0.01,3792.84,0.08,415.29,,,0.09,265.0,,,0.1,125.0
2026-01-07 11:11:14.545000+00:00,2026-01-07 11:11:12.119392+00:00,674.545,0.955,0.95,0.96,0.045,0.04,0.05,288.91,277.8,277.8,288.91,0.94,481.97,0.97,1577.92,0.93,218.97,0.98,1073.86,0.92,415.29,0.99,3792.84,0.91,285.0,,,0.9,125.0,,,0.03,1577.92,0.06,481.97,0.02,1073.86,0.07,218.97,0.01,3792.84,0.08,415.29,,,0.09,285.0,,,0.1,125.0
2026-01-07 11:11:15.258000+00:00,2026-01-07 11:11:13.138442+00:00,675.258,0.955,0.95,0.96,0.045,0.04,0.05,288.91,267.8,304.89,35.14,0.94,481.97,0.97,1602.92,0.93,218.97,0.98,1073.86,0.92,864.29,0.99,3792.84,0.91,285.0,,,0.9,125.0,,,0.03,1552.92,0.06,511.97,0.02,1058.86,0.07,213.97,0.01,3792.84,0.08,864.29,,,0.09,285.0,,,0.1,125.0
2026-01-07 11:11:16.381000+00:00,2026-01-07 11:11:14.158276+00:00,676.381,0.955,0.95,0.96,0.045,0.04,0.05,20.14,186.34,186.34,20.14,0.94,381.97,0.97,1557.92,0.93,274.97,0.98,1066.86,0.92,420.28,0.99,3792.84,0.91,714.0,,,0.9,221.0,,,0.03,1530.92,0.06,381.97,0.02,1058.86,0.07,274.97,0.01,3800.84,0.08,420.28,,,0.09,722.0,,,0.1,192.0
2026-01-07 11:11:17.502000+00:00,2026-01-07 11:11:15.160491+00:00,677.502,0.955,0.95,0.96,0.045,0.04,0.05,20.14,186.34,186.34,20.14,0.94,381.97,0.97,1527.92,0.93,274.97,0.98,1063.86,0.92,420.28,0.99,3816.13,0.91,770.0,,,0.9,168.0,,,0.03,1527.92,0.06,381.97,0.02,1063.86,0.07,274.97,0.01,3816.13,0.08,420.28,,,0.09,770.0,,,0.1,168.0
2026-01-07 11:11:18.556000+00:00,2026-01-07 11:11:16.183617+00:00,678.556,0.955,0.95,0.96,0.045,0.04,0.05,20.14,286.34,286.34,20.14,0.94,425.97,0.97,1552.92,0.93,306.97,0.98,1058.86,0.92,418.28,0.99,3808.13,0.91,714.0,,,0.9,160.0,,,0.03,1552.92,0.06,425.97,0.02,1058.86,0.07,306.97,0.01,3808.13,0.08,418.28,,,0.09,714.0,,,0.1,160.0
2026-01-07 11:11:19.454000+00:00,2026-01-07 11:11:17.188676+00:00,679.454,0.955,0.95,0.96,0.045,0.04,0.05,20.14,408.07,393.07,0.14,0.94,410.97,0.97,1857.92,0.93,121.97,0.98,1017.86,0.92,443.28,0.99,3808.13,0.91,240.0,,,0.9,160.0,,,0.03,1887.92,0.06,410.97,0.02,1017.86,0.07,121.97,0.01,3808.13,0.08,443.28,,,0.09,240.0,,,0.1,160.0
2026-01-07 11:11:20.611000+00:00,2026-01-07 11:11:18.192336+00:00,680.611,0.955,0.95,0.96,0.045,0.04,0.05,0.14,393.07,398.07,0.14,0.94,355.97,0.97,1897.92,0.93,161.97,0.98,1017.86,0.92,523.28,0.99,3823.75,0.91,240.0,,,0.9,160.0,,,0.03,1912.92,0.06,355.97,0.02,1017.86,0.07,161.97,0.01,3823.75,0.08,523.28,,,0.09,240.0,,,0.1,609.0
2026-01-07 11:11:21.410000+00:00,2026-01-07 11:11:19.200042+00:00,681.41,0.955,0.95,0.96,0.045,0.04,0.05,0.14,393.07,393.07,0.14,0.94,355.97,0.97,1880.92,0.93,161.97,0.98,1017.86,0.92,543.28,0.99,3823.75,0.91,240.0,,,0.9,609.0,,,0.03,1872.92,0.06,355.97,0.02,1017.86,0.07,161.97,0.01,3823.75,0.08,543.28,,,0.09,240.0,,,0.1,609.0
2026-01-07 11:11:22.491000+00:00,2026-01-07 11:11:20.203361+00:00,682.491,0.955,0.95,0.96,0.045,0.04,0.05,0.14,426.07,426.07,0.14,0.94,326.97,0.97,1864.92,0.93,214.97,0.98,1017.86,0.92,491.29,0.99,3828.75,0.91,248.0,,,0.9,609.0,,,0.03,1864.92,0.06,326.97,0.02,1017.86,0.07,284.97,0.01,3842.74,0.08,491.29,,,0.09,248.0,,,0.1,609.0
2026-01-07 11:11:23.586000+00:00,2026-01-07 11:11:21.217177+00:00,683.586,0.955,0.95,0.96,0.045,0.04,0.05,0.14,414.65,414.65,0.14,0.94,406.97,0.97,1864.92,0.93,212.97,0.98,1017.86,0.92,483.29,0.99,3842.74,0.91,248.0,,,0.9,609.0,,,0.03,1864.92,0.06,406.97,0.02,1017.86,0.07,212.97,0.01,3842.74,0.08,475.29,,,0.09,248.0,,,0.1,609.0
2026-01-07 11:11:24.655000+00:00,2026-01-07 11:11:22.219535+00:00,684.655,0.955,0.95,0.96,0.045,0.04,0.05,10.14,399.65,422.65,10.14,0.94,406.97,0.97,1889.92,0.93,98.0,0.98,1017.86,0.92,457.29,0.99,3850.74,0.91,238.0,,,0.9,155.0,,,0.03,1868.92,0.06,406.97,0.02,1025.86,0.07,90.0,0.01,6337.74,0.08,425.29,,,0.09,286.0,,,0.1,159.0
2026-01-07 11:11:25.584000+00:00,2026-01-07 11:11:23.225293+00:00,685.584,0.945,0.94,0.95,0.055,0.05,0.06,210.97,659.0,659.0,184.97,0.93,25.0,0.96,565.65,0.92,505.29,0.97,1833.92,0.91,321.0,0.98,1022.86,0.9,160.0,0.99,6461.36,0.89,765.0,,,0.04,565.65,0.07,20.0,0.03,1808.92,0.08,505.29,0.02,1022.86,0.09,321.0,0.01,6461.36,0.1,160.0,,,0.11,765.0
2026-01-07 11:11:26.595000+00:00,2026-01-07 11:11:24.227539+00:00,686.595,0.945,0.94,0.95,0.055,0.05,0.06,184.97,659.0,659.0,184.97,0.93,25.0,0.96,573.65,0.92,411.29,0.97,1803.92,0.91,348.0,0.98,1017.86,0.9,160.0,0.99,6473.98,0.89,574.0,,,0.04,573.65,0.07,25.0,0.03,1803.92,0.08,411.29,0.02,1017.86,0.09,348.0,0.01,6473.98,0.1,160.0,,,0.11,574.0
2026-01-07 11:11:27.632000+00:00,2026-01-07 11:11:25.218563+00:00,687.632,0.945,0.94,0.95,0.055,0.05,0.06,18.3,659.0,659.0,18.3,0.93,33.0,0.96,573.65,0.92,403.29,0.97,1803.92,0.91,348.0,0.98,1017.86,0.9,160.0,0.99,6473.98,0.89,574.0,,,0.04,573.65,0.07,33.0,0.03,1803.92,0.08,403.29,0.02,1017.86,0.09,348.0,0.01,6473.98,0.1,160.0,,,0.11,574.0
2026-01-07 11:11:28.617000+00:00,2026-01-07 11:11:26.241540+00:00,688.617,0.945,0.94,0.95,0.065,0.06,0.07,18.3,399.0,115.0,25.0,0.93,25.0,0.96,544.65,0.92,325.29,0.97,2641.92,0.91,284.97,0.98,1025.86,0.9,186.0,0.99,4084.98,0.89,188.0,,,0.05,358.1,0.08,405.29,0.04,529.65,0.09,284.97,0.03,2641.92,0.1,221.0,0.02,1025.86,0.11,163.0,0.01,4084.98,0.12,348.0
2026-01-07 11:11:29.641000+00:00,2026-01-07 11:11:27.244821+00:00,689.641,0.935,0.93,0.94,0.065,0.06,0.07,20.0,88.7,86.57,20.0,0.92,410.29,0.95,385.0,0.91,313.97,0.96,529.65,0.9,187.0,0.97,1808.92,0.89,158.0,0.98,1017.86,0.88,797.0,0.99,6576.98,0.05,385.0,0.08,410.29,0.04,529.65,0.09,313.97,0.03,1808.92,0.1,187.0,0.02,1017.86,0.11,158.0,0.01,6576.98,0.12,797.0
2026-01-07 11:11:30.670000+00:00,2026-01-07 11:11:28.236319+00:00,690.67,0.935,0.93,0.94,0.065,0.06,0.07,88.71,89.98,89.98,88.71,0.92,526.29,0.95,380.0,0.91,260.0,0.96,529.65,0.9,125.0,0.97,1803.92,0.89,150.0,0.98,1017.86,0.88,797.0,0.99,6568.98,0.05,380.0,0.08,526.29,0.04,529.65,0.09,260.0,0.03,1803.92,0.1,125.0,0.02,1017.86,0.11,150.0,0.01,6568.98,0.12,797.0
2026-01-07 11:11:31.667000+00:00,2026-01-07 11:11:29.258186+00:00,691.667,0.935,0.93,0.94,0.065,0.06,0.07,100.68,43.7,43.7,165.68,0.92,494.29,0.95,408.69,0.91,260.0,0.96,544.65,0.9,125.0,0.97,1303.94,0.89,150.0,0.98,1017.86,0.88,797.0,0.99,6573.98,0.05,408.69,0.08,494.29,0.04,544.65,0.09,260.0,0.03,1303.94,0.1,125.0,0.02,1017.86,0.11,150.0,0.01,6573.98,0.12,797.0
2026-01-07 11:11:32.631000+00:00,2026-01-07 11:11:30.264783+00:00,692.631,0.935,0.93,0.94,0.065,0.06,0.07,189.39,43.7,43.7,189.39,0.92,446.29,0.95,423.69,0.91,260.0,0.96,529.65,0.9,160.0,0.97,1303.94,0.89,125.0,0.98,1017.86,0.88,822.0,0.99,6581.98,0.05,397.69,0.08,446.29,0.04,550.65,0.09,260.0,0.03,1303.94,0.1,160.0,0.02,1017.86,0.11,125.0,0.01,6581.98,0.12,614.0
2026-01-07 11:11:33.695000+00:00,2026-01-07 11:11:31.269532+00:00,693.695,0.935,0.93,0.94,0.07500000000000001,0.07,0.08,16.42,626.03,69.83,440.29,0.92,589.29,0.95,352.69,0.91,245.0,0.96,550.65,0.9,175.0,0.97,975.62,0.89,125.0,0.98,1025.86,0.88,614.0,0.99,6568.98,0.06,789.74,0.09,270.34,0.05,329.0,0.1,200.0,0.04,537.65,0.11,158.0,0.03,970.62,0.12,589.0,0.02,2267.86,0.13,490.0
2026-01-07 11:11:34.693000+00:00,2026-01-07 11:11:32.272298+00:00,694.693,0.925,0.92,0.93,0.07500000000000001,0.07,0.08,360.29,25.0,31.0,360.29,0.91,310.0,0.94,784.74,0.9,179.0,0.95,344.0,0.89,150.0,0.96,529.65,0.88,589.0,0.97,970.62,0.87,490.0,0.98,2267.86,0.06,784.74,0.09,310.0,0.05,344.0,0.1,179.0,0.04,524.65,0.11,150.0,0.03,970.62,0.12,589.0,0.02,2267.86,0.13,490.0
2026-01-07 11:11:35.633000+00:00,2026-01-07 11:11:33.277014+00:00,695.633,0.925,0.92,0.93,0.07500000000000001,0.07,0.08,360.29,20.0,20.0,47.79,0.91,379.0,0.94,741.04,0.9,190.0,0.95,364.3,0.89,125.0,0.96,524.65,0.88,614.0,0.97,983.62,0.87,490.0,0.98,2342.86,0.06,741.04,0.09,379.0,0.05,364.3,0.1,190.0,0.04,524.65,0.11,125.0,0.03,983.62,0.12,614.0,0.02,2342.86,0.13,490.0
2026-01-07 11:11:36.691000+00:00,2026-01-07 11:11:34.284877+00:00,696.691,0.935,0.93,0.94,0.065,0.06,0.07,86.41,614.55,483.24,61.41,0.92,91.97,0.95,429.3,0.91,345.0,0.96,550.65,0.9,160.0,0.97,970.62,0.89,125.0,0.98,1097.86,0.88,614.0,0.99,6576.98,0.05,429.3,0.08,91.97,0.04,550.65,0.09,340.0,0.03,970.62,0.1,160.0,0.02,1097.86,0.11,125.0,0.01,6576.98,0.12,614.0
2026-01-07 11:11:37.746000+00:00,2026-01-07 11:11:35.305672+00:00,697.746,0.935,0.93,0.94,0.065,0.06,0.07,15.0,533.24,498.24,65.01,0.92,195.97,0.95,400.3,0.91,276.0,0.96,529.65,0.9,160.0,0.97,811.96,0.89,125.0,0.98,1108.86,0.88,822.0,0.99,6495.61,0.05,440.3,0.08,147.97,0.04,529.65,0.09,276.0,0.03,811.96,0.1,160.0,0.02,1108.86,0.11,125.0,0.01,6495.61,0.12,822.0
2026-01-07 11:11:38.718000+00:00,2026-01-07 11:11:36.293730+00:00,698.718,0.935,0.93,0.94,0.065,0.06,0.07,65.01,483.24,482.17,65.01,0.92,68.4,0.95,434.3,0.91,289.0,0.96,555.65,0.9,160.0,0.97,645.3,0.89,125.0,0.98,1108.86,0.88,614.0,0.99,6495.61,0.05,434.3,0.08,20.0,0.04,555.65,0.09,289.0,0.03,645.3,0.1,160.0,0.02,1108.86,0.11,125.0,0.01,6495.61,0.12,614.0
2026-01-07 11:11:39.676000+00:00,2026-01-07 11:11:37.299581+00:00,699.676,0.935,0.93,0.94,0.065,0.06,0.07,15.0,552.17,552.17,15.0,0.92,118.44,0.95,420.3,0.91,289.0,0.96,534.65,0.9,160.0,0.97,645.3,0.89,125.0,0.98,1108.86,0.88,842.0,0.99,6495.61,0.05,420.3,0.08,118.44,0.04,529.65,0.09,321.0,0.03,645.3,0.1,160.0,0.02,1108.86,0.11,125.0,0.01,6495.61,0.12,842.0
2026-01-07 11:11:40.708000+00:00,2026-01-07 11:11:38.306302+00:00,700.708,0.935,0.93,0.94,0.065,0.06,0.07,0.71,547.17,547.17,0.71,0.92,118.44,0.95,444.48,0.91,329.0,0.96,534.65,0.9,160.0,0.97,661.3,0.89,125.0,0.98,1100.86,0.88,822.0,0.99,6495.61,0.05,444.48,0.08,118.44,0.04,534.65,0.09,329.0,0.03,661.3,0.1,160.0,0.02,1100.86,0.11,125.0,0.01,6495.61,0.12,822.0
2026-01-07 11:11:41.750000+00:00,2026-01-07 11:11:39.314179+00:00,701.75,0.935,0.93,0.94,0.065,0.06,0.07,0.71,434.41,429.41,0.71,0.92,188.44,0.95,429.48,0.91,329.0,0.96,554.65,0.9,160.0,0.97,645.3,0.89,125.0,0.98,1116.86,0.88,822.0,0.99,6495.61,0.05,429.48,0.08,188.44,0.04,554.65,0.09,329.0,0.03,645.3,0.1,160.0,0.02,1116.86,0.11,125.0,0.01,6495.61,0.12,822.0
2026-01-07 11:11:42.558000+00:00,2026-01-07 11:11:40.319474+00:00,702.558,0.935,0.93,0.94,0.065,0.06,0.07,15.71,429.41,429.41,15.71,0.92,173.44,0.95,429.48,0.91,329.0,0.96,554.65,0.9,160.0,0.97,645.3,0.89,125.0,0.98,1216.82,0.88,822.0,0.99,6595.61,0.05,429.48,0.08,173.44,0.04,554.65,0.09,329.0,0.03,645.3,0.1,160.0,0.02,1216.82,0.11,125.0,0.01,6595.61,0.12,822.0
2026-01-07 11:11:43.658000+00:00,2026-01-07 11:11:41.310916+00:00,703.658,0.935,0.93,0.94,0.065,0.06,0.07,65.72,359.41,338.13,65.72,0.92,165.44,0.95,484.48,0.91,297.0,0.96,554.65,0.9,160.0,0.97,645.3,0.89,125.0,0.98,1216.82,0.88,822.0,0.99,6606.23,0.05,484.48,0.08,195.44,0.04,554.65,0.09,267.0,0.03,645.3,0.1,160.0,0.02,1216.82,0.11,125.0,0.01,6606.23,0.12,822.0
2026-01-07 11:11:44.703000+00:00,2026-01-07 11:11:42.316553+00:00,704.703,0.935,0.93,0.94,0.065,0.06,0.07,65.72,338.13,338.13,80.72,0.92,227.44,0.95,301.48,0.91,235.0,0.96,564.65,0.9,160.0,0.97,642.3,0.89,125.0,0.98,1208.82,0.88,1005.0,0.99,6516.86,0.05,286.48,0.08,227.44,0.04,549.65,0.09,235.0,0.03,657.3,0.1,160.0,0.02,1208.82,0.11,125.0,0.01,6516.86,0.12,1005.0
2026-01-07 11:11:45.749000+00:00,2026-01-07 11:11:43.323680+00:00,705.749,0.935,0.93,0.94,0.065,0.06,0.07,50.72,178.33,178.33,50.72,0.92,180.44,0.95,301.48,0.91,297.0,0.96,569.65,0.9,160.0,0.97,645.3,0.89,125.0,0.98,1216.82,0.88,1005.0,0.99,6516.86,0.05,275.48,0.08,180.44,0.04,569.65,0.09,282.0,0.03,645.3,0.1,160.0,0.02,1216.82,0.11,125.0,0.01,4016.86,0.12,797.0
2026-01-07 11:11:46.752000+00:00,2026-01-07 11:11:44.331401+00:00,706.752,0.925,0.92,0.93,0.07500000000000001,0.07,0.08,143.44,538.28,535.24,128.44,0.91,265.0,0.94,263.33,0.9,229.0,0.95,266.48,0.89,125.0,0.96,557.65,0.88,1005.0,0.97,661.3,0.87,298.0,0.98,1208.82,0.06,310.33,0.09,235.0,0.05,243.48,0.1,203.0,0.04,565.65,0.11,149.0,0.03,637.3,0.12,797.0,0.02,2450.82,0.13,490.0
2026-01-07 11:11:47.709000+00:00,2026-01-07 11:11:45.353663+00:00,707.709,0.925,0.92,0.93,0.07500000000000001,0.07,0.08,108.44,495.24,520.24,108.44,0.91,260.0,0.94,263.33,0.9,229.0,0.95,246.48,0.89,125.0,0.96,557.65,0.88,1005.0,0.97,661.3,0.87,298.0,0.98,1208.82,0.06,263.33,0.09,265.0,0.05,220.48,0.1,216.0,0.04,583.65,0.11,125.0,0.03,661.3,0.12,797.0,0.02,1208.82,0.13,298.0
2026-01-07 11:11:48.787000+00:00,2026-01-07 11:11:46.358569+00:00,708.787,0.925,0.92,0.93,0.07500000000000001,0.07,0.08,45.0,490.24,490.24,45.0,0.91,293.28,0.94,263.33,0.9,160.0,0.95,215.48,0.89,125.0,0.96,575.65,0.88,797.0,0.97,645.3,0.87,298.0,0.98,1192.82,0.06,263.33,0.09,298.28,0.05,220.48,0.1,176.0,0.04,575.65,0.11,125.0,0.03,669.3,0.12,797.0,0.02,1192.82,0.13,298.0
2026-01-07 11:11:49.794000+00:00,2026-01-07 11:11:47.363505+00:00,709.794,0.925,0.92,0.93,0.07500000000000001,0.07,0.08,32.5,439.16,439.16,32.5,0.91,298.28,0.94,263.33,0.9,176.0,0.95,220.48,0.89,125.0,0.96,575.65,0.88,797.0,0.97,661.3,0.87,298.0,0.98,1192.82,0.06,263.33,0.09,298.28,0.05,220.48,0.1,176.0,0.04,483.65,0.11,125.0,0.03,661.3,0.12,797.0,0.02,1200.82,0.13,298.0
2026-01-07 11:11:50.827000+00:00,2026-01-07 11:11:48.381871+00:00,710.827,0.925,0.92,0.93,0.07500000000000001,0.07,0.08,62.5,439.16,439.16,146.5,0.91,283.28,0.94,178.33,0.9,176.0,0.95,245.48,0.89,125.0,0.96,498.65,0.88,797.0,0.97,661.3,0.87,298.0,0.98,1200.82,0.06,178.33,0.09,215.28,0.05,200.48,0.1,160.0,0.04,499.65,0.11,247.0,0.03,668.3,0.12,797.0,0.02,1208.82,0.13,298.0
2026-01-07 11:11:51.800000+00:00,2026-01-07 11:11:49.390846+00:00,711.8,0.925,0.92,0.93,0.07500000000000001,0.07,0.08,54.75,407.47,422.47,30.0,0.91,293.28,0.94,261.66,0.9,160.0,0.95,270.48,0.89,308.0,0.96,495.65,0.88,797.0,0.97,645.3,0.87,298.0,0.98,1216.82,0.06,331.66,0.09,145.28,0.05,337.48,0.1,101.0,0.04,490.65,0.11,333.0,0.03,637.3,0.12,772.0,0.02,1200.82,0.13,298.0
2026-01-07 11:11:52.438000+00:00,2026-01-07 11:11:50.393967+00:00,712.438,0.925,0.92,0.93,0.07500000000000001,0.07,0.08,37.25,403.86,403.86,37.25,0.91,145.28,0.94,346.65,0.9,154.0,0.95,403.48,0.89,150.0,0.96,480.65,0.88,589.0,0.97,679.3,0.87,298.0,0.98,1208.82,0.06,346.65,0.09,145.28,0.05,403.48,0.1,154.0,0.04,480.65,0.11,150.0,0.03,679.3,0.12,589.0,0.02,1208.82,0.13,298.0
2026-01-07 11:11:53.746000+00:00,2026-01-07 11:11:51.392246+00:00,713.746,0.915,0.91,0.92,0.08499999999999999,0.08,0.09,145.28,284.87,284.87,145.28,0.9,90.0,0.93,403.86,0.89,144.0,0.94,351.65,0.88,589.0,0.95,406.48,0.87,298.0,0.96,514.65,0.86,333.0,0.97,645.3,0.07,403.86,0.1,90.0,0.06,351.65,0.11,144.0,0.05,406.48,0.12,589.0,0.04,514.65,0.13,298.0,0.03,645.3,0.14,333.0
2026-01-07 11:11:54.769000+00:00,2026-01-07 11:11:52.411922+00:00,714.769,0.915,0.91,0.92,0.08499999999999999,0.08,0.09,203.61,284.87,284.87,220.61,0.9,116.0,0.93,403.86,0.89,80.0,0.94,346.65,0.88,589.0,0.95,383.18,0.87,298.0,0.96,480.65,0.86,362.0,0.97,679.3,0.06,346.65,0.1,124.0,0.05,383.18,0.11,80.0,0.04,480.65,0.12,711.0,0.03,671.3,0.13,298.0,0.02,1200.82,0.14,362.0
2026-01-07 11:11:55.861000+00:00,2026-01-07 11:11:53.435085+00:00,715.861,0.915,0.91,0.92,0.08499999999999999,0.08,0.09,220.61,733.87,733.87,180.61,0.9,443.02,0.94,221.66,0.89,141.0,0.95,220.18,0.88,797.0,0.96,496.65,0.87,298.0,0.97,738.3,0.86,362.0,0.98,1208.82,0.06,251.66,0.1,459.02,0.05,200.18,0.11,133.0,0.04,496.65,0.12,797.0,0.03,738.3,0.13,298.0,0.02,1208.82,0.14,362.0
2026-01-07 11:11:56.758000+00:00,2026-01-07 11:11:54.455976+00:00,716.758,0.915,0.91,0.92,0.08499999999999999,0.08,0.09,215.61,716.68,716.68,215.61,0.9,410.02,0.94,266.66,0.89,182.0,0.95,200.18,0.88,797.0,0.96,496.65,0.87,298.0,0.97,738.3,0.86,327.0,0.98,1208.82,0.06,266.66,0.1,410.02,0.05,200.18,0.11,182.0,0.04,496.65,0.12,797.0,0.03,738.3,0.13,298.0,0.02,1208.82,0.14,327.0
2026-01-07 11:11:57.818000+00:00,2026-01-07 11:11:55.480798+00:00,717.818,0.915,0.91,0.92,0.08499999999999999,0.08,0.09,240.49,706.01,680.01,225.49,0.9,421.02,0.94,166.66,0.89,150.0,0.95,255.18,0.88,797.0,0.96,472.65,0.87,327.0,0.97,736.3,0.86,298.0,0.98,1218.82,0.06,166.66,0.1,421.02,0.05,255.18,0.11,150.0,0.04,472.65,0.12,797.0,0.03,736.3,0.13,327.0,0.02,1218.82,0.14,298.0
2026-01-07 11:11:58.760000+00:00,2026-01-07 11:11:56.503057+00:00,718.76,0.915,0.91,0.92,0.08499999999999999,0.08,0.09,255.49,680.01,680.01,255.49,0.9,421.02,0.94,166.66,0.89,150.0,0.95,250.18,0.88,797.0,0.96,469.65,0.87,298.0,0.97,840.3,0.86,327.0,0.98,1192.82,0.06,166.66,0.1,421.02,0.05,250.18,0.11,150.0,0.04,469.65,0.12,797.0,0.03,840.3,0.13,298.0,0.02,1192.82,0.14,327.0
2026-01-07 11:11:59.830000+00:00,2026-01-07 11:11:57.509051+00:00,719.83,0.915,0.91,0.92,0.08499999999999999,0.08,0.09,232.49,680.01,680.01,232.49,0.9,429.02,0.94,236.66,0.89,150.0,0.95,200.18,0.88,348.0,0.96,496.65,0.87,298.0,0.97,808.3,0.86,327.0,0.98,1200.82,0.06,236.66,0.1,429.02,0.05,200.18,0.11,150.0,0.04,496.65,0.12,348.0,0.03,808.3,0.13,298.0,0.02,1200.82,0.14,327.0
2026-01-07 11:12:00.942000+00:00,2026-01-07 11:11:58.516832+00:00,720.942,0.915,0.91,0.92,0.08499999999999999,0.08,0.09,261.37,414.32,414.32,261.37,0.9,421.02,0.94,181.66,0.89,782.0,0.95,99.18,0.88,348.0,0.96,296.65,0.87,327.0,0.97,797.3,0.86,298.0,0.98,1218.82,0.06,181.66,0.1,421.02,0.05,99.18,0.11,782.0,0.04,296.65,0.12,348.0,0.03,797.3,0.13,327.0,0.02,1218.82,0.14,298.0
2026-01-07 11:12:01.722000+00:00,2026-01-07 11:11:59.521068+00:00,721.722,0.915,0.91,0.92,0.08499999999999999,0.08,0.09,269.37,410.32,410.32,254.37,0.9,405.02,0.94,181.66,0.89,782.0,0.95,114.18,0.88,348.0,0.96,286.65,0.87,327.0,0.97,829.3,0.86,298.0,0.98,1218.82,0.06,181.66,0.1,405.02,0.05,99.18,0.11,782.0,0.04,301.65,0.12,348.0,0.03,829.3,0.13,327.0,0.02,1218.82,0.14,298.0
2026-01-07 11:12:02.812000+00:00,2026-01-07 11:12:00.544094+00:00,722.812,0.915,0.91,0.92,0.08499999999999999,0.08,0.09,223.37,391.44,390.35,223.37,0.9,442.02,0.94,166.66,0.89,782.0,0.95,99.18,0.88,348.0,0.96,304.65,0.87,327.0,0.97,821.3,0.86,298.0,0.98,1226.82,0.06,83.33,0.1,442.02,0.05,99.18,0.11,782.0,0.04,304.65,0.12,348.0,0.03,821.3,0.13,327.0,0.02,1226.82,0.14,298.0
2026-01-07 11:12:04.922000+00:00,2026-01-07 11:12:02.584762+00:00,724.922,0.935,0.93,0.94,0.065,0.06,0.07,123.0,515.26,507.26,123.0,0.92,136.08,0.95,49.18,0.91,706.25,0.96,130.65,0.9,609.02,0.97,423.3,0.89,333.0,0.98,1147.82,0.88,377.0,0.99,4009.09,0.05,49.18,0.08,136.08,0.04,130.65,0.09,706.25,0.03,423.3,0.1,609.02,0.02,1147.82,0.11,333.0,0.01,4009.09,0.12,377.0
2026-01-07 11:12:06.007000+00:00,2026-01-07 11:12:03.592932+00:00,726.007,0.935,0.93,0.94,0.065,0.06,0.07,132.0,423.83,423.83,93.71,0.92,137.12,0.95,49.18,0.91,706.25,0.96,130.65,0.9,581.02,0.97,473.3,0.89,361.0,0.98,1125.82,0.88,313.0,0.99,4012.09,0.05,49.18,0.08,137.12,0.04,130.65,0.09,706.25,0.03,473.3,0.1,581.02,0.02,1124.82,0.11,361.0,0.01,4011.09,0.12,313.0
2026-01-07 11:12:07.058000+00:00,2026-01-07 11:12:04.598224+00:00,727.058,0.935,0.93,0.94,0.065,0.06,0.07,80.71,420.79,420.79,80.71,0.92,155.12,0.95,49.18,0.91,734.25,0.96,137.65,0.9,581.02,0.97,478.3,0.89,374.3,0.98,1161.82,0.88,313.0,0.99,4035.34,0.05,49.18,0.08,168.16,0.04,137.65,0.09,734.25,0.03,478.3,0.1,581.02,0.02,1161.82,0.11,374.3,0.01,4035.34,0.12,313.0
2026-01-07 11:12:08.974000+00:00,2026-01-07 11:12:06.599397+00:00,728.974,0.935,0.93,0.94,0.065,0.06,0.07,50.6,420.79,420.79,50.6,0.92,252.16,0.95,51.18,0.91,266.25,0.96,137.65,0.9,581.02,0.97,528.3,0.89,381.3,0.98,1129.82,0.88,313.0,0.99,4038.1,0.05,51.18,0.08,252.16,0.04,137.65,0.09,266.25,0.03,528.3,0.1,581.02,0.02,1129.82,0.11,381.3,0.01,4038.1,0.12,313.0
2026-01-07 11:12:09.559000+00:00,2026-01-07 11:12:07.603319+00:00,729.559,0.935,0.93,0.94,0.065,0.06,0.07,50.6,394.79,394.79,50.6,0.92,252.16,0.95,51.18,0.91,266.25,0.96,152.65,0.9,581.02,0.97,513.3,0.89,381.3,0.98,1129.82,0.88,313.0,0.99,4038.1,0.05,51.18,0.08,252.16,0.04,152.65,0.09,266.25,0.03,513.3,0.1,581.02,0.02,1129.82,0.11,381.3,0.01,4038.1,0.12,313.0
2026-01-07 11:12:10.929000+00:00,2026-01-07 11:12:08.605906+00:00,730.929,0.935,0.93,0.94,0.065,0.06,0.07,48.97,381.52,381.52,48.97,0.92,252.16,0.95,51.18,0.91,266.25,0.96,152.65,0.9,581.02,0.97,513.3,0.89,381.3,0.98,1129.82,0.88,313.0,0.99,4038.1,0.05,51.18,0.08,252.16,0.04,152.65,0.09,266.25,0.03,513.3,0.1,581.02,0.02,1129.82,0.11,381.3,0.01,4038.1,0.12,313.0
2026-01-07 11:12:12.922000+00:00,2026-01-07 11:12:10.599996+00:00,732.922,0.935,0.93,0.94,0.065,0.06,0.07,79.68,344.16,344.16,79.68,0.92,673.16,0.95,51.18,0.91,294.25,0.96,157.65,0.9,609.02,0.97,473.3,0.89,353.3,0.98,1161.82,0.88,313.0,0.99,4050.88,0.05,51.18,0.08,673.16,0.04,157.65,0.09,294.25,0.03,473.3,0.1,609.02,0.02,1161.82,0.11,353.3,0.01,4050.88,0.12,313.0
2026-01-07 11:12:14.041000+00:00,2026-01-07 11:12:11.616236+00:00,734.041,0.935,0.93,0.94,0.065,0.06,0.07,64.68,339.8,318.84,64.68,0.92,661.16,0.95,64.18,0.91,435.25,0.96,152.65,0.9,586.02,0.97,500.3,0.89,416.3,0.98,968.81,0.88,320.0,0.99,4032.88,0.05,51.18,0.08,666.16,0.04,152.65,0.09,484.25,0.03,513.3,0.1,609.02,0.02,961.81,0.11,353.3,0.01,4032.88,0.12,313.0
2026-01-07 11:12:15.941000+00:00,2026-01-07 11:12:13.653585+00:00,735.941,0.955,0.95,0.96,0.045,0.04,0.05,53.8,65.26,65.26,53.8,0.94,77.65,0.97,463.3,0.93,71.39,0.98,996.82,0.92,242.16,0.99,3931.88,0.91,458.15,,,0.9,593.42,,,0.03,463.3,0.06,77.65,0.02,996.82,0.07,71.39,0.01,3931.88,0.08,242.16,,,0.09,458.15,,,0.1,593.42
2026-01-07 11:12:17.937000+00:00,2026-01-07 11:12:15.693709+00:00,737.937,0.955,0.95,0.96,0.045,0.04,0.05,48.8,65.26,65.26,48.8,0.94,92.87,0.97,435.3,0.93,155.39,0.98,1033.82,0.92,237.16,0.99,3929.88,0.91,458.15,,,0.9,593.42,,,0.03,435.3,0.06,92.87,0.02,1033.82,0.07,155.39,0.01,3929.88,0.08,237.16,,,0.09,458.15,,,0.1,593.42
2026-01-07 11:12:19.079000+00:00,2026-01-07 11:12:16.716238+00:00,739.079,0.955,0.95,0.96,0.035,0.03,0.04,83.8,64.21,277.67,40.0,0.94,162.87,0.97,420.3,0.93,618.39,0.98,1033.82,0.92,237.16,0.99,3929.88,0.91,458.15,,,0.9,593.42,,,0.02,1033.82,0.05,113.8,0.01,3929.88,0.06,228.13,,,0.07,618.39,,,0.08,237.16,,,0.09,458.15
2026-01-07 11:12:20.994000+00:00,2026-01-07 11:12:18.727433+00:00,740.994,0.965,0.96,0.97,0.035,0.03,0.04,25.0,605.25,602.03,25.0,0.95,121.8,0.98,1046.82,0.94,244.13,0.99,3948.88,0.93,597.39,,,0.92,244.16,,,0.91,441.15,,,0.02,1046.82,0.05,128.8,0.01,3948.88,0.06,244.13,,,0.07,148.39,,,0.08,244.16,,,0.09,441.15
2026-01-07 11:12:22.156000+00:00,2026-01-07 11:12:19.732582+00:00,742.156,0.965,0.96,0.97,0.035,0.03,0.04,30.0,602.03,602.03,65.0,0.95,68.8,0.98,1016.82,0.94,234.13,0.99,3923.88,0.93,113.39,,,0.92,209.16,,,0.91,406.15,,,0.02,1016.82,0.05,78.8,0.01,3958.88,0.06,718.13,,,0.07,148.39,,,0.08,244.16,,,0.09,406.15
2026-01-07 11:12:23.132000+00:00,2026-01-07 11:12:20.738677+00:00,743.132,0.965,0.96,0.97,0.035,0.03,0.04,65.0,597.03,597.03,65.0,0.95,148.8,0.98,1016.82,0.94,718.13,0.99,3958.88,0.93,148.39,,,0.92,229.16,,,0.91,406.15,,,0.02,1016.82,0.05,148.8,0.01,3958.88,0.06,718.13,,,0.07,148.39,,,0.08,229.16,,,0.09,406.15
2026-01-07 11:12:24.880000+00:00,2026-01-07 11:12:22.751395+00:00,744.88,0.965,0.96,0.97,0.035,0.03,0.04,65.0,546.78,546.78,65.0,0.95,173.8,0.98,1016.82,0.94,718.13,0.99,3958.88,0.93,148.39,,,0.92,229.16,,,0.91,406.15,,,0.02,1016.82,0.05,173.8,0.01,3958.88,0.06,718.13,,,0.07,141.39,,,0.08,229.16,,,0.09,406.15
2026-01-07 11:12:26.123000+00:00,2026-01-07 11:12:23.756963+00:00,746.123,0.965,0.96,0.97,0.035,0.03,0.04,82.0,546.78,546.78,82.0,0.95,158.8,0.98,1051.82,0.94,700.13,0.99,3933.88,0.93,141.39,,,0.92,229.16,,,0.91,441.15,,,0.02,1051.82,0.05,173.8,0.01,3933.88,0.06,700.13,,,0.07,141.39,,,0.08,229.16,,,0.09,441.15
2026-01-07 11:12:27.126000+00:00,2026-01-07 11:12:24.767912+00:00,747.126,0.965,0.96,0.97,0.035,0.03,0.04,87.0,544.71,544.71,87.0,0.95,173.8,0.98,1051.82,0.94,700.13,0.99,3933.88,0.93,141.39,,,0.92,229.16,,,0.91,517.15,,,0.02,1001.82,0.05,173.8,0.01,3983.88,0.06,700.13,,,0.07,141.39,,,0.08,229.16,,,0.09,517.15
2026-01-07 11:12:28.832000+00:00,2026-01-07 11:12:26.780170+00:00,748.832,0.965,0.96,0.97,0.035,0.03,0.04,107.0,435.03,435.03,107.0,0.95,615.8,0.98,803.52,0.94,264.13,0.99,3843.88,0.93,132.39,,,0.92,471.86,,,0.91,433.15,,,0.02,803.52,0.05,587.8,0.01,3855.88,0.06,264.13,,,0.07,125.39,,,0.08,422.86,,,0.09,482.15
2026-01-07 11:12:30.123000+00:00,2026-01-07 11:12:27.785199+00:00,750.123,0.965,0.96,0.97,0.035,0.03,0.04,107.0,435.03,433.66,207.0,0.95,587.8,0.98,795.52,0.94,285.13,0.99,3563.45,0.93,132.39,,,0.92,429.86,,,0.91,482.15,,,0.02,795.52,0.05,602.8,0.01,3563.45,0.06,285.13,,,0.07,132.39,,,0.08,429.86,,,0.09,482.15
2026-01-07 11:12:31.115000+00:00,2026-01-07 11:12:28.806552+00:00,751.115,0.965,0.96,0.97,0.035,0.03,0.04,223.37,433.66,433.66,223.37,0.95,595.8,0.98,795.52,0.94,285.13,0.99,3563.45,0.93,132.39,,,0.92,429.86,,,0.91,482.15,,,0.02,795.52,0.05,587.8,0.01,3563.45,0.06,285.13,,,0.07,132.39,,,0.08,429.86,,,0.09,482.15
2026-01-07 11:12:32.191000+00:00,2026-01-07 11:12:29.825100+00:00,752.191,0.965,0.96,0.97,0.035,0.03,0.04,243.37,430.0,423.0,243.37,0.95,582.8,0.98,875.52,0.94,292.13,0.99,3507.63,0.93,165.39,,,0.92,436.86,,,0.91,440.15,,,0.02,838.52,0.05,582.8,0.01,3512.63,0.06,292.13,,,0.07,165.39,,,0.08,436.86,,,0.09,440.15
2026-01-07 11:12:33.164000+00:00,2026-01-07 11:12:30.831504+00:00,753.164,0.965,0.96,0.97,0.035,0.03,0.04,243.37,423.0,423.0,243.37,0.95,582.8,0.98,860.52,0.94,313.13,0.99,3512.63,0.93,158.39,,,0.92,422.86,,,0.91,440.15,,,0.02,885.52,0.05,587.8,0.01,3507.63,0.06,327.13,,,0.07,132.39,,,0.08,422.86,,,0.09,440.15
2026-01-07 11:12:34.280000+00:00,2026-01-07 11:12:31.850327+00:00,754.28,0.965,0.96,0.97,0.035,0.03,0.04,218.37,302.39,302.39,218.37,0.95,587.8,0.98,878.52,0.94,278.13,0.99,3539.62,0.93,139.39,,,0.92,429.86,,,0.91,433.15,,,0.02,878.52,0.05,587.8,0.01,3539.62,0.06,278.13,,,0.07,139.39,,,0.08,429.86,,,0.09,433.15
2026-01-07 11:12:35.297000+00:00,2026-01-07 11:12:32.870346+00:00,755.297,0.965,0.96,0.97,0.035,0.03,0.04,270.37,302.39,302.39,270.37,0.95,601.8,0.98,788.52,0.94,271.13,0.99,3567.62,0.93,125.39,,,0.92,239.86,,,0.91,250.15,,,0.02,762.52,0.05,601.8,0.01,3567.62,0.06,271.13,,,0.07,125.39,,,0.08,239.86,,,0.09,223.15
2026-01-07 11:12:36.197000+00:00,2026-01-07 11:12:33.875009+00:00,756.197,0.965,0.96,0.97,0.035,0.03,0.04,270.37,178.06,178.06,270.37,0.95,601.8,0.98,788.52,0.94,278.13,0.99,3567.62,0.93,132.39,,,0.92,239.86,,,0.91,250.15,,,0.02,788.52,0.05,601.8,0.01,3567.62,0.06,278.13,,,0.07,132.39,,,0.08,239.86,,,0.09,250.15
2026-01-07 11:12:37.242000+00:00,2026-01-07 11:12:34.883567+00:00,757.242,0.965,0.96,0.97,0.035,0.03,0.04,260.37,441.26,441.26,260.37,0.95,601.8,0.98,762.52,0.94,263.13,0.99,3567.62,0.93,132.39,,,0.92,239.86,,,0.91,223.15,,,0.02,762.52,0.05,601.8,0.01,3567.62,0.06,263.13,,,0.07,132.39,,,0.08,239.86,,,0.09,223.15
2026-01-07 11:12:38.238000+00:00,2026-01-07 11:12:35.889928+00:00,758.238,0.965,0.96,0.97,0.035,0.03,0.04,260.37,441.26,441.26,260.37,0.95,607.8,0.98,788.52,0.94,263.13,0.99,3567.62,0.93,125.39,,,0.92,239.86,,,0.91,250.15,,,0.02,788.52,0.05,607.8,0.01,3567.62,0.06,263.13,,,0.07,125.39,,,0.08,239.86,,,0.09,250.15
2026-01-07 11:12:39.049000+00:00,2026-01-07 11:12:36.895510+00:00,759.049,0.965,0.96,0.97,0.035,0.03,0.04,260.37,200.31,200.31,260.37,0.95,607.8,0.98,788.52,0.94,263.13,0.99,3567.62,0.93,125.39,,,0.92,246.86,,,0.91,250.15,,,0.02,788.52,0.05,601.8,0.01,3567.62,0.06,263.13,,,0.07,125.39,,,0.08,246.86,,,0.09,250.15
2026-01-07 11:12:40.055000+00:00,2026-01-07 11:12:37.904316+00:00,760.055,0.965,0.96,0.97,0.035,0.03,0.04,228.37,200.31,200.31,228.37,0.95,626.8,0.98,823.52,0.94,261.13,0.99,3542.62,0.93,125.39,,,0.92,246.86,,,0.91,285.15,,,0.02,823.52,0.05,626.8,0.01,3542.62,0.06,261.13,,,0.07,125.39,,,0.08,246.86,,,0.09,285.15
2026-01-07 11:12:41.329000+00:00,2026-01-07 11:12:38.913517+00:00,761.329,0.965,0.96,0.97,0.035,0.03,0.04,206.55,419.02,419.02,206.55,0.95,612.8,0.98,823.52,0.94,275.13,0.99,3542.62,0.93,125.39,,,0.92,246.86,,,0.91,285.15,,,0.02,823.52,0.05,612.8,0.01,3542.62,0.06,275.13,,,0.07,125.39,,,0.08,295.86,,,0.09,285.15
2026-01-07 11:12:42.359000+00:00,2026-01-07 11:12:39.932106+00:00,762.359,0.965,0.96,0.97,0.035,0.03,0.04,206.55,378.6,600.6,191.55,0.95,577.8,0.98,868.52,0.94,265.13,0.99,3527.62,0.93,90.39,,,0.92,260.86,,,0.91,250.15,,,0.02,823.52,0.05,53.8,0.01,3512.62,0.06,216.13,,,0.07,123.39,,,0.08,309.86,,,0.09,285.15
2026-01-07 11:12:43.235000+00:00,2026-01-07 11:12:40.939617+00:00,763.235,0.965,0.96,0.97,0.035,0.03,0.04,166.55,470.6,420.6,181.55,0.95,53.8,0.98,872.52,0.94,228.13,0.99,3547.62,0.93,80.39,,,0.92,314.86,,,0.91,313.15,,,0.02,882.52,0.05,68.8,0.01,3540.62,0.06,228.13,,,0.07,92.39,,,0.08,330.86,,,0.09,285.15
2026-01-07 11:12:44.247000+00:00,2026-01-07 11:12:41.928007+00:00,764.247,0.965,0.96,0.97,0.035,0.03,0.04,181.55,413.6,413.6,181.55,0.95,61.8,0.98,877.52,0.94,240.13,0.99,3552.62,0.93,122.39,,,0.92,288.86,,,0.91,292.15,,,0.02,877.52,0.05,61.8,0.01,3552.62,0.06,240.13,,,0.07,122.39,,,0.08,288.86,,,0.09,292.15
2026-01-07 11:12:45.357000+00:00,2026-01-07 11:12:42.933599+00:00,765.357,0.965,0.96,0.97,0.035,0.03,0.04,233.55,413.6,413.6,233.55,0.95,131.8,0.98,870.52,0.94,254.13,0.99,3559.62,0.93,108.39,,,0.92,288.86,,,0.91,292.15,,,0.02,870.52,0.05,131.8,0.01,3559.62,0.06,254.13,,,0.07,108.39,,,0.08,288.86,,,0.09,292.15
2026-01-07 11:12:46.246000+00:00,2026-01-07 11:12:43.938383+00:00,766.246,0.965,0.96,0.97,0.035,0.03,0.04,208.55,392.98,392.98,208.55,0.95,123.8,0.98,863.52,0.94,261.13,0.99,3566.62,0.93,101.39,,,0.92,295.86,,,0.91,285.15,,,0.02,863.52,0.05,572.8,0.01,3554.62,0.06,261.13,,,0.07,101.39,,,0.08,295.86,,,0.09,285.15
2026-01-07 11:12:47.362000+00:00,2026-01-07 11:12:44.945273+00:00,767.362,0.965,0.96,0.97,0.035,0.03,0.04,168.55,268.55,268.55,168.55,0.95,572.8,0.98,863.52,0.94,256.13,0.99,3547.62,0.93,87.39,,,0.92,295.86,,,0.91,285.15,,,0.02,863.52,0.05,572.8,0.01,3547.62,0.06,256.13,,,0.07,87.39,,,0.08,295.86,,,0.09,285.15
2026-01-07 11:12:48.278000+00:00,2026-01-07 11:12:45.955936+00:00,768.278,0.965,0.96,0.97,0.035,0.03,0.04,163.55,4306.18,4306.18,163.55,0.95,577.8,0.98,863.52,0.94,270.13,0.99,3547.62,0.93,87.39,,,0.92,295.86,,,0.91,285.15,,,0.02,863.52,0.05,577.8,0.01,3547.62,0.06,270.13,,,0.07,87.39,,,0.08,295.86,,,0.09,285.15
2026-01-07 11:12:49.414000+00:00,2026-01-07 11:12:46.981303+00:00,769.414,0.965,0.96,0.97,0.035,0.03,0.04,163.55,4306.18,4306.18,163.55,0.95,577.8,0.98,863.52,0.94,270.13,0.99,3554.62,0.93,87.39,,,0.92,295.86,,,0.91,285.15,,,0.02,863.52,0.05,577.8,0.01,3539.62,0.06,270.13,,,0.07,87.39,,,0.08,295.86,,,0.09,285.15
2026-01-07 11:12:50.284000+00:00,2026-01-07 11:12:47.991623+00:00,770.284,0.965,0.96,0.97,0.035,0.03,0.04,163.55,4306.18,4306.18,163.55,0.95,572.8,0.98,870.52,0.94,254.13,0.99,3559.62,0.93,128.39,,,0.92,288.86,,,0.91,292.15,,,0.02,870.52,0.05,607.8,0.01,3559.62,0.06,229.13,,,0.07,153.39,,,0.08,288.86,,,0.09,292.15
2026-01-07 11:12:51.139000+00:00,2026-01-07 11:12:49.011919+00:00,771.139,0.965,0.96,0.97,0.035,0.03,0.04,138.55,4089.38,4089.38,138.55,0.95,612.8,0.98,870.52,0.94,224.13,0.99,3554.62,0.93,153.39,,,0.92,288.86,,,0.91,292.15,,,0.02,870.52,0.05,612.8,0.01,3554.62,0.06,224.13,,,0.07,153.39,,,0.08,288.86,,,0.09,292.15
2026-01-07 11:12:52.409000+00:00,2026-01-07 11:12:50.018536+00:00,772.409,0.965,0.96,0.97,0.035,0.03,0.04,178.55,4036.59,4036.59,178.55,0.95,602.8,0.98,853.52,0.94,249.13,0.99,3532.62,0.93,153.39,,,0.92,288.86,,,0.91,250.15,,,0.02,853.52,0.05,602.8,0.01,3539.62,0.06,249.13,,,0.07,153.39,,,0.08,295.86,,,0.09,250.15
2026-01-07 11:12:53.404000+00:00,2026-01-07 11:12:51.040561+00:00,773.404,0.965,0.96,0.97,0.035,0.03,0.04,173.55,4036.59,4036.59,173.55,0.95,587.8,0.98,853.52,0.94,263.13,0.99,3548.24,0.93,139.39,,,0.92,295.86,,,0.91,250.15,,,0.02,853.52,0.05,587.8,0.01,3548.24,0.06,263.13,,,0.07,139.39,,,0.08,295.86,,,0.09,250.15
2026-01-07 11:12:54.435000+00:00,2026-01-07 11:12:52.046753+00:00,774.435,0.965,0.96,0.97,0.035,0.03,0.04,200.55,4049.59,4049.59,200.55,0.95,587.8,0.98,853.52,0.94,263.13,0.99,3548.24,0.93,139.39,,,0.92,246.86,,,0.91,299.15,,,0.02,853.52,0.05,587.8,0.01,3548.24,0.06,263.13,,,0.07,139.39,,,0.08,246.86,,,0.09,299.15
2026-01-07 11:12:55.340000+00:00,2026-01-07 11:12:53.053634+00:00,775.34,0.965,0.96,0.97,0.035,0.03,0.04,200.55,4049.59,4049.59,200.55,0.95,587.8,0.98,853.52,0.94,263.13,0.99,3563.86,0.93,139.39,,,0.92,246.86,,,0.91,299.15,,,0.02,853.52,0.05,587.8,0.01,3563.86,0.06,263.13,,,0.07,139.39,,,0.08,246.86,,,0.09,299.15
2026-01-07 11:12:56.254000+00:00,2026-01-07 11:12:54.058612+00:00,776.254,0.965,0.96,0.97,0.035,0.03,0.04,200.55,4044.59,4044.59,200.55,0.95,587.8,0.98,853.52,0.94,263.13,0.99,3548.86,0.93,139.39,,,0.92,246.86,,,0.91,299.15,,,0.02,853.52,0.05,587.8,0.01,3548.86,0.06,263.13,,,0.07,139.39,,,0.08,246.86,,,0.09,299.15
2026-01-07 11:12:57.234000+00:00,2026-01-07 11:12:55.064599+00:00,777.234,0.965,0.96,0.97,0.035,0.03,0.04,175.55,3909.97,3909.97,175.55,0.95,587.8,0.98,853.52,0.94,263.13,0.99,3548.86,0.93,139.39,,,0.92,295.86,,,0.91,250.15,,,0.02,853.52,0.05,587.8,0.01,3548.86,0.06,263.13,,,0.07,139.39,,,0.08,295.86,,,0.09,250.15
2026-01-07 11:12:58.101000+00:00,2026-01-07 11:12:56.071219+00:00,778.101,0.965,0.96,0.97,0.035,0.03,0.04,161.52,3909.97,3909.97,161.52,0.95,572.8,0.98,753.56,0.94,263.13,0.99,3548.86,0.93,139.39,,,0.92,295.86,,,0.91,250.15,,,0.02,753.56,0.05,572.8,0.01,3548.86,0.06,263.13,,,0.07,139.39,,,0.08,295.86,,,0.09,250.15
2026-01-07 11:12:59.345000+00:00,2026-01-07 11:12:57.069859+00:00,779.345,0.965,0.96,0.97,0.035,0.03,0.04,171.52,3883.97,3883.97,171.52,0.95,139.8,0.98,727.56,0.94,256.13,0.99,3506.86,0.93,125.39,,,0.92,295.86,,,0.91,223.15,,,0.02,727.56,0.05,139.8,0.01,3506.86,0.06,256.13,,,0.07,125.39,,,0.08,295.86,,,0.09,223.15
2026-01-07 11:13:00.153000+00:00,2026-01-07 11:12:58.076128+00:00,780.153,0.965,0.96,0.97,0.035,0.03,0.04,166.52,3883.97,3883.97,166.52,0.95,138.8,0.98,662.56,0.94,249.13,0.99,3563.86,0.93,153.39,,,0.92,288.86,,,0.91,230.15,,,0.02,662.56,0.05,133.8,0.01,3563.86,0.06,249.13,,,0.07,153.39,,,0.08,288.86,,,0.09,230.15
2026-01-07 11:13:01.149000+00:00,2026-01-07 11:12:59.084838+00:00,781.149,0.965,0.96,0.97,0.035,0.03,0.04,161.52,3883.97,3883.97,161.52,0.95,131.8,0.98,662.56,0.94,249.13,0.99,3563.86,0.93,153.39,,,0.92,288.86,,,0.91,230.15,,,0.02,662.56,0.05,131.8,0.01,3563.86,0.06,249.13,,,0.07,153.39,,,0.08,288.86,,,0.09,230.15
2026-01-07 11:13:02.512000+00:00,2026-01-07 11:13:00.089894+00:00,782.512,0.965,0.96,0.97,0.035,0.03,0.04,780.52,3845.56,3845.56,804.52,0.95,188.8,0.98,692.56,0.94,291.13,0.99,3541.86,0.93,125.39,,,0.92,246.86,,,0.91,344.15,,,0.02,651.77,0.05,174.8,0.01,3329.76,0.06,277.13,,,0.07,132.39,,,0.08,239.86,,,0.09,223.15
2026-01-07 11:13:03.496000+00:00,2026-01-07 11:13:01.098281+00:00,783.496,0.965,0.96,0.97,0.035,0.03,0.04,736.52,3114.58,3114.58,776.52,0.95,177.2,0.98,651.77,0.94,300.13,0.99,3329.76,0.93,132.39,,,0.92,239.86,,,0.91,223.15,,,0.02,651.77,0.05,177.2,0.01,3329.76,0.06,300.13,,,0.07,132.39,,,0.08,239.86,,,0.09,223.15
2026-01-07 11:13:04.541000+00:00,2026-01-07 11:13:02.116975+00:00,784.541,0.965,0.96,0.97,0.035,0.03,0.04,827.17,3047.22,2997.22,827.17,0.95,177.2,0.98,651.77,0.94,300.13,0.99,3329.76,0.93,132.39,,,0.92,224.86,,,0.91,223.15,,,0.02,651.77,0.05,177.2,0.01,3329.76,0.06,300.13,,,0.07,132.39,,,0.08,224.86,,,0.09,223.15
2026-01-07 11:13:05.488000+00:00,2026-01-07 11:13:03.122354+00:00,785.488,0.965,0.96,0.97,0.035,0.03,0.04,846.17,2928.98,2928.98,846.17,0.95,161.2,0.98,651.77,0.94,342.13,0.99,3336.76,0.93,132.39,,,0.92,224.86,,,0.91,230.15,,,0.02,651.77,0.05,161.2,0.01,3336.76,0.06,342.13,,,0.07,132.39,,,0.08,224.86,,,0.09,230.15
2026-01-07 11:13:06.515000+00:00,2026-01-07 11:13:04.130022+00:00,786.515,0.965,0.96,0.97,0.035,0.03,0.04,846.17,2924.85,2924.85,846.17,0.95,161.2,0.98,651.77,0.94,342.13,0.99,3336.76,0.93,132.39,,,0.92,224.86,,,0.91,230.15,,,0.02,651.77,0.05,161.2,0.01,3336.76,0.06,342.13,,,0.07,132.39,,,0.08,224.86,,,0.09,230.15
2026-01-07 11:13:07.311000+00:00,2026-01-07 11:13:05.136948+00:00,787.311,0.965,0.96,0.97,0.035,0.03,0.04,846.17,2499.69,2499.69,846.17,0.95,152.2,0.98,616.77,0.94,342.13,0.99,3785.76,0.93,132.39,,,0.92,224.86,,,0.91,230.15,,,0.02,616.77,0.05,152.2,0.01,3785.76,0.06,342.13,,,0.07,132.39,,,0.08,224.86,,,0.09,230.15
2026-01-07 11:13:08.558000+00:00,2026-01-07 11:13:06.139546+00:00,788.558,0.965,0.96,0.97,0.035,0.03,0.04,866.22,1004.48,1004.48,866.22,0.95,146.2,0.98,616.77,0.94,342.13,0.99,3785.76,0.93,132.39,,,0.92,224.86,,,0.91,230.15,,,0.02,616.77,0.05,146.2,0.01,3785.76,0.06,342.13,,,0.07,132.39,,,0.08,224.86,,,0.09,230.15
2026-01-07 11:13:09.291000+00:00,2026-01-07 11:13:07.145444+00:00,789.291,0.965,0.96,0.97,0.035,0.03,0.04,841.22,990.44,961.87,841.22,0.95,146.2,0.98,616.77,0.94,342.13,0.99,3785.76,0.93,132.39,,,0.92,224.86,,,0.91,230.15,,,0.02,616.77,0.05,146.2,0.01,3785.76,0.06,342.13,,,0.07,132.39,,,0.08,224.86,,,0.09,230.15
2026-01-07 11:13:10.365000+00:00,2026-01-07 11:13:08.168384+00:00,790.365,0.965,0.96,0.97,0.035,0.03,0.04,841.22,799.35,799.35,841.22,0.95,146.2,0.98,616.77,0.94,342.13,0.99,3785.76,0.93,132.39,,,0.92,224.86,,,0.91,230.15,,,0.02,616.77,0.05,146.2,0.01,3785.76,0.06,342.13,,,0.07,132.39,,,0.08,224.86,,,0.09,230.15
2026-01-07 11:13:11.573000+00:00,2026-01-07 11:13:09.174042+00:00,791.573,0.965,0.96,0.97,0.035,0.03,0.04,841.22,229.74,229.74,816.95,0.95,146.2,0.98,616.77,0.94,342.13,0.99,3785.76,0.93,132.39,,,0.92,224.86,,,0.91,230.15,,,0.02,616.77,0.05,171.2,0.01,3785.76,0.06,342.13,,,0.07,132.39,,,0.08,189.86,,,0.09,230.15
2026-01-07 11:13:12.588000+00:00,2026-01-07 11:13:10.180919+00:00,792.588,0.965,0.96,0.97,0.025,0.02,0.03,791.95,36.48,616.77,30.0,0.95,176.2,0.98,616.77,0.94,342.13,0.99,3785.76,0.93,132.39,,,0.92,189.86,,,0.91,230.15,,,0.01,3785.76,0.04,776.95,,,0.05,191.2,,,0.06,327.13,,,0.07,132.0,,,0.08,189.86
2026-01-07 11:13:13.473000+00:00,2026-01-07 11:13:11.184177+00:00,793.473,0.975,0.97,0.98,0.025,0.02,0.03,70.0,507.7,507.7,70.0,0.96,372.95,0.99,3778.76,0.95,199.2,,,0.94,306.13,,,0.93,125.0,,,0.92,201.86,,,0.01,3778.76,0.04,357.95,,,0.05,199.2,,,0.06,306.13,,,0.07,125.0,,,0.08,201.86
2026-01-07 11:13:14.549000+00:00,2026-01-07 11:13:12.189435+00:00,794.549,0.975,0.97,0.98,0.02,0.01,0.03,484.0,72.69,3778.76,480.66,0.96,322.95,0.99,3778.76,0.95,213.2,,,0.94,292.13,,,0.93,90.0,,,0.92,201.86,,,,,0.04,359.95,,,0.05,169.4,,,0.06,257.13,,,0.07,90.0,,,0.08,201.86
2026-01-07 11:13:15.614000+00:00,2026-01-07 11:13:13.190024+00:00,795.614,0.98,0.97,0.99,0.015,0.01,0.02,466.66,3593.65,3592.63,35.0,0.96,359.95,,,0.95,169.4,,,0.94,257.13,,,0.93,90.0,,,0.92,201.86,,,,,0.03,476.66,,,0.04,394.95,,,0.05,204.4,,,0.06,292.13,,,0.07,90.0
2026-01-07 11:13:16.537000+00:00,2026-01-07 11:13:14.192471+00:00,796.537,0.985,0.98,0.99,0.015,0.01,0.02,455.02,3047.56,3047.56,452.87,0.97,526.66,,,0.96,429.95,,,0.95,169.4,,,0.94,285.13,,,0.93,96.0,,,,,0.03,566.66,,,0.04,429.95,,,0.05,169.4,,,0.06,285.13,,,0.07,101.0
2026-01-07 11:13:17.580000+00:00,2026-01-07 11:13:15.193394+00:00,797.58,0.985,0.98,0.99,0.015,0.01,0.02,402.87,3143.88,3143.88,402.87,0.97,546.66,,,0.96,429.95,,,0.95,144.4,,,0.94,285.13,,,0.93,101.0,,,,,0.03,546.66,,,0.04,429.95,,,0.05,144.4,,,0.06,285.13,,,0.07,101.0
2026-01-07 11:13:18.558000+00:00,2026-01-07 11:13:16.213506+00:00,798.558,0.985,0.98,0.99,0.015,0.01,0.02,503.72,2100.65,2100.65,503.72,0.97,141.0,,,0.96,429.95,,,0.95,144.4,,,0.94,285.13,,,0.93,136.0,,,,,0.03,141.0,,,0.04,429.95,,,0.05,144.4,,,0.06,285.13,,,0.07,136.0
2026-01-07 11:13:19.607000+00:00,2026-01-07 11:13:17.215989+00:00,799.607,0.985,0.98,0.99,0.015,0.01,0.02,1093.26,2095.59,2095.59,1098.26,0.97,211.0,,,0.96,429.95,,,0.95,144.4,,,0.94,285.13,,,0.93,136.0,,,,,0.03,211.0,,,0.04,429.95,,,0.05,144.4,,,0.06,285.13,,,0.07,136.0
2026-01-07 11:13:20.615000+00:00,2026-01-07 11:13:18.218306+00:00,800.615,0.985,0.98,0.99,0.015,0.01,0.02,1133.33,1884.46,1783.46,1133.33,0.97,246.0,,,0.96,404.95,,,0.95,169.4,,,0.94,285.13,,,0.93,136.0,,,,,0.03,246.0,,,0.04,404.95,,,0.05,169.4,,,0.06,285.13,,,0.07,136.0
2026-01-07 11:13:21.589000+00:00,2026-01-07 11:13:19.227420+00:00,801.589,0.985,0.98,0.99,0.015,0.01,0.02,1053.33,1563.46,1563.46,1053.33,0.97,221.0,,,0.96,404.95,,,0.95,169.4,,,0.94,285.13,,,0.93,136.0,,,,,0.03,221.0,,,0.04,404.95,,,0.05,169.4,,,0.06,285.13,,,0.07,136.0
2026-01-07 11:13:22.674000+00:00,2026-01-07 11:13:20.246962+00:00,802.674,0.985,0.98,0.99,0.015,0.01,0.02,553.33,1363.46,1363.46,553.33,0.97,221.0,,,0.96,404.95,,,0.95,218.4,,,0.94,236.13,,,0.93,136.0,,,,,0.03,221.0,,,0.04,404.95,,,0.05,218.4,,,0.06,236.13,,,0.07,136.0
2026-01-07 11:13:23.667000+00:00,2026-01-07 11:13:21.252329+00:00,803.667,0.985,0.98,0.99,0.015,0.01,0.02,503.33,1201.46,1171.54,503.33,0.97,206.0,,,0.96,404.95,,,0.95,218.4,,,0.94,236.13,,,0.93,136.0,,,,,0.03,214.0,,,0.04,404.95,,,0.05,218.4,,,0.06,236.13,,,0.07,136.0
2026-01-07 11:13:24.657000+00:00,2026-01-07 11:13:22.243357+00:00,804.657,0.985,0.98,0.99,0.015,0.01,0.02,503.33,1130.54,1130.54,503.33,0.97,221.0,,,0.96,456.95,,,0.95,218.4,,,0.94,236.13,,,0.93,136.0,,,,,0.03,221.0,,,0.04,456.95,,,0.05,218.4,,,0.06,236.13,,,0.07,136.0
2026-01-07 11:13:25.681000+00:00,2026-01-07 11:13:23.262330+00:00,805.681,0.985,0.98,0.99,0.015,0.01,0.02,503.33,1045.54,1035.43,503.33,0.97,206.0,,,0.96,456.95,,,0.95,218.4,,,0.94,236.13,,,0.93,136.0,,,,,0.03,206.0,,,0.04,456.95,,,0.05,218.4,,,0.06,236.13,,,0.07,136.0
2026-01-07 11:13:26.569000+00:00,2026-01-07 11:13:24.267376+00:00,806.569,0.985,0.98,0.99,0.015,0.01,0.02,453.33,1055.26,1055.26,753.33,0.97,206.0,,,0.96,456.95,,,0.95,218.4,,,0.94,236.13,,,0.93,130.0,,,,,0.03,206.0,,,0.04,444.95,,,0.05,230.4,,,0.06,236.13,,,0.07,130.0
2026-01-07 11:13:27.501000+00:00,2026-01-07 11:13:25.272944+00:00,807.501,0.985,0.98,0.99,0.015,0.01,0.02,753.33,411.1,411.1,753.33,0.97,206.0,,,0.96,456.95,,,0.95,218.4,,,0.94,236.13,,,0.93,130.0,,,,,0.03,206.0,,,0.04,456.95,,,0.05,218.4,,,0.06,236.13,,,0.07,130.0
2026-01-07 11:13:28.698000+00:00,2026-01-07 11:13:26.279555+00:00,808.698,0.99,0.99,,0.01,,0.01,3924.41,,,3875.31,0.98,781.69,,,0.97,177.0,,,0.96,440.95,,,0.95,183.4,,,0.94,201.13,,,,,0.02,1071.69,,,0.03,177.0,,,0.04,411.95,,,0.05,171.4,,,0.06,201.13
2026-01-07 11:13:29.340000+00:00,2026-01-07 11:13:27.287430+00:00,809.34,0.99,0.99,,0.01,,0.01,4357.89,,,4407.89,0.98,1107.05,,,0.97,201.0,,,0.96,411.95,,,0.95,171.4,,,0.94,207.13,,,,,0.02,1107.05,,,0.03,236.0,,,0.04,411.95,,,0.05,171.4,,,0.06,207.13
2026-01-07 11:13:30.086000+00:00,2026-01-07 11:13:28.297301+00:00,810.086,0.99,0.99,,0.01,,0.01,4442.89,,,4442.89,0.98,1076.98,,,0.97,236.0,,,0.96,446.95,,,0.95,206.4,,,0.94,207.13,,,,,0.02,1076.98,,,0.03,236.0,,,0.04,446.95,,,0.05,206.4,,,0.06,207.13
2026-01-07 11:13:31.420000+00:00,2026-01-07 11:13:29.302883+00:00,811.42,0.99,0.99,,0.01,,0.01,4442.89,,,4442.89,0.98,713.72,,,0.97,236.0,,,0.96,446.95,,,0.95,206.4,,,0.94,207.13,,,,,0.02,713.72,,,0.03,236.0,,,0.04,446.95,,,0.05,206.4,,,0.06,207.13
2026-01-07 11:13:32.016000+00:00,2026-01-07 11:13:31.317075+00:00,812.016,0.99,0.99,,0.01,,0.01,4342.89,,,4153.94,0.98,713.72,,,0.97,236.0,,,0.96,446.95,,,0.95,206.4,,,0.94,207.13,,,,,0.02,713.72,,,0.03,236.0,,,0.04,446.95,,,0.05,206.4,,,0.06,207.13
2026-01-07 11:13:34.534000+00:00,2026-01-07 11:13:32.340057+00:00,814.534,0.99,0.99,,0.01,,0.01,3936.94,,,4086.94,0.98,413.72,,,0.97,236.0,,,0.96,498.95,,,0.95,206.4,,,0.94,207.13,,,,,0.02,413.72,,,0.03,236.0,,,0.04,498.95,,,0.05,206.4,,,0.06,207.13
2026-01-07 11:13:35.495000+00:00,2026-01-07 11:13:33.347111+00:00,815.495,0.99,0.99,,0.01,,0.01,4425.32,,,4425.32,0.98,413.72,,,0.97,236.0,,,0.96,498.95,,,0.95,206.4,,,0.94,207.13,,,,,0.02,413.72,,,0.03,236.0,,,0.04,498.95,,,0.05,206.4,,,0.06,207.13
2026-01-07 11:13:36.735000+00:00,2026-01-07 11:13:34.370527+00:00,816.735,0.99,0.99,,0.01,,0.01,4391.87,,,4391.87,0.98,413.72,,,0.97,236.0,,,0.96,498.95,,,0.95,206.4,,,0.94,207.13,,,,,0.02,413.72,,,0.03,236.0,,,0.04,498.95,,,0.05,206.4,,,0.06,207.13
2026-01-07 11:13:37.751000+00:00,2026-01-07 11:13:35.375789+00:00,817.751,0.99,0.99,,0.01,,0.01,3927.25,,,3927.25,0.98,845.72,,,0.97,223.0,,,0.96,522.95,,,0.95,206.4,,,0.94,201.13,,,,,0.02,845.72,,,0.03,223.0,,,0.04,528.95,,,0.05,206.4,,,0.06,201.13
2026-01-07 11:13:38.791000+00:00,2026-01-07 11:13:36.379535+00:00,818.791,0.99,0.99,,0.01,,0.01,3918.71,,,3918.71,0.98,894.08,,,0.97,236.0,,,0.96,498.95,,,0.95,206.4,,,0.94,207.13,,,,,0.02,906.08,,,0.03,236.0,,,0.04,498.95,,,0.05,206.4,,,0.06,207.13
2026-01-07 11:13:39.378000+00:00,2026-01-07 11:13:37.400244+00:00,819.378,0.99,0.99,,0.01,,0.01,5042.71,,,5042.71,0.98,432.08,,,0.97,236.0,,,0.96,498.95,,,0.95,206.4,,,0.94,207.13,,,,,0.02,432.08,,,0.03,236.0,,,0.04,498.95,,,0.05,206.4,,,0.06,207.13
2026-01-07 11:13:40.833000+00:00,2026-01-07 11:13:38.408526+00:00,820.833,0.99,0.99,,0.01,,0.01,4986.61,,,4986.61,0.98,432.08,,,0.97,236.0,,,0.96,498.95,,,0.95,206.4,,,0.94,207.13,,,,,0.02,432.08,,,0.03,236.0,,,0.04,498.95,,,0.05,206.4,,,0.06,207.13
2026-01-07 11:13:41.696000+00:00,2026-01-07 11:13:39.415777+00:00,821.696,0.99,0.99,,0.01,,0.01,4986.61,,,4986.61,0.98,432.08,,,0.97,236.0,,,0.96,498.95,,,0.95,206.4,,,0.94,212.13,,,,,0.02,432.08,,,0.03,236.0,,,0.04,498.95,,,0.05,206.4,,,0.06,212.13
2026-01-07 11:13:42.840000+00:00,2026-01-07 11:13:41.427277+00:00,822.84,0.99,0.99,,0.01,,0.01,5520.75,,,5520.75,0.98,432.08,,,0.97,236.0,,,0.96,498.95,,,0.95,206.4,,,0.94,212.13,,,,,0.02,432.08,,,0.03,236.0,,,0.04,498.95,,,0.05,206.4,,,0.06,212.13
2026-01-07 11:13:44.187000+00:00,2026-01-07 11:13:42.452336+00:00,824.187,0.99,0.99,,0.01,,0.01,5520.75,,,5520.75,0.98,432.08,,,0.97,236.0,,,0.96,550.95,,,0.95,206.4,,,0.94,212.13,,,,,0.02,432.08,,,0.03,236.0,,,0.04,550.95,,,0.05,206.4,,,0.06,212.13
2026-01-07 11:13:45.911000+00:00,2026-01-07 11:13:45.478530+00:00,825.911,0.99,0.99,,0.01,,0.01,5515.6,,,5515.6,0.98,432.08,,,0.97,236.0,,,0.96,517.05,,,0.95,179.0,,,0.94,189.13,,,,,0.02,432.08,,,0.03,236.0,,,0.04,517.05,,,0.05,179.0,,,0.06,189.13
2026-01-07 11:13:48.311000+00:00,2026-01-07 11:13:46.481900+00:00,828.311,0.99,0.99,,0.01,,0.01,6265.6,,,6265.6,0.98,432.08,,,0.97,166.0,,,0.96,447.05,,,0.95,109.0,,,0.94,119.13,,,,,0.02,432.08,,,0.03,166.0,,,0.04,447.05,,,0.05,109.0,,,0.06,119.13
2026-01-07 11:13:49.286000+00:00,2026-01-07 11:13:48.508863+00:00,829.286,0.99,0.99,,0.01,,0.01,6515.6,,,6515.6,0.98,432.08,,,0.97,166.0,,,0.96,447.05,,,0.95,109.0,,,0.94,119.13,,,,,0.02,432.08,,,0.03,166.0,,,0.04,447.05,,,0.05,109.0,,,0.06,119.13
2026-01-07 11:13:51.129000+00:00,2026-01-07 11:13:49.513696+00:00,831.129,0.99,0.99,,0.01,,0.01,7515.6,,,7515.6,0.98,432.08,,,0.97,166.0,,,0.96,447.05,,,0.95,109.0,,,0.94,119.13,,,,,0.02,432.08,,,0.03,166.0,,,0.04,447.05,,,0.05,109.0,,,0.06,119.13
2026-01-07 11:13:52.537000+00:00,2026-01-07 11:13:51.523265+00:00,832.537,0.99,0.99,,0.01,,0.01,7515.6,,,7515.6,0.98,232.08,,,0.97,166.0,,,0.96,447.05,,,0.95,109.0,,,0.94,119.13,,,,,0.02,232.08,,,0.03,166.0,,,0.04,447.05,,,0.05,109.0,,,0.06,119.13
2026-01-07 11:13:54.959000+00:00,2026-01-07 11:13:52.531513+00:00,834.959,0.99,0.99,,0.01,,0.01,7515.6,,,7717.62,0.98,232.08,,,0.97,166.0,,,0.96,499.05,,,0.95,109.0,,,0.94,119.13,,,,,0.02,232.08,,,0.03,236.0,,,0.04,569.05,,,0.05,179.0,,,0.06,189.13
2026-01-07 11:13:55.464000+00:00,2026-01-07 11:13:53.531573+00:00,835.464,0.99,0.99,,0.01,,0.01,7717.62,,,7717.62,0.98,232.08,,,0.97,236.0,,,0.96,569.05,,,0.95,179.0,,,0.94,189.13,,,,,0.02,232.08,,,0.03,236.0,,,0.04,569.05,,,0.05,179.0,,,0.06,189.13
2026-01-07 11:13:56.474000+00:00,2026-01-07 11:13:54.536555+00:00,836.474,0.99,0.99,,0.01,,0.01,7717.62,,,7717.62,0.98,232.08,,,0.97,236.0,,,0.96,569.05,,,0.95,179.0,,,0.94,189.13,,,,,0.02,232.08,,,0.03,236.0,,,0.04,569.05,,,0.05,179.0,,,0.06,189.13
2026-01-07 11:13:57.979000+00:00,2026-01-07 11:13:55.561466+00:00,837.979,0.99,0.99,,0.01,,0.01,7717.62,,,7682.62,0.98,232.08,,,0.97,236.0,,,0.96,569.05,,,0.95,179.0,,,0.94,189.13,,,,,0.02,222.08,,,0.03,201.0,,,0.04,534.05,,,0.05,144.0,,,0.06,189.13
2026-01-07 11:13:58.978000+00:00,2026-01-07 11:13:56.583208+00:00,838.978,0.99,0.99,,0.01,,0.01,7710.34,,,7710.34,0.98,232.08,,,0.97,236.0,,,0.96,569.05,,,0.95,179.0,,,0.94,189.13,,,,,0.02,232.08,,,0.03,236.0,,,0.04,569.05,,,0.05,179.0,,,0.06,189.13
2026-01-07 11:13:59.983000+00:00,2026-01-07 11:13:58.594478+00:00,839.983,0.99,0.99,,0.01,,0.01,7833.32,,,7833.32,0.98,232.08,,,0.97,236.0,,,0.96,569.05,,,0.95,179.0,,,0.94,189.13,,,,,0.02,232.08,,,0.03,236.0,,,0.04,569.05,,,0.05,179.0,,,0.06,189.13
2026-01-07 11:14:01.406000+00:00,2026-01-07 11:13:59.601463+00:00,841.406,0.99,0.99,,0.01,,0.01,7838.32,,,7838.32,0.98,232.08,,,0.97,236.0,,,0.96,569.05,,,0.95,179.0,,,0.94,189.13,,,,,0.02,232.08,,,0.03,236.0,,,0.04,569.05,,,0.05,179.0,,,0.06,189.13
2026-01-07 11:14:02.800000+00:00,2026-01-07 11:14:01.634415+00:00,842.8,0.99,0.99,,0.01,,0.01,7938.32,,,7938.32,0.98,232.08,,,0.97,236.0,,,0.96,569.05,,,0.95,179.0,,,0.94,189.13,,,,,0.02,232.08,,,0.03,236.0,,,0.04,569.05,,,0.05,179.0,,,0.06,189.13
2026-01-07 11:14:04.375000+00:00,2026-01-07 11:14:02.642478+00:00,844.375,0.99,0.99,,0.01,,0.01,7938.32,,,7938.32,0.98,232.08,,,0.97,236.0,,,0.96,621.05,,,0.95,179.0,,,0.94,189.13,,,,,0.02,232.08,,,0.03,236.0,,,0.04,621.05,,,0.05,179.0,,,0.06,183.13
2026-01-07 11:14:05.940000+00:00,2026-01-07 11:14:04.667789+00:00,845.94,0.99,0.99,,0.01,,0.01,7938.32,,,7938.32,0.98,232.08,,,0.97,236.0,,,0.96,621.05,,,0.95,179.0,,,0.94,183.13,,,,,0.02,232.08,,,0.03,236.0,,,0.04,621.05,,,0.05,179.0,,,0.06,183.13
2026-01-07 11:14:07.864000+00:00,2026-01-07 11:14:07.695784+00:00,847.864,0.99,0.99,,0.01,,0.01,7983.32,,,8983.32,0.98,232.08,,,0.97,236.0,,,0.96,621.05,,,0.95,179.0,,,0.94,183.13,,,,,0.02,232.08,,,0.03,236.0,,,0.04,621.05,,,0.05,179.0,,,0.06,183.13
2026-01-07 11:14:10.931000+00:00,2026-01-07 11:14:10.695141+00:00,850.931,0.99,0.99,,0.01,,0.01,9084.33,,,9084.33,0.98,232.08,,,0.97,236.0,,,0.96,621.05,,,0.95,179.0,,,0.94,183.13,,,,,0.02,232.08,,,0.03,236.0,,,0.04,621.05,,,0.05,179.0,,,0.06,183.13
2026-01-07 11:14:14.084000+00:00,2026-01-07 11:14:12.708515+00:00,854.084,0.99,0.99,,0.01,,0.01,9084.33,,,9084.33,0.98,232.08,,,0.97,166.0,,,0.96,551.05,,,0.95,109.0,,,0.94,113.13,,,,,0.02,232.08,,,0.03,166.0,,,0.04,551.05,,,0.05,109.0,,,0.06,113.13
2026-01-07 11:14:15.752000+00:00,2026-01-07 11:14:13.712482+00:00,855.752,0.99,0.99,,0.01,,0.01,9194.33,,,9194.33,0.98,232.08,,,0.97,166.0,,,0.96,603.05,,,0.95,109.0,,,0.94,113.13,,,,,0.02,232.08,,,0.03,166.0,,,0.04,603.05,,,0.05,109.0,,,0.06,113.13
2026-01-07 11:14:17.416000+00:00,2026-01-07 11:14:15.733512+00:00,857.416,0.99,0.99,,0.01,,0.01,11234.33,,,11244.33,0.98,232.08,,,0.97,166.0,,,0.96,603.05,,,0.95,109.0,,,0.94,113.13,,,,,0.02,232.08,,,0.03,166.0,,,0.04,603.05,,,0.05,109.0,,,0.06,113.13
2026-01-07 11:14:19.437000+00:00,2026-01-07 11:14:17.754905+00:00,859.437,0.99,0.99,,0.01,,0.01,12062.41,,,12062.41,0.98,232.08,,,0.97,166.0,,,0.96,603.05,,,0.95,109.0,,,0.94,113.13,,,,,0.02,232.08,,,0.03,166.0,,,0.04,603.05,,,0.05,109.0,,,0.06,113.13
2026-01-07 11:14:21.664000+00:00,2026-01-07 11:14:22.816379+00:00,861.664,0.99,0.99,,0.01,,0.01,12521.82,,,12521.82,0.98,232.08,,,0.97,166.0,,,0.96,603.05,,,0.95,109.0,,,0.94,113.13,,,,,0.02,232.08,,,0.03,166.0,,,0.04,603.05,,,0.05,109.0,,,0.06,113.13
2026-01-07 11:14:25.723000+00:00,2026-01-07 11:14:26.849948+00:00,865.723,0.99,0.99,,0.01,,0.01,12521.82,,,12521.82,0.98,232.08,,,0.97,166.0,,,0.96,655.05,,,0.95,109.0,,,0.94,113.13,,,,,0.02,232.08,,,0.03,166.0,,,0.04,655.05,,,0.05,109.0,,,0.06,113.13
2026-01-07 11:14:30.802000+00:00,2026-01-07 11:14:28.861759+00:00,870.802,0.99,0.99,,0.01,,0.01,12571.82,,,12571.82,0.98,232.08,,,0.97,166.0,,,0.96,655.05,,,0.95,109.0,,,0.94,113.13,,,,,0.02,232.08,,,0.03,166.0,,,0.04,655.05,,,0.05,109.0,,,0.06,113.13
2026-01-07 11:14:32.238000+00:00,2026-01-07 11:14:30.873697+00:00,872.238,0.99,0.99,,0.01,,0.01,12567.07,,,12567.07,0.98,232.08,,,0.97,131.0,,,0.96,655.05,,,0.95,109.0,,,0.94,113.13,,,,,0.02,232.08,,,0.03,131.0,,,0.04,655.05,,,0.05,109.0,,,0.06,113.13
2026-01-07 11:14:33.648000+00:00,2026-01-07 11:14:32.895484+00:00,873.648,0.99,0.99,,0.01,,0.01,12967.07,,,12967.07,0.98,232.08,,,0.97,160.0,,,0.96,660.05,,,0.95,109.0,,,0.94,113.13,,,,,0.02,232.08,,,0.03,160.0,,,0.04,712.05,,,0.05,109.0,,,0.06,113.13
2026-01-07 11:14:36.086000+00:00,2026-01-07 11:14:34.911876+00:00,876.086,0.99,0.99,,0.01,,0.01,12967.07,,,12967.07,0.98,232.08,,,0.97,160.0,,,0.96,712.05,,,0.95,109.0,,,0.94,113.13,,,,,0.02,232.08,,,0.03,160.0,,,0.04,712.05,,,0.05,109.0,,,0.06,113.13
2026-01-07 11:14:38.044000+00:00,2026-01-07 11:14:36.939613+00:00,878.044,0.99,0.99,,0.01,,0.01,12977.17,,,12977.17,0.98,232.08,,,0.97,160.0,,,0.96,712.05,,,0.95,109.0,,,0.94,113.13,,,,,0.02,232.08,,,0.03,160.0,,,0.04,712.05,,,0.05,109.0,,,0.06,113.13
2026-01-07 11:14:39.927000+00:00,2026-01-07 11:14:38.953460+00:00,879.927,0.99,0.99,,0.01,,0.01,12978.05,,,12978.05,0.98,232.08,,,0.97,160.0,,,0.96,712.05,,,0.95,109.0,,,0.94,113.13,,,,,0.02,232.08,,,0.03,160.0,,,0.04,712.05,,,0.05,109.0,,,0.06,113.13
2026-01-07 11:14:41.635000+00:00,2026-01-07 11:14:39.961282+00:00,881.635,0.99,0.99,,0.01,,0.01,12978.05,,,12978.05,0.98,226.08,,,0.97,165.0,,,0.96,712.05,,,0.95,109.0,,,0.94,113.13,,,,,0.02,226.08,,,0.03,165.0,,,0.04,712.05,,,0.05,109.0,,,0.06,113.13
2026-01-07 11:14:43.316000+00:00,2026-01-07 11:14:40.981562+00:00,883.316,0.99,0.99,,0.01,,0.01,12978.05,,,12978.05,0.98,226.08,,,0.97,165.0,,,0.96,712.05,,,0.95,109.0,,,0.94,113.13,,,,,0.02,226.08,,,0.03,165.0,,,0.04,712.05,,,0.05,109.0,,,0.06,113.13
2026-01-07 11:14:44.092000+00:00,2026-01-07 11:14:41.987916+00:00,884.092,0.99,0.99,,0.01,,0.01,12978.05,,,12978.05,0.98,226.08,,,0.97,165.0,,,0.96,712.05,,,0.95,114.0,,,0.94,113.13,,,,,0.02,226.08,,,0.03,165.0,,,0.04,712.05,,,0.05,109.0,,,0.06,113.13
2026-01-07 11:14:45.095000+00:00,2026-01-07 11:14:42.988033+00:00,885.095,0.99,0.99,,0.01,,0.01,12943.05,,,12943.05,0.98,216.08,,,0.97,130.0,,,0.96,677.05,,,0.95,74.0,,,0.94,113.13,,,,,0.02,216.08,,,0.03,130.0,,,0.04,677.05,,,0.05,74.0,,,0.06,113.13
2026-01-07 11:14:46.383000+00:00,2026-01-07 11:14:43.996684+00:00,886.383,0.99,0.99,,0.01,,0.01,12504.05,,,12504.05,0.98,216.08,,,0.97,130.0,,,0.96,729.05,,,0.95,74.0,,,0.94,113.13,,,,,0.02,216.08,,,0.03,130.0,,,0.04,729.05,,,0.05,74.0,,,0.06,113.13
2026-01-07 11:14:47.943000+00:00,2026-01-07 11:14:46.026626+00:00,887.943,0.99,0.99,,0.01,,0.01,12554.05,,,12604.05,0.98,216.08,,,0.97,130.0,,,0.96,729.05,,,0.95,99.0,,,0.94,113.13,,,,,0.02,216.08,,,0.03,130.0,,,0.04,729.05,,,0.05,99.0,,,0.06,113.13
2026-01-07 11:14:48.488000+00:00,2026-01-07 11:14:48.057777+00:00,888.488,0.99,0.99,,0.01,,0.01,12604.05,,,12604.05,0.98,216.08,,,0.97,130.0,,,0.96,729.05,,,0.95,99.0,,,0.94,113.13,,,,,0.02,216.08,,,0.03,130.0,,,0.04,729.05,,,0.05,99.0,,,0.06,113.13
2026-01-07 11:14:51.486000+00:00,2026-01-07 11:14:49.064012+00:00,891.486,0.99,0.99,,0.01,,0.01,12604.05,,,12604.05,0.98,210.08,,,0.97,130.0,,,0.96,729.05,,,0.95,99.0,,,0.94,113.13,,,,,0.02,210.08,,,0.03,135.0,,,0.04,729.05,,,0.05,99.0,,,0.06,113.13
2026-01-07 11:14:52.943000+00:00,2026-01-07 11:14:51.076694+00:00,892.943,0.99,0.99,,0.01,,0.01,12714.05,,,12714.05,0.98,210.08,,,0.97,135.0,,,0.96,729.05,,,0.95,99.0,,,0.94,113.13,,,,,0.02,210.08,,,0.03,135.0,,,0.04,729.05,,,0.05,99.0,,,0.06,113.13
2026-01-07 11:14:54.419000+00:00,2026-01-07 11:14:52.083853+00:00,894.419,0.99,0.99,,0.01,,0.01,12774.05,,,12774.05,0.98,210.08,,,0.97,135.0,,,0.96,729.05,,,0.95,99.0,,,0.94,113.13,,,,,0.02,210.08,,,0.03,135.0,,,0.04,729.05,,,0.05,99.0,,,0.06,113.13
2026-01-07 11:14:55.250000+00:00,2026-01-07 11:14:53.090811+00:00,895.25,0.99,0.99,,0.01,,0.01,12945.05,,,12945.05,0.98,205.08,,,0.97,101.0,,,0.96,724.05,,,0.95,99.0,,,0.94,113.13,,,,,0.02,205.08,,,0.03,101.0,,,0.04,724.05,,,0.05,99.0,,,0.06,113.13
2026-01-07 11:14:56.194000+00:00,2026-01-07 11:14:54.099888+00:00,896.194,0.99,0.99,,0.01,,0.01,13648.96,,,14405.96,0.98,225.48,,,0.97,101.0,,,0.96,724.05,,,0.95,50.0,,,0.94,113.13,,,,,0.02,225.48,,,0.03,101.0,,,0.04,724.05,,,0.05,50.0,,,0.06,113.13
2026-01-07 11:14:57.131000+00:00,2026-01-07 11:14:55.120097+00:00,897.131,0.99,0.99,,0.01,,0.01,14405.62,,,14410.62,0.98,225.48,,,0.97,101.0,,,0.96,724.05,,,0.95,50.0,,,0.94,113.13,,,,,0.02,225.48,,,0.03,101.0,,,0.04,724.05,,,0.05,50.0,,,0.06,113.13
2026-01-07 11:14:58.499000+00:00,2026-01-07 11:14:56.128798+00:00,898.499,0.99,0.99,,0.01,,0.01,15425.62,,,15425.62,0.98,225.48,,,0.97,101.0,,,0.96,724.05,,,0.95,50.0,,,0.94,113.13,,,,,0.02,225.48,,,0.03,101.0,,,0.04,724.05,,,0.05,50.0,,,0.06,113.13
2026-01-07 11:14:59.436000+00:00,2026-01-07 11:14:57.133174+00:00,899.436,0.99,0.99,,0.01,,0.01,19077.93,,,19327.93,0.98,225.48,,,0.97,101.0,,,0.96,776.05,,,0.95,35.0,,,0.94,113.13,,,,,0.02,225.48,,,0.03,101.0,,,0.04,776.05,,,0.05,35.0,,,0.06,113.13
